equipment,geography,fuel_included,origin,destination,rate
flatbeds,region,False,Origin - New England,Dest - New England,3.53
flatbeds,region,False,Origin - New England,Upper Atlantic,2.57
flatbeds,region,False,Origin - New England,Lower Atlantic,1.98
flatbeds,region,False,Origin - New England,Carolinas,1.42
flatbeds,region,False,Origin - New England,Florida-So Georgia,1.59
flatbeds,region,False,Origin - New England,Southeast,1.49
flatbeds,region,False,Origin - New England,Ohio River,1.6
flatbeds,region,False,Origin - New England,Great Lakes,1.49
flatbeds,region,False,Origin - New England,Upper Midwest,1.66
flatbeds,region,False,Origin - New England,Lower Midwest,1.52
flatbeds,region,False,Origin - New England,South Central,1.61
flatbeds,region,False,Origin - New England,Upper Mountain,1.77
flatbeds,region,False,Origin - New England,Lower Mountain,1.63
flatbeds,region,False,Origin - New England,California,1.6
flatbeds,region,False,Origin - New England,Pacific Northwest,1.61
flatbeds,region,False,Origin - New England,Canada Central,2.68
flatbeds,region,False,Upper Atlantic,Dest - New England,3.58
flatbeds,region,False,Upper Atlantic,Upper Atlantic,3.75
flatbeds,region,False,Upper Atlantic,Lower Atlantic,3.16
flatbeds,region,False,Upper Atlantic,Carolinas,1.8
flatbeds,region,False,Upper Atlantic,Florida-So Georgia,1.89
flatbeds,region,False,Upper Atlantic,Southeast,1.62
flatbeds,region,False,Upper Atlantic,Ohio River,1.96
flatbeds,region,False,Upper Atlantic,Great Lakes,1.89
flatbeds,region,False,Upper Atlantic,Upper Midwest,1.86
flatbeds,region,False,Upper Atlantic,Lower Midwest,1.74
flatbeds,region,False,Upper Atlantic,South Central,1.52
flatbeds,region,False,Upper Atlantic,Upper Mountain,1.79
flatbeds,region,False,Upper Atlantic,Lower Mountain,1.74
flatbeds,region,False,Upper Atlantic,California,1.51
flatbeds,region,False,Upper Atlantic,Pacific Northwest,1.54
flatbeds,region,False,Upper Atlantic,Canada East,3.11
flatbeds,region,False,Upper Atlantic,Canada Central,2.14
flatbeds,region,False,Upper Atlantic,Canada West,1.76
flatbeds,region,False,Lower Atlantic,Dest - New England,3.34
flatbeds,region,False,Lower Atlantic,Upper Atlantic,3.3
flatbeds,region,False,Lower Atlantic,Lower Atlantic,3.34
flatbeds,region,False,Lower Atlantic,Carolinas,2.29
flatbeds,region,False,Lower Atlantic,Florida-So Georgia,1.98
flatbeds,region,False,Lower Atlantic,Southeast,1.81
flatbeds,region,False,Lower Atlantic,Ohio River,2.21
flatbeds,region,False,Lower Atlantic,Great Lakes,1.95
flatbeds,region,False,Lower Atlantic,Upper Midwest,1.93
flatbeds,region,False,Lower Atlantic,Lower Midwest,1.79
flatbeds,region,False,Lower Atlantic,South Central,1.59
flatbeds,region,False,Lower Atlantic,Upper Mountain,1.95
flatbeds,region,False,Lower Atlantic,Lower Mountain,1.92
flatbeds,region,False,Lower Atlantic,California,1.63
flatbeds,region,False,Lower Atlantic,Pacific Northwest,1.56
flatbeds,region,False,Lower Atlantic,Canada Central,2.13
flatbeds,region,False,Carolinas,Dest - New England,2.68
flatbeds,region,False,Carolinas,Upper Atlantic,2.75
flatbeds,region,False,Carolinas,Lower Atlantic,2.93
flatbeds,region,False,Carolinas,Carolinas,3.57
flatbeds,region,False,Carolinas,Florida-So Georgia,2.36
flatbeds,region,False,Carolinas,Southeast,2.24
flatbeds,region,False,Carolinas,Ohio River,2.07
flatbeds,region,False,Carolinas,Great Lakes,2.0
flatbeds,region,False,Carolinas,Upper Midwest,2.1
flatbeds,region,False,Carolinas,Lower Midwest,1.81
flatbeds,region,False,Carolinas,South Central,1.71
flatbeds,region,False,Carolinas,Upper Mountain,1.63
flatbeds,region,False,Carolinas,Lower Mountain,1.9
flatbeds,region,False,Carolinas,California,1.67
flatbeds,region,False,Carolinas,Pacific Northwest,1.91
flatbeds,region,False,Carolinas,Canada Central,1.87
flatbeds,region,False,Carolinas,Canada West,1.67
flatbeds,region,False,Florida-So Georgia,Dest - New England,1.93
flatbeds,region,False,Florida-So Georgia,Upper Atlantic,1.84
flatbeds,region,False,Florida-So Georgia,Lower Atlantic,1.95
flatbeds,region,False,Florida-So Georgia,Carolinas,1.82
flatbeds,region,False,Florida-So Georgia,Florida-So Georgia,2.47
flatbeds,region,False,Florida-So Georgia,Southeast,1.68
flatbeds,region,False,Florida-So Georgia,Ohio River,1.66
flatbeds,region,False,Florida-So Georgia,Great Lakes,1.58
flatbeds,region,False,Florida-So Georgia,Upper Midwest,1.57
flatbeds,region,False,Florida-So Georgia,Lower Midwest,1.64
flatbeds,region,False,Florida-So Georgia,South Central,1.53
flatbeds,region,False,Florida-So Georgia,Upper Mountain,1.57
flatbeds,region,False,Florida-So Georgia,Lower Mountain,1.71
flatbeds,region,False,Florida-So Georgia,California,1.65
flatbeds,region,False,Florida-So Georgia,Pacific Northwest,1.49
flatbeds,region,False,Florida-So Georgia,Canada Central,1.54
flatbeds,region,False,Florida-So Georgia,Canada West,1.46
flatbeds,region,False,Southeast,Dest - New England,2.56
flatbeds,region,False,Southeast,Upper Atlantic,2.45
flatbeds,region,False,Southeast,Lower Atlantic,2.56
flatbeds,region,False,Southeast,Carolinas,2.57
flatbeds,region,False,Southeast,Florida-So Georgia,2.61
flatbeds,region,False,Southeast,Southeast,2.94
flatbeds,region,False,Southeast,Ohio River,2.48
flatbeds,region,False,Southeast,Great Lakes,2.19
flatbeds,region,False,Southeast,Upper Midwest,2.17
flatbeds,region,False,Southeast,Lower Midwest,2.24
flatbeds,region,False,Southeast,South Central,2.14
flatbeds,region,False,Southeast,Upper Mountain,2.06
flatbeds,region,False,Southeast,Lower Mountain,2.27
flatbeds,region,False,Southeast,California,1.83
flatbeds,region,False,Southeast,Pacific Northwest,1.77
flatbeds,region,False,Southeast,Canada Central,1.63
flatbeds,region,False,Southeast,Canada West,1.64
flatbeds,region,False,Ohio River,Dest - New England,2.88
flatbeds,region,False,Ohio River,Upper Atlantic,3.1
flatbeds,region,False,Ohio River,Lower Atlantic,3.07
flatbeds,region,False,Ohio River,Carolinas,2.54
flatbeds,region,False,Ohio River,Florida-So Georgia,2.4
flatbeds,region,False,Ohio River,Southeast,2.47
flatbeds,region,False,Ohio River,Ohio River,3.27
flatbeds,region,False,Ohio River,Great Lakes,2.88
flatbeds,region,False,Ohio River,Upper Midwest,2.56
flatbeds,region,False,Ohio River,Lower Midwest,2.72
flatbeds,region,False,Ohio River,South Central,2.07
flatbeds,region,False,Ohio River,Upper Mountain,2.17
flatbeds,region,False,Ohio River,Lower Mountain,2.34
flatbeds,region,False,Ohio River,California,1.71
flatbeds,region,False,Ohio River,Pacific Northwest,1.85
flatbeds,region,False,Ohio River,Canada Central,2.43
flatbeds,region,False,Ohio River,Canada West,1.74
flatbeds,region,False,Great Lakes,Dest - New England,2.71
flatbeds,region,False,Great Lakes,Upper Atlantic,2.89
flatbeds,region,False,Great Lakes,Lower Atlantic,2.81
flatbeds,region,False,Great Lakes,Carolinas,2.16
flatbeds,region,False,Great Lakes,Florida-So Georgia,2.11
flatbeds,region,False,Great Lakes,Southeast,2.06
flatbeds,region,False,Great Lakes,Ohio River,2.92
flatbeds,region,False,Great Lakes,Great Lakes,3.11
flatbeds,region,False,Great Lakes,Upper Midwest,2.87
flatbeds,region,False,Great Lakes,Lower Midwest,2.51
flatbeds,region,False,Great Lakes,South Central,1.77
flatbeds,region,False,Great Lakes,Upper Mountain,2.1
flatbeds,region,False,Great Lakes,Lower Mountain,2.13
flatbeds,region,False,Great Lakes,California,1.74
flatbeds,region,False,Great Lakes,Pacific Northwest,1.88
flatbeds,region,False,Great Lakes,Canada Central,2.08
flatbeds,region,False,Great Lakes,Canada West,1.44
flatbeds,region,False,Upper Midwest,Dest - New England,2.22
flatbeds,region,False,Upper Midwest,Upper Atlantic,2.2
flatbeds,region,False,Upper Midwest,Lower Atlantic,2.02
flatbeds,region,False,Upper Midwest,Carolinas,1.87
flatbeds,region,False,Upper Midwest,Florida-So Georgia,1.87
flatbeds,region,False,Upper Midwest,Southeast,1.7
flatbeds,region,False,Upper Midwest,Ohio River,1.88
flatbeds,region,False,Upper Midwest,Great Lakes,2.23
flatbeds,region,False,Upper Midwest,Upper Midwest,2.86
flatbeds,region,False,Upper Midwest,Lower Midwest,2.31
flatbeds,region,False,Upper Midwest,South Central,1.8
flatbeds,region,False,Upper Midwest,Upper Mountain,2.48
flatbeds,region,False,Upper Midwest,Lower Mountain,2.53
flatbeds,region,False,Upper Midwest,California,2.01
flatbeds,region,False,Upper Midwest,Pacific Northwest,2.1
flatbeds,region,False,Upper Midwest,Canada Central,1.33
flatbeds,region,False,Upper Midwest,Canada West,1.96
flatbeds,region,False,Lower Midwest,Dest - New England,2.25
flatbeds,region,False,Lower Midwest,Upper Atlantic,2.08
flatbeds,region,False,Lower Midwest,Lower Atlantic,2.12
flatbeds,region,False,Lower Midwest,Carolinas,2.18
flatbeds,region,False,Lower Midwest,Florida-So Georgia,2.05
flatbeds,region,False,Lower Midwest,Southeast,1.84
flatbeds,region,False,Lower Midwest,Ohio River,2.04
flatbeds,region,False,Lower Midwest,Great Lakes,1.95
flatbeds,region,False,Lower Midwest,Upper Midwest,2.62
flatbeds,region,False,Lower Midwest,Lower Midwest,3.0
flatbeds,region,False,Lower Midwest,South Central,2.0
flatbeds,region,False,Lower Midwest,Upper Mountain,2.55
flatbeds,region,False,Lower Midwest,Lower Mountain,2.65
flatbeds,region,False,Lower Midwest,California,1.91
flatbeds,region,False,Lower Midwest,Pacific Northwest,1.99
flatbeds,region,False,Lower Midwest,Canada Central,1.76
flatbeds,region,False,Lower Midwest,Canada West,1.5
flatbeds,region,False,South Central,Dest - New England,1.9
flatbeds,region,False,South Central,Upper Atlantic,1.84
flatbeds,region,False,South Central,Lower Atlantic,1.94
flatbeds,region,False,South Central,Carolinas,1.86
flatbeds,region,False,South Central,Florida-So Georgia,1.88
flatbeds,region,False,South Central,Southeast,1.81
flatbeds,region,False,South Central,Ohio River,1.82
flatbeds,region,False,South Central,Great Lakes,1.75
flatbeds,region,False,South Central,Upper Midwest,2.15
flatbeds,region,False,South Central,Lower Midwest,2.23
flatbeds,region,False,South Central,South Central,2.45
flatbeds,region,False,South Central,Upper Mountain,2.17
flatbeds,region,False,South Central,Lower Mountain,2.32
flatbeds,region,False,South Central,California,1.84
flatbeds,region,False,South Central,Pacific Northwest,1.83
flatbeds,region,False,South Central,Canada Central,1.51
flatbeds,region,False,South Central,Canada West,1.47
flatbeds,region,False,Upper Mountain,Dest - New England,1.66
flatbeds,region,False,Upper Mountain,Upper Atlantic,1.61
flatbeds,region,False,Upper Mountain,Lower Atlantic,1.56
flatbeds,region,False,Upper Mountain,Carolinas,1.53
flatbeds,region,False,Upper Mountain,Florida-So Georgia,1.51
flatbeds,region,False,Upper Mountain,Southeast,1.42
flatbeds,region,False,Upper Mountain,Ohio River,1.65
flatbeds,region,False,Upper Mountain,Great Lakes,1.44
flatbeds,region,False,Upper Mountain,Upper Midwest,1.73
flatbeds,region,False,Upper Mountain,Lower Midwest,1.57
flatbeds,region,False,Upper Mountain,South Central,1.49
flatbeds,region,False,Upper Mountain,Upper Mountain,2.45
flatbeds,region,False,Upper Mountain,Lower Mountain,2.39
flatbeds,region,False,Upper Mountain,California,2.27
flatbeds,region,False,Upper Mountain,Pacific Northwest,1.88
flatbeds,region,False,Upper Mountain,Canada Central,2.22
flatbeds,region,False,Upper Mountain,Canada West,1.8
flatbeds,region,False,Lower Mountain,Dest - New England,1.55
flatbeds,region,False,Lower Mountain,Upper Atlantic,1.55
flatbeds,region,False,Lower Mountain,Lower Atlantic,1.33
flatbeds,region,False,Lower Mountain,Carolinas,1.47
flatbeds,region,False,Lower Mountain,Florida-So Georgia,1.46
flatbeds,region,False,Lower Mountain,Southeast,1.36
flatbeds,region,False,Lower Mountain,Ohio River,1.44
flatbeds,region,False,Lower Mountain,Great Lakes,1.29
flatbeds,region,False,Lower Mountain,Upper Midwest,1.77
flatbeds,region,False,Lower Mountain,Lower Midwest,1.46
flatbeds,region,False,Lower Mountain,South Central,1.4
flatbeds,region,False,Lower Mountain,Upper Mountain,2.15
flatbeds,region,False,Lower Mountain,Lower Mountain,2.16
flatbeds,region,False,Lower Mountain,California,1.73
flatbeds,region,False,Lower Mountain,Pacific Northwest,1.69
flatbeds,region,False,Lower Mountain,Canada Central,1.49
flatbeds,region,False,Lower Mountain,Canada West,1.79
flatbeds,region,False,California,Dest - New England,1.54
flatbeds,region,False,California,Upper Atlantic,1.55
flatbeds,region,False,California,Lower Atlantic,1.55
flatbeds,region,False,California,Carolinas,1.69
flatbeds,region,False,California,Florida-So Georgia,1.54
flatbeds,region,False,California,Southeast,1.42
flatbeds,region,False,California,Ohio River,1.54
flatbeds,region,False,California,Great Lakes,1.58
flatbeds,region,False,California,Upper Midwest,1.58
flatbeds,region,False,California,Lower Midwest,1.67
flatbeds,region,False,California,South Central,1.55
flatbeds,region,False,California,Upper Mountain,2.65
flatbeds,region,False,California,Lower Mountain,2.51
flatbeds,region,False,California,California,2.47
flatbeds,region,False,California,Pacific Northwest,1.87
flatbeds,region,False,California,Canada Central,1.08
flatbeds,region,False,California,Canada West,1.72
flatbeds,region,False,Pacific Northwest,Dest - New England,1.61
flatbeds,region,False,Pacific Northwest,Upper Atlantic,1.62
flatbeds,region,False,Pacific Northwest,Lower Atlantic,1.44
flatbeds,region,False,Pacific Northwest,Carolinas,1.47
flatbeds,region,False,Pacific Northwest,Florida-So Georgia,1.57
flatbeds,region,False,Pacific Northwest,Southeast,1.48
flatbeds,region,False,Pacific Northwest,Ohio River,1.58
flatbeds,region,False,Pacific Northwest,Great Lakes,1.53
flatbeds,region,False,Pacific Northwest,Upper Midwest,1.85
flatbeds,region,False,Pacific Northwest,Lower Midwest,1.68
flatbeds,region,False,Pacific Northwest,South Central,1.54
flatbeds,region,False,Pacific Northwest,Upper Mountain,2.97
flatbeds,region,False,Pacific Northwest,Lower Mountain,2.44
flatbeds,region,False,Pacific Northwest,California,2.24
flatbeds,region,False,Pacific Northwest,Pacific Northwest,3.53
flatbeds,region,False,Pacific Northwest,Canada West,2.57
flatbeds,region,False,Canada East,Canada Central,1.91
flatbeds,region,False,Canada Central,Dest - New England,3.72
flatbeds,region,False,Canada Central,Upper Atlantic,3.35
flatbeds,region,False,Canada Central,Lower Atlantic,3.1
flatbeds,region,False,Canada Central,Carolinas,2.62
flatbeds,region,False,Canada Central,Florida-So Georgia,2.24
flatbeds,region,False,Canada Central,Southeast,2.14
flatbeds,region,False,Canada Central,Ohio River,2.53
flatbeds,region,False,Canada Central,Great Lakes,2.75
flatbeds,region,False,Canada Central,Upper Midwest,2.78
flatbeds,region,False,Canada Central,Lower Midwest,2.31
flatbeds,region,False,Canada Central,South Central,2.2
flatbeds,region,False,Canada Central,Lower Mountain,2.06
flatbeds,region,False,Canada Central,California,1.87
flatbeds,region,False,Canada Central,Pacific Northwest,1.81
flatbeds,region,False,Canada Central,Canada East,2.14
flatbeds,region,False,Canada Central,Canada Central,3.0
flatbeds,region,False,Canada Central,Canada West,1.87
flatbeds,region,False,Canada West,Upper Atlantic,1.54
flatbeds,region,False,Canada West,Southeast,1.41
flatbeds,region,False,Canada West,Ohio River,1.37
flatbeds,region,False,Canada West,Great Lakes,1.6
flatbeds,region,False,Canada West,Upper Midwest,2.21
flatbeds,region,False,Canada West,South Central,1.36
flatbeds,region,False,Canada West,Upper Mountain,2.74
flatbeds,region,False,Canada West,Lower Mountain,2.39
flatbeds,region,False,Canada West,California,1.69
flatbeds,region,False,Canada West,Pacific Northwest,2.55
flatbeds,region,False,Canada West,Canada Central,1.42
flatbeds,region,False,Canada West,Canada West,2.15
flatbeds,region,True,Origin - New England,Dest - New England,3.98
flatbeds,region,True,Origin - New England,Upper Atlantic,3.02
flatbeds,region,True,Origin - New England,Lower Atlantic,2.43
flatbeds,region,True,Origin - New England,Carolinas,1.87
flatbeds,region,True,Origin - New England,Florida-So Georgia,2.04
flatbeds,region,True,Origin - New England,Southeast,1.94
flatbeds,region,True,Origin - New England,Ohio River,2.05
flatbeds,region,True,Origin - New England,Great Lakes,1.94
flatbeds,region,True,Origin - New England,Upper Midwest,2.11
flatbeds,region,True,Origin - New England,Lower Midwest,1.97
flatbeds,region,True,Origin - New England,South Central,2.06
flatbeds,region,True,Origin - New England,Upper Mountain,2.22
flatbeds,region,True,Origin - New England,Lower Mountain,2.08
flatbeds,region,True,Origin - New England,California,2.05
flatbeds,region,True,Origin - New England,Pacific Northwest,2.06
flatbeds,region,True,Origin - New England,Canada Central,3.13
flatbeds,region,True,Upper Atlantic,Dest - New England,4.03
flatbeds,region,True,Upper Atlantic,Upper Atlantic,4.2
flatbeds,region,True,Upper Atlantic,Lower Atlantic,3.61
flatbeds,region,True,Upper Atlantic,Carolinas,2.25
flatbeds,region,True,Upper Atlantic,Florida-So Georgia,2.34
flatbeds,region,True,Upper Atlantic,Southeast,2.07
flatbeds,region,True,Upper Atlantic,Ohio River,2.41
flatbeds,region,True,Upper Atlantic,Great Lakes,2.34
flatbeds,region,True,Upper Atlantic,Upper Midwest,2.31
flatbeds,region,True,Upper Atlantic,Lower Midwest,2.19
flatbeds,region,True,Upper Atlantic,South Central,1.97
flatbeds,region,True,Upper Atlantic,Upper Mountain,2.24
flatbeds,region,True,Upper Atlantic,Lower Mountain,2.19
flatbeds,region,True,Upper Atlantic,California,1.96
flatbeds,region,True,Upper Atlantic,Pacific Northwest,1.99
flatbeds,region,True,Upper Atlantic,Canada East,3.56
flatbeds,region,True,Upper Atlantic,Canada Central,2.59
flatbeds,region,True,Upper Atlantic,Canada West,2.21
flatbeds,region,True,Lower Atlantic,Dest - New England,3.79
flatbeds,region,True,Lower Atlantic,Upper Atlantic,3.75
flatbeds,region,True,Lower Atlantic,Lower Atlantic,3.79
flatbeds,region,True,Lower Atlantic,Carolinas,2.74
flatbeds,region,True,Lower Atlantic,Florida-So Georgia,2.43
flatbeds,region,True,Lower Atlantic,Southeast,2.26
flatbeds,region,True,Lower Atlantic,Ohio River,2.66
flatbeds,region,True,Lower Atlantic,Great Lakes,2.4
flatbeds,region,True,Lower Atlantic,Upper Midwest,2.38
flatbeds,region,True,Lower Atlantic,Lower Midwest,2.24
flatbeds,region,True,Lower Atlantic,South Central,2.04
flatbeds,region,True,Lower Atlantic,Upper Mountain,2.4
flatbeds,region,True,Lower Atlantic,Lower Mountain,2.37
flatbeds,region,True,Lower Atlantic,California,2.08
flatbeds,region,True,Lower Atlantic,Pacific Northwest,2.01
flatbeds,region,True,Lower Atlantic,Canada Central,2.58
flatbeds,region,True,Carolinas,Dest - New England,3.13
flatbeds,region,True,Carolinas,Upper Atlantic,3.2
flatbeds,region,True,Carolinas,Lower Atlantic,3.38
flatbeds,region,True,Carolinas,Carolinas,4.02
flatbeds,region,True,Carolinas,Florida-So Georgia,2.81
flatbeds,region,True,Carolinas,Southeast,2.69
flatbeds,region,True,Carolinas,Ohio River,2.52
flatbeds,region,True,Carolinas,Great Lakes,2.45
flatbeds,region,True,Carolinas,Upper Midwest,2.55
flatbeds,region,True,Carolinas,Lower Midwest,2.26
flatbeds,region,True,Carolinas,South Central,2.16
flatbeds,region,True,Carolinas,Upper Mountain,2.08
flatbeds,region,True,Carolinas,Lower Mountain,2.35
flatbeds,region,True,Carolinas,California,2.12
flatbeds,region,True,Carolinas,Pacific Northwest,2.36
flatbeds,region,True,Carolinas,Canada Central,2.32
flatbeds,region,True,Carolinas,Canada West,2.12
flatbeds,region,True,Florida-So Georgia,Dest - New England,2.38
flatbeds,region,True,Florida-So Georgia,Upper Atlantic,2.29
flatbeds,region,True,Florida-So Georgia,Lower Atlantic,2.4
flatbeds,region,True,Florida-So Georgia,Carolinas,2.27
flatbeds,region,True,Florida-So Georgia,Florida-So Georgia,2.92
flatbeds,region,True,Florida-So Georgia,Southeast,2.13
flatbeds,region,True,Florida-So Georgia,Ohio River,2.11
flatbeds,region,True,Florida-So Georgia,Great Lakes,2.03
flatbeds,region,True,Florida-So Georgia,Upper Midwest,2.02
flatbeds,region,True,Florida-So Georgia,Lower Midwest,2.09
flatbeds,region,True,Florida-So Georgia,South Central,1.98
flatbeds,region,True,Florida-So Georgia,Upper Mountain,2.02
flatbeds,region,True,Florida-So Georgia,Lower Mountain,2.16
flatbeds,region,True,Florida-So Georgia,California,2.1
flatbeds,region,True,Florida-So Georgia,Pacific Northwest,1.94
flatbeds,region,True,Florida-So Georgia,Canada Central,1.99
flatbeds,region,True,Florida-So Georgia,Canada West,1.91
flatbeds,region,True,Southeast,Dest - New England,3.01
flatbeds,region,True,Southeast,Upper Atlantic,2.9
flatbeds,region,True,Southeast,Lower Atlantic,3.01
flatbeds,region,True,Southeast,Carolinas,3.02
flatbeds,region,True,Southeast,Florida-So Georgia,3.06
flatbeds,region,True,Southeast,Southeast,3.39
flatbeds,region,True,Southeast,Ohio River,2.93
flatbeds,region,True,Southeast,Great Lakes,2.64
flatbeds,region,True,Southeast,Upper Midwest,2.62
flatbeds,region,True,Southeast,Lower Midwest,2.69
flatbeds,region,True,Southeast,South Central,2.59
flatbeds,region,True,Southeast,Upper Mountain,2.51
flatbeds,region,True,Southeast,Lower Mountain,2.72
flatbeds,region,True,Southeast,California,2.28
flatbeds,region,True,Southeast,Pacific Northwest,2.22
flatbeds,region,True,Southeast,Canada Central,2.08
flatbeds,region,True,Southeast,Canada West,2.09
flatbeds,region,True,Ohio River,Dest - New England,3.33
flatbeds,region,True,Ohio River,Upper Atlantic,3.55
flatbeds,region,True,Ohio River,Lower Atlantic,3.52
flatbeds,region,True,Ohio River,Carolinas,2.99
flatbeds,region,True,Ohio River,Florida-So Georgia,2.85
flatbeds,region,True,Ohio River,Southeast,2.92
flatbeds,region,True,Ohio River,Ohio River,3.72
flatbeds,region,True,Ohio River,Great Lakes,3.33
flatbeds,region,True,Ohio River,Upper Midwest,3.01
flatbeds,region,True,Ohio River,Lower Midwest,3.17
flatbeds,region,True,Ohio River,South Central,2.52
flatbeds,region,True,Ohio River,Upper Mountain,2.62
flatbeds,region,True,Ohio River,Lower Mountain,2.79
flatbeds,region,True,Ohio River,California,2.16
flatbeds,region,True,Ohio River,Pacific Northwest,2.3
flatbeds,region,True,Ohio River,Canada Central,2.88
flatbeds,region,True,Ohio River,Canada West,2.19
flatbeds,region,True,Great Lakes,Dest - New England,3.16
flatbeds,region,True,Great Lakes,Upper Atlantic,3.34
flatbeds,region,True,Great Lakes,Lower Atlantic,3.26
flatbeds,region,True,Great Lakes,Carolinas,2.61
flatbeds,region,True,Great Lakes,Florida-So Georgia,2.56
flatbeds,region,True,Great Lakes,Southeast,2.51
flatbeds,region,True,Great Lakes,Ohio River,3.37
flatbeds,region,True,Great Lakes,Great Lakes,3.56
flatbeds,region,True,Great Lakes,Upper Midwest,3.32
flatbeds,region,True,Great Lakes,Lower Midwest,2.96
flatbeds,region,True,Great Lakes,South Central,2.22
flatbeds,region,True,Great Lakes,Upper Mountain,2.55
flatbeds,region,True,Great Lakes,Lower Mountain,2.58
flatbeds,region,True,Great Lakes,California,2.19
flatbeds,region,True,Great Lakes,Pacific Northwest,2.33
flatbeds,region,True,Great Lakes,Canada Central,2.53
flatbeds,region,True,Great Lakes,Canada West,1.89
flatbeds,region,True,Upper Midwest,Dest - New England,2.67
flatbeds,region,True,Upper Midwest,Upper Atlantic,2.65
flatbeds,region,True,Upper Midwest,Lower Atlantic,2.47
flatbeds,region,True,Upper Midwest,Carolinas,2.32
flatbeds,region,True,Upper Midwest,Florida-So Georgia,2.32
flatbeds,region,True,Upper Midwest,Southeast,2.15
flatbeds,region,True,Upper Midwest,Ohio River,2.33
flatbeds,region,True,Upper Midwest,Great Lakes,2.68
flatbeds,region,True,Upper Midwest,Upper Midwest,3.31
flatbeds,region,True,Upper Midwest,Lower Midwest,2.76
flatbeds,region,True,Upper Midwest,South Central,2.25
flatbeds,region,True,Upper Midwest,Upper Mountain,2.93
flatbeds,region,True,Upper Midwest,Lower Mountain,2.98
flatbeds,region,True,Upper Midwest,California,2.46
flatbeds,region,True,Upper Midwest,Pacific Northwest,2.55
flatbeds,region,True,Upper Midwest,Canada Central,1.78
flatbeds,region,True,Upper Midwest,Canada West,2.41
flatbeds,region,True,Lower Midwest,Dest - New England,2.7
flatbeds,region,True,Lower Midwest,Upper Atlantic,2.53
flatbeds,region,True,Lower Midwest,Lower Atlantic,2.57
flatbeds,region,True,Lower Midwest,Carolinas,2.63
flatbeds,region,True,Lower Midwest,Florida-So Georgia,2.5
flatbeds,region,True,Lower Midwest,Southeast,2.29
flatbeds,region,True,Lower Midwest,Ohio River,2.49
flatbeds,region,True,Lower Midwest,Great Lakes,2.4
flatbeds,region,True,Lower Midwest,Upper Midwest,3.07
flatbeds,region,True,Lower Midwest,Lower Midwest,3.45
flatbeds,region,True,Lower Midwest,South Central,2.45
flatbeds,region,True,Lower Midwest,Upper Mountain,3.0
flatbeds,region,True,Lower Midwest,Lower Mountain,3.1
flatbeds,region,True,Lower Midwest,California,2.36
flatbeds,region,True,Lower Midwest,Pacific Northwest,2.44
flatbeds,region,True,Lower Midwest,Canada Central,2.21
flatbeds,region,True,Lower Midwest,Canada West,1.95
flatbeds,region,True,South Central,Dest - New England,2.35
flatbeds,region,True,South Central,Upper Atlantic,2.29
flatbeds,region,True,South Central,Lower Atlantic,2.39
flatbeds,region,True,South Central,Carolinas,2.31
flatbeds,region,True,South Central,Florida-So Georgia,2.33
flatbeds,region,True,South Central,Southeast,2.26
flatbeds,region,True,South Central,Ohio River,2.27
flatbeds,region,True,South Central,Great Lakes,2.2
flatbeds,region,True,South Central,Upper Midwest,2.6
flatbeds,region,True,South Central,Lower Midwest,2.68
flatbeds,region,True,South Central,South Central,2.9
flatbeds,region,True,South Central,Upper Mountain,2.62
flatbeds,region,True,South Central,Lower Mountain,2.77
flatbeds,region,True,South Central,California,2.29
flatbeds,region,True,South Central,Pacific Northwest,2.28
flatbeds,region,True,South Central,Canada Central,1.96
flatbeds,region,True,South Central,Canada West,1.92
flatbeds,region,True,Upper Mountain,Dest - New England,2.11
flatbeds,region,True,Upper Mountain,Upper Atlantic,2.06
flatbeds,region,True,Upper Mountain,Lower Atlantic,2.01
flatbeds,region,True,Upper Mountain,Carolinas,1.98
flatbeds,region,True,Upper Mountain,Florida-So Georgia,1.96
flatbeds,region,True,Upper Mountain,Southeast,1.87
flatbeds,region,True,Upper Mountain,Ohio River,2.1
flatbeds,region,True,Upper Mountain,Great Lakes,1.89
flatbeds,region,True,Upper Mountain,Upper Midwest,2.18
flatbeds,region,True,Upper Mountain,Lower Midwest,2.02
flatbeds,region,True,Upper Mountain,South Central,1.94
flatbeds,region,True,Upper Mountain,Upper Mountain,2.9
flatbeds,region,True,Upper Mountain,Lower Mountain,2.84
flatbeds,region,True,Upper Mountain,California,2.72
flatbeds,region,True,Upper Mountain,Pacific Northwest,2.33
flatbeds,region,True,Upper Mountain,Canada Central,2.67
flatbeds,region,True,Upper Mountain,Canada West,2.25
flatbeds,region,True,Lower Mountain,Dest - New England,2.0
flatbeds,region,True,Lower Mountain,Upper Atlantic,2.0
flatbeds,region,True,Lower Mountain,Lower Atlantic,1.78
flatbeds,region,True,Lower Mountain,Carolinas,1.92
flatbeds,region,True,Lower Mountain,Florida-So Georgia,1.91
flatbeds,region,True,Lower Mountain,Southeast,1.81
flatbeds,region,True,Lower Mountain,Ohio River,1.89
flatbeds,region,True,Lower Mountain,Great Lakes,1.74
flatbeds,region,True,Lower Mountain,Upper Midwest,2.22
flatbeds,region,True,Lower Mountain,Lower Midwest,1.91
flatbeds,region,True,Lower Mountain,South Central,1.85
flatbeds,region,True,Lower Mountain,Upper Mountain,2.6
flatbeds,region,True,Lower Mountain,Lower Mountain,2.61
flatbeds,region,True,Lower Mountain,California,2.18
flatbeds,region,True,Lower Mountain,Pacific Northwest,2.14
flatbeds,region,True,Lower Mountain,Canada Central,1.94
flatbeds,region,True,Lower Mountain,Canada West,2.24
flatbeds,region,True,California,Dest - New England,1.99
flatbeds,region,True,California,Upper Atlantic,2.0
flatbeds,region,True,California,Lower Atlantic,2.0
flatbeds,region,True,California,Carolinas,2.14
flatbeds,region,True,California,Florida-So Georgia,1.99
flatbeds,region,True,California,Southeast,1.87
flatbeds,region,True,California,Ohio River,1.99
flatbeds,region,True,California,Great Lakes,2.03
flatbeds,region,True,California,Upper Midwest,2.03
flatbeds,region,True,California,Lower Midwest,2.12
flatbeds,region,True,California,South Central,2.0
flatbeds,region,True,California,Upper Mountain,3.1
flatbeds,region,True,California,Lower Mountain,2.96
flatbeds,region,True,California,California,2.92
flatbeds,region,True,California,Pacific Northwest,2.32
flatbeds,region,True,California,Canada Central,1.53
flatbeds,region,True,California,Canada West,2.17
flatbeds,region,True,Pacific Northwest,Dest - New England,2.06
flatbeds,region,True,Pacific Northwest,Upper Atlantic,2.07
flatbeds,region,True,Pacific Northwest,Lower Atlantic,1.89
flatbeds,region,True,Pacific Northwest,Carolinas,1.92
flatbeds,region,True,Pacific Northwest,Florida-So Georgia,2.02
flatbeds,region,True,Pacific Northwest,Southeast,1.93
flatbeds,region,True,Pacific Northwest,Ohio River,2.03
flatbeds,region,True,Pacific Northwest,Great Lakes,1.98
flatbeds,region,True,Pacific Northwest,Upper Midwest,2.3
flatbeds,region,True,Pacific Northwest,Lower Midwest,2.13
flatbeds,region,True,Pacific Northwest,South Central,1.99
flatbeds,region,True,Pacific Northwest,Upper Mountain,3.42
flatbeds,region,True,Pacific Northwest,Lower Mountain,2.89
flatbeds,region,True,Pacific Northwest,California,2.69
flatbeds,region,True,Pacific Northwest,Pacific Northwest,3.98
flatbeds,region,True,Pacific Northwest,Canada West,3.02
flatbeds,region,True,Canada East,Canada Central,2.36
flatbeds,region,True,Canada Central,Dest - New England,4.17
flatbeds,region,True,Canada Central,Upper Atlantic,3.8
flatbeds,region,True,Canada Central,Lower Atlantic,3.55
flatbeds,region,True,Canada Central,Carolinas,3.07
flatbeds,region,True,Canada Central,Florida-So Georgia,2.69
flatbeds,region,True,Canada Central,Southeast,2.59
flatbeds,region,True,Canada Central,Ohio River,2.98
flatbeds,region,True,Canada Central,Great Lakes,3.2
flatbeds,region,True,Canada Central,Upper Midwest,3.23
flatbeds,region,True,Canada Central,Lower Midwest,2.76
flatbeds,region,True,Canada Central,South Central,2.65
flatbeds,region,True,Canada Central,Lower Mountain,2.51
flatbeds,region,True,Canada Central,California,2.32
flatbeds,region,True,Canada Central,Pacific Northwest,2.26
flatbeds,region,True,Canada Central,Canada East,2.59
flatbeds,region,True,Canada Central,Canada Central,3.45
flatbeds,region,True,Canada Central,Canada West,2.32
flatbeds,region,True,Canada West,Upper Atlantic,1.99
flatbeds,region,True,Canada West,Southeast,1.86
flatbeds,region,True,Canada West,Ohio River,1.82
flatbeds,region,True,Canada West,Great Lakes,2.05
flatbeds,region,True,Canada West,Upper Midwest,2.66
flatbeds,region,True,Canada West,South Central,1.81
flatbeds,region,True,Canada West,Upper Mountain,3.19
flatbeds,region,True,Canada West,Lower Mountain,2.84
flatbeds,region,True,Canada West,California,2.14
flatbeds,region,True,Canada West,Pacific Northwest,3.0
flatbeds,region,True,Canada West,Canada Central,1.87
flatbeds,region,True,Canada West,Canada West,2.6
flatbeds,state,False,Origin - AB,Dest - AB,2.91
flatbeds,state,False,Origin - AB,CO,2.31
flatbeds,state,False,Origin - AB,ON,1.76
flatbeds,state,False,Origin - AB,TX,1.6
flatbeds,state,False,Origin - AB,WY,2.51
flatbeds,state,False,AL,AL,2.84
flatbeds,state,False,AL,AR,2.34
flatbeds,state,False,AL,AZ,2.03
flatbeds,state,False,AL,CA,1.88
flatbeds,state,False,AL,CO,2.86
flatbeds,state,False,AL,CT,2.82
flatbeds,state,False,AL,DE,2.74
flatbeds,state,False,AL,FL,2.71
flatbeds,state,False,AL,GA,3.09
flatbeds,state,False,AL,IA,2.31
flatbeds,state,False,AL,IL,2.23
flatbeds,state,False,AL,IN,2.34
flatbeds,state,False,AL,KS,2.24
flatbeds,state,False,AL,KY,2.64
flatbeds,state,False,AL,LA,2.44
flatbeds,state,False,AL,MA,2.34
flatbeds,state,False,AL,MD,2.45
flatbeds,state,False,AL,MI,2.33
flatbeds,state,False,AL,MN,2.12
flatbeds,state,False,AL,MO,2.3
flatbeds,state,False,AL,MS,2.57
flatbeds,state,False,AL,NC,2.51
flatbeds,state,False,AL,NE,2.17
flatbeds,state,False,AL,NH,2.59
flatbeds,state,False,AL,NJ,2.57
flatbeds,state,False,AL,NM,2.55
flatbeds,state,False,AL,NV,2.44
flatbeds,state,False,AL,NY,2.65
flatbeds,state,False,AL,OH,2.33
flatbeds,state,False,AL,OK,2.07
flatbeds,state,False,AL,ON,1.54
flatbeds,state,False,AL,OR,1.66
flatbeds,state,False,AL,PA,2.56
flatbeds,state,False,AL,SC,2.52
flatbeds,state,False,AL,SD,2.14
flatbeds,state,False,AL,TN,3.0
flatbeds,state,False,AL,TX,2.11
flatbeds,state,False,AL,UT,2.18
flatbeds,state,False,AL,VA,2.6
flatbeds,state,False,AL,WA,1.62
flatbeds,state,False,AL,WI,2.2
flatbeds,state,False,AL,WV,3.09
flatbeds,state,False,AR,AL,2.5
flatbeds,state,False,AR,AR,3.43
flatbeds,state,False,AR,AZ,2.23
flatbeds,state,False,AR,CA,1.97
flatbeds,state,False,AR,CO,2.73
flatbeds,state,False,AR,DE,2.4
flatbeds,state,False,AR,FL,2.3
flatbeds,state,False,AR,GA,2.35
flatbeds,state,False,AR,IA,2.32
flatbeds,state,False,AR,ID,2.34
flatbeds,state,False,AR,IL,2.54
flatbeds,state,False,AR,IN,2.2
flatbeds,state,False,AR,KS,2.91
flatbeds,state,False,AR,KY,2.22
flatbeds,state,False,AR,LA,2.53
flatbeds,state,False,AR,MA,2.6
flatbeds,state,False,AR,MD,2.52
flatbeds,state,False,AR,MI,2.06
flatbeds,state,False,AR,MN,2.09
flatbeds,state,False,AR,MO,2.94
flatbeds,state,False,AR,MS,2.93
flatbeds,state,False,AR,NC,2.36
flatbeds,state,False,AR,ND,3.77
flatbeds,state,False,AR,NE,2.29
flatbeds,state,False,AR,NJ,2.15
flatbeds,state,False,AR,NM,3.28
flatbeds,state,False,AR,NV,2.22
flatbeds,state,False,AR,NY,2.31
flatbeds,state,False,AR,OH,2.21
flatbeds,state,False,AR,OK,3.08
flatbeds,state,False,AR,OR,1.76
flatbeds,state,False,AR,PA,2.47
flatbeds,state,False,AR,SC,2.07
flatbeds,state,False,AR,SD,3.2
flatbeds,state,False,AR,TN,2.32
flatbeds,state,False,AR,TX,2.56
flatbeds,state,False,AR,UT,2.65
flatbeds,state,False,AR,VA,2.46
flatbeds,state,False,AR,WA,2.24
flatbeds,state,False,AR,WI,2.07
flatbeds,state,False,AR,WV,2.49
flatbeds,state,False,AR,WY,2.44
flatbeds,state,False,AZ,AL,1.2
flatbeds,state,False,AZ,AR,1.24
flatbeds,state,False,AZ,AZ,3.01
flatbeds,state,False,AZ,CA,1.75
flatbeds,state,False,AZ,CO,1.78
flatbeds,state,False,AZ,FL,1.39
flatbeds,state,False,AZ,GA,1.21
flatbeds,state,False,AZ,ID,1.64
flatbeds,state,False,AZ,IL,1.26
flatbeds,state,False,AZ,IN,1.14
flatbeds,state,False,AZ,KY,1.49
flatbeds,state,False,AZ,LA,1.31
flatbeds,state,False,AZ,MI,1.21
flatbeds,state,False,AZ,MN,1.49
flatbeds,state,False,AZ,MO,1.13
flatbeds,state,False,AZ,MS,1.33
flatbeds,state,False,AZ,NC,1.25
flatbeds,state,False,AZ,NE,1.1
flatbeds,state,False,AZ,NJ,1.63
flatbeds,state,False,AZ,NM,1.84
flatbeds,state,False,AZ,NV,1.97
flatbeds,state,False,AZ,NY,1.78
flatbeds,state,False,AZ,OH,1.24
flatbeds,state,False,AZ,OK,1.29
flatbeds,state,False,AZ,OR,1.59
flatbeds,state,False,AZ,PA,1.52
flatbeds,state,False,AZ,SC,1.34
flatbeds,state,False,AZ,TN,1.18
flatbeds,state,False,AZ,TX,1.3
flatbeds,state,False,AZ,UT,1.88
flatbeds,state,False,AZ,VA,1.22
flatbeds,state,False,AZ,WA,1.41
flatbeds,state,False,AZ,WI,1.11
flatbeds,state,False,BC,Dest - AB,2.38
flatbeds,state,False,CA,Dest - AB,1.69
flatbeds,state,False,CA,AL,1.53
flatbeds,state,False,CA,AR,1.44
flatbeds,state,False,CA,AZ,2.7
flatbeds,state,False,CA,BC,1.58
flatbeds,state,False,CA,CA,2.47
flatbeds,state,False,CA,CO,2.43
flatbeds,state,False,CA,CT,1.62
flatbeds,state,False,CA,DE,1.63
flatbeds,state,False,CA,FL,1.55
flatbeds,state,False,CA,GA,1.42
flatbeds,state,False,CA,IA,1.56
flatbeds,state,False,CA,ID,2.33
flatbeds,state,False,CA,IL,1.52
flatbeds,state,False,CA,IN,1.46
flatbeds,state,False,CA,KS,1.75
flatbeds,state,False,CA,KY,1.49
flatbeds,state,False,CA,LA,1.57
flatbeds,state,False,CA,MA,1.44
flatbeds,state,False,CA,MD,1.56
flatbeds,state,False,CA,MI,1.76
flatbeds,state,False,CA,MN,1.49
flatbeds,state,False,CA,MO,1.65
flatbeds,state,False,CA,MS,1.53
flatbeds,state,False,CA,MT,2.25
flatbeds,state,False,CA,NC,1.84
flatbeds,state,False,CA,ND,1.92
flatbeds,state,False,CA,NE,1.46
flatbeds,state,False,CA,NJ,1.6
flatbeds,state,False,CA,NM,2.17
flatbeds,state,False,CA,NV,2.9
flatbeds,state,False,CA,NY,1.59
flatbeds,state,False,CA,OH,1.54
flatbeds,state,False,CA,OK,1.48
flatbeds,state,False,CA,OR,1.86
flatbeds,state,False,CA,PA,1.53
flatbeds,state,False,CA,SC,1.46
flatbeds,state,False,CA,SD,1.91
flatbeds,state,False,CA,TN,1.36
flatbeds,state,False,CA,TX,1.57
flatbeds,state,False,CA,UT,2.2
flatbeds,state,False,CA,VA,1.53
flatbeds,state,False,CA,WA,1.85
flatbeds,state,False,CA,WI,1.57
flatbeds,state,False,CA,WV,1.48
flatbeds,state,False,CA,WY,2.48
flatbeds,state,False,CO,AL,1.1
flatbeds,state,False,CO,AR,1.19
flatbeds,state,False,CO,AZ,2.19
flatbeds,state,False,CO,CA,1.46
flatbeds,state,False,CO,CO,3.11
flatbeds,state,False,CO,FL,1.37
flatbeds,state,False,CO,GA,1.57
flatbeds,state,False,CO,IA,1.46
flatbeds,state,False,CO,ID,1.83
flatbeds,state,False,CO,IL,1.24
flatbeds,state,False,CO,IN,1.43
flatbeds,state,False,CO,KS,1.44
flatbeds,state,False,CO,KY,1.35
flatbeds,state,False,CO,LA,1.21
flatbeds,state,False,CO,MN,1.53
flatbeds,state,False,CO,MO,1.29
flatbeds,state,False,CO,MS,1.06
flatbeds,state,False,CO,MT,1.76
flatbeds,state,False,CO,NC,1.33
flatbeds,state,False,CO,ND,2.28
flatbeds,state,False,CO,NE,1.61
flatbeds,state,False,CO,NM,2.06
flatbeds,state,False,CO,NV,2.21
flatbeds,state,False,CO,NY,1.54
flatbeds,state,False,CO,OH,1.25
flatbeds,state,False,CO,OK,1.66
flatbeds,state,False,CO,OR,1.64
flatbeds,state,False,CO,PA,1.44
flatbeds,state,False,CO,SC,2.09
flatbeds,state,False,CO,SD,2.05
flatbeds,state,False,CO,TN,1.55
flatbeds,state,False,CO,TX,1.22
flatbeds,state,False,CO,UT,2.01
flatbeds,state,False,CO,WA,1.61
flatbeds,state,False,CO,WI,1.15
flatbeds,state,False,CO,WY,3.08
flatbeds,state,False,CT,AL,2.07
flatbeds,state,False,CT,CA,1.66
flatbeds,state,False,CT,FL,1.64
flatbeds,state,False,CT,IL,1.98
flatbeds,state,False,CT,IN,1.72
flatbeds,state,False,CT,KY,1.27
flatbeds,state,False,CT,MD,1.81
flatbeds,state,False,CT,ME,3.06
flatbeds,state,False,CT,MI,1.7
flatbeds,state,False,CT,NC,1.49
flatbeds,state,False,CT,NJ,2.92
flatbeds,state,False,CT,NY,2.87
flatbeds,state,False,CT,OH,1.64
flatbeds,state,False,CT,PA,2.48
flatbeds,state,False,CT,SC,1.49
flatbeds,state,False,CT,TX,1.8
flatbeds,state,False,CT,VA,2.12
flatbeds,state,False,CT,WV,2.09
flatbeds,state,False,DE,CT,4.84
flatbeds,state,False,DE,FL,2.03
flatbeds,state,False,DE,GA,1.86
flatbeds,state,False,DE,IL,1.58
flatbeds,state,False,DE,IN,1.49
flatbeds,state,False,DE,MA,3.6
flatbeds,state,False,DE,MI,1.65
flatbeds,state,False,DE,NC,1.71
flatbeds,state,False,DE,NY,3.61
flatbeds,state,False,DE,OH,1.56
flatbeds,state,False,DE,TN,1.46
flatbeds,state,False,DE,VA,2.73
flatbeds,state,False,FL,AL,1.31
flatbeds,state,False,FL,AR,1.49
flatbeds,state,False,FL,AZ,1.64
flatbeds,state,False,FL,CA,1.56
flatbeds,state,False,FL,CO,1.56
flatbeds,state,False,FL,CT,1.93
flatbeds,state,False,FL,DE,1.68
flatbeds,state,False,FL,FL,2.39
flatbeds,state,False,FL,GA,1.61
flatbeds,state,False,FL,IA,1.32
flatbeds,state,False,FL,IL,1.52
flatbeds,state,False,FL,IN,1.41
flatbeds,state,False,FL,KS,1.31
flatbeds,state,False,FL,KY,1.4
flatbeds,state,False,FL,LA,1.52
flatbeds,state,False,FL,MA,1.73
flatbeds,state,False,FL,MD,1.7
flatbeds,state,False,FL,MI,1.51
flatbeds,state,False,FL,MN,1.52
flatbeds,state,False,FL,MO,1.48
flatbeds,state,False,FL,MS,1.29
flatbeds,state,False,FL,NC,1.33
flatbeds,state,False,FL,NE,1.97
flatbeds,state,False,FL,NJ,1.57
flatbeds,state,False,FL,NM,1.76
flatbeds,state,False,FL,NV,1.43
flatbeds,state,False,FL,NY,1.99
flatbeds,state,False,FL,OH,1.58
flatbeds,state,False,FL,OK,1.64
flatbeds,state,False,FL,ON,1.45
flatbeds,state,False,FL,PA,1.57
flatbeds,state,False,FL,SC,1.63
flatbeds,state,False,FL,TN,1.31
flatbeds,state,False,FL,TX,1.45
flatbeds,state,False,FL,VA,1.56
flatbeds,state,False,FL,WA,1.47
flatbeds,state,False,FL,WI,1.51
flatbeds,state,False,FL,WV,2.04
flatbeds,state,False,GA,Dest - AB,1.53
flatbeds,state,False,GA,AL,2.46
flatbeds,state,False,GA,AR,2.04
flatbeds,state,False,GA,AZ,1.86
flatbeds,state,False,GA,CA,1.65
flatbeds,state,False,GA,CO,2.29
flatbeds,state,False,GA,CT,2.06
flatbeds,state,False,GA,DE,2.52
flatbeds,state,False,GA,FL,2.65
flatbeds,state,False,GA,GA,3.08
flatbeds,state,False,GA,IA,1.83
flatbeds,state,False,GA,ID,1.88
flatbeds,state,False,GA,IL,1.79
flatbeds,state,False,GA,IN,2.02
flatbeds,state,False,GA,KS,2.03
flatbeds,state,False,GA,KY,2.25
flatbeds,state,False,GA,LA,1.81
flatbeds,state,False,GA,MA,2.47
flatbeds,state,False,GA,MD,2.3
flatbeds,state,False,GA,ME,2.04
flatbeds,state,False,GA,MI,1.83
flatbeds,state,False,GA,MN,1.76
flatbeds,state,False,GA,MO,1.86
flatbeds,state,False,GA,MS,2.06
flatbeds,state,False,GA,MT,1.8
flatbeds,state,False,GA,NC,2.56
flatbeds,state,False,GA,ND,1.82
flatbeds,state,False,GA,NE,1.82
flatbeds,state,False,GA,NH,2.23
flatbeds,state,False,GA,NJ,2.35
flatbeds,state,False,GA,NM,2.13
flatbeds,state,False,GA,NV,2.08
flatbeds,state,False,GA,NY,2.37
flatbeds,state,False,GA,OH,1.89
flatbeds,state,False,GA,OK,1.85
flatbeds,state,False,GA,ON,1.62
flatbeds,state,False,GA,OR,1.63
flatbeds,state,False,GA,PA,2.2
flatbeds,state,False,GA,SC,2.96
flatbeds,state,False,GA,TN,2.56
flatbeds,state,False,GA,TX,1.7
flatbeds,state,False,GA,UT,2.05
flatbeds,state,False,GA,VA,2.52
flatbeds,state,False,GA,WA,1.62
flatbeds,state,False,GA,WI,1.89
flatbeds,state,False,GA,WV,2.09
flatbeds,state,False,GA,WY,2.43
flatbeds,state,False,IA,AL,1.8
flatbeds,state,False,IA,AR,2.0
flatbeds,state,False,IA,AZ,2.4
flatbeds,state,False,IA,CA,2.03
flatbeds,state,False,IA,CO,3.03
flatbeds,state,False,IA,FL,2.04
flatbeds,state,False,IA,GA,1.88
flatbeds,state,False,IA,IA,2.86
flatbeds,state,False,IA,IL,2.86
flatbeds,state,False,IA,IN,2.46
flatbeds,state,False,IA,KS,2.52
flatbeds,state,False,IA,KY,1.99
flatbeds,state,False,IA,LA,1.76
flatbeds,state,False,IA,MD,2.35
flatbeds,state,False,IA,MI,2.34
flatbeds,state,False,IA,MN,3.15
flatbeds,state,False,IA,MO,2.82
flatbeds,state,False,IA,MS,1.57
flatbeds,state,False,IA,MT,3.03
flatbeds,state,False,IA,NC,1.97
flatbeds,state,False,IA,ND,2.78
flatbeds,state,False,IA,NE,3.14
flatbeds,state,False,IA,NJ,2.47
flatbeds,state,False,IA,NV,1.95
flatbeds,state,False,IA,NY,2.8
flatbeds,state,False,IA,OH,2.13
flatbeds,state,False,IA,OK,2.06
flatbeds,state,False,IA,ON,1.41
flatbeds,state,False,IA,OR,1.93
flatbeds,state,False,IA,PA,2.36
flatbeds,state,False,IA,SC,2.16
flatbeds,state,False,IA,SD,3.1
flatbeds,state,False,IA,TN,1.87
flatbeds,state,False,IA,TX,1.89
flatbeds,state,False,IA,VA,2.24
flatbeds,state,False,IA,WA,2.19
flatbeds,state,False,IA,WI,2.62
flatbeds,state,False,ID,AZ,1.73
flatbeds,state,False,ID,CA,1.84
flatbeds,state,False,ID,CO,2.13
flatbeds,state,False,ID,FL,1.63
flatbeds,state,False,ID,GA,1.41
flatbeds,state,False,ID,ID,3.35
flatbeds,state,False,ID,IL,1.52
flatbeds,state,False,ID,IN,1.5
flatbeds,state,False,ID,KS,1.76
flatbeds,state,False,ID,LA,1.35
flatbeds,state,False,ID,MD,1.87
flatbeds,state,False,ID,MO,1.49
flatbeds,state,False,ID,MT,2.93
flatbeds,state,False,ID,NC,1.48
flatbeds,state,False,ID,NE,1.54
flatbeds,state,False,ID,NM,1.98
flatbeds,state,False,ID,NV,2.27
flatbeds,state,False,ID,NY,1.72
flatbeds,state,False,ID,OH,1.53
flatbeds,state,False,ID,OR,2.21
flatbeds,state,False,ID,TX,1.54
flatbeds,state,False,ID,UT,2.5
flatbeds,state,False,ID,WA,2.05
flatbeds,state,False,ID,WI,1.57
flatbeds,state,False,IL,Dest - AB,1.34
flatbeds,state,False,IL,AL,1.7
flatbeds,state,False,IL,AR,2.12
flatbeds,state,False,IL,AZ,1.98
flatbeds,state,False,IL,CA,1.88
flatbeds,state,False,IL,CO,2.92
flatbeds,state,False,IL,CT,2.57
flatbeds,state,False,IL,DE,2.25
flatbeds,state,False,IL,FL,2.2
flatbeds,state,False,IL,GA,2.09
flatbeds,state,False,IL,IA,3.42
flatbeds,state,False,IL,ID,2.11
flatbeds,state,False,IL,IL,3.28
flatbeds,state,False,IL,IN,3.41
flatbeds,state,False,IL,KS,2.53
flatbeds,state,False,IL,KY,2.92
flatbeds,state,False,IL,LA,1.52
flatbeds,state,False,IL,MA,2.72
flatbeds,state,False,IL,MB,1.49
flatbeds,state,False,IL,MD,2.52
flatbeds,state,False,IL,MI,3.36
flatbeds,state,False,IL,MN,2.84
flatbeds,state,False,IL,MO,2.71
flatbeds,state,False,IL,MS,2.08
flatbeds,state,False,IL,MT,2.65
flatbeds,state,False,IL,NC,2.19
flatbeds,state,False,IL,ND,2.49
flatbeds,state,False,IL,NE,2.81
flatbeds,state,False,IL,NH,2.68
flatbeds,state,False,IL,NJ,2.6
flatbeds,state,False,IL,NM,2.52
flatbeds,state,False,IL,NV,2.12
flatbeds,state,False,IL,NY,2.62
flatbeds,state,False,IL,OH,2.75
flatbeds,state,False,IL,OK,2.19
flatbeds,state,False,IL,ON,1.81
flatbeds,state,False,IL,OR,1.72
flatbeds,state,False,IL,PA,2.46
flatbeds,state,False,IL,PQ,1.42
flatbeds,state,False,IL,SC,1.85
flatbeds,state,False,IL,SD,2.81
flatbeds,state,False,IL,TN,2.12
flatbeds,state,False,IL,TX,1.84
flatbeds,state,False,IL,UT,2.32
flatbeds,state,False,IL,VA,2.36
flatbeds,state,False,IL,WA,1.9
flatbeds,state,False,IL,WI,3.48
flatbeds,state,False,IL,WV,2.63
flatbeds,state,False,IL,WY,2.88
flatbeds,state,False,IN,Dest - AB,1.5
flatbeds,state,False,IN,AL,2.08
flatbeds,state,False,IN,AR,1.82
flatbeds,state,False,IN,AZ,1.75
flatbeds,state,False,IN,CA,1.71
flatbeds,state,False,IN,CO,2.53
flatbeds,state,False,IN,CT,2.62
flatbeds,state,False,IN,DE,2.84
flatbeds,state,False,IN,FL,2.13
flatbeds,state,False,IN,GA,2.06
flatbeds,state,False,IN,IA,3.09
flatbeds,state,False,IN,ID,2.01
flatbeds,state,False,IN,IL,3.38
flatbeds,state,False,IN,IN,3.85
flatbeds,state,False,IN,KS,2.59
flatbeds,state,False,IN,KY,3.11
flatbeds,state,False,IN,LA,1.74
flatbeds,state,False,IN,MA,3.07
flatbeds,state,False,IN,MD,3.32
flatbeds,state,False,IN,ME,2.49
flatbeds,state,False,IN,MI,3.35
flatbeds,state,False,IN,MN,2.73
flatbeds,state,False,IN,MO,2.93
flatbeds,state,False,IN,MS,1.98
flatbeds,state,False,IN,MT,2.6
flatbeds,state,False,IN,NC,2.22
flatbeds,state,False,IN,ND,2.82
flatbeds,state,False,IN,NE,2.5
flatbeds,state,False,IN,NH,2.69
flatbeds,state,False,IN,NJ,2.56
flatbeds,state,False,IN,NM,2.13
flatbeds,state,False,IN,NV,1.87
flatbeds,state,False,IN,NY,2.98
flatbeds,state,False,IN,OH,3.3
flatbeds,state,False,IN,OK,2.1
flatbeds,state,False,IN,ON,1.87
flatbeds,state,False,IN,OR,1.63
flatbeds,state,False,IN,PA,2.78
flatbeds,state,False,IN,RI,2.74
flatbeds,state,False,IN,SC,2.2
flatbeds,state,False,IN,SD,2.65
flatbeds,state,False,IN,TN,2.44
flatbeds,state,False,IN,TX,1.89
flatbeds,state,False,IN,UT,2.06
flatbeds,state,False,IN,VA,2.69
flatbeds,state,False,IN,WA,1.95
flatbeds,state,False,IN,WI,3.38
flatbeds,state,False,IN,WV,3.03
flatbeds,state,False,IN,WY,2.58
flatbeds,state,False,KS,AL,1.6
flatbeds,state,False,KS,AR,2.01
flatbeds,state,False,KS,AZ,2.43
flatbeds,state,False,KS,CA,2.06
flatbeds,state,False,KS,CO,2.92
flatbeds,state,False,KS,FL,2.09
flatbeds,state,False,KS,GA,1.63
flatbeds,state,False,KS,IA,2.43
flatbeds,state,False,KS,ID,2.18
flatbeds,state,False,KS,IL,1.67
flatbeds,state,False,KS,IN,1.65
flatbeds,state,False,KS,KS,3.42
flatbeds,state,False,KS,KY,1.65
flatbeds,state,False,KS,LA,1.77
flatbeds,state,False,KS,MI,1.96
flatbeds,state,False,KS,MN,1.71
flatbeds,state,False,KS,MO,2.61
flatbeds,state,False,KS,MS,1.5
flatbeds,state,False,KS,NC,1.73
flatbeds,state,False,KS,ND,2.69
flatbeds,state,False,KS,NE,3.06
flatbeds,state,False,KS,NJ,1.79
flatbeds,state,False,KS,NM,2.74
flatbeds,state,False,KS,NV,2.52
flatbeds,state,False,KS,NY,2.37
flatbeds,state,False,KS,OH,1.77
flatbeds,state,False,KS,OK,2.98
flatbeds,state,False,KS,ON,1.87
flatbeds,state,False,KS,OR,1.84
flatbeds,state,False,KS,PA,1.77
flatbeds,state,False,KS,SC,1.74
flatbeds,state,False,KS,TN,1.59
flatbeds,state,False,KS,TX,1.8
flatbeds,state,False,KS,UT,2.56
flatbeds,state,False,KS,VA,2.04
flatbeds,state,False,KS,WA,2.0
flatbeds,state,False,KS,WI,1.8
flatbeds,state,False,KS,WY,3.32
flatbeds,state,False,KY,AL,2.43
flatbeds,state,False,KY,AR,2.41
flatbeds,state,False,KY,AZ,2.12
flatbeds,state,False,KY,CA,1.72
flatbeds,state,False,KY,CO,2.9
flatbeds,state,False,KY,CT,3.13
flatbeds,state,False,KY,DE,3.19
flatbeds,state,False,KY,FL,2.4
flatbeds,state,False,KY,GA,2.42
flatbeds,state,False,KY,IA,2.8
flatbeds,state,False,KY,IL,2.62
flatbeds,state,False,KY,IN,3.1
flatbeds,state,False,KY,KS,2.37
flatbeds,state,False,KY,KY,3.83
flatbeds,state,False,KY,LA,1.91
flatbeds,state,False,KY,MA,2.99
flatbeds,state,False,KY,MD,3.08
flatbeds,state,False,KY,ME,2.92
flatbeds,state,False,KY,MI,2.71
flatbeds,state,False,KY,MN,2.42
flatbeds,state,False,KY,MO,2.72
flatbeds,state,False,KY,MS,2.19
flatbeds,state,False,KY,MT,1.77
flatbeds,state,False,KY,NC,2.77
flatbeds,state,False,KY,NE,2.79
flatbeds,state,False,KY,NH,2.69
flatbeds,state,False,KY,NJ,2.98
flatbeds,state,False,KY,NY,3.5
flatbeds,state,False,KY,OH,3.06
flatbeds,state,False,KY,OK,2.28
flatbeds,state,False,KY,ON,2.77
flatbeds,state,False,KY,PA,2.85
flatbeds,state,False,KY,RI,3.19
flatbeds,state,False,KY,SC,2.46
flatbeds,state,False,KY,TN,3.43
flatbeds,state,False,KY,TX,2.22
flatbeds,state,False,KY,UT,2.11
flatbeds,state,False,KY,VA,3.12
flatbeds,state,False,KY,WA,1.8
flatbeds,state,False,KY,WI,2.52
flatbeds,state,False,KY,WV,3.24
flatbeds,state,False,LA,AL,2.47
flatbeds,state,False,LA,AR,2.34
flatbeds,state,False,LA,AZ,2.23
flatbeds,state,False,LA,CA,1.98
flatbeds,state,False,LA,CO,2.76
flatbeds,state,False,LA,FL,2.13
flatbeds,state,False,LA,GA,2.0
flatbeds,state,False,LA,IA,2.15
flatbeds,state,False,LA,IL,1.82
flatbeds,state,False,LA,IN,1.98
flatbeds,state,False,LA,KS,2.4
flatbeds,state,False,LA,KY,2.61
flatbeds,state,False,LA,LA,3.84
flatbeds,state,False,LA,MA,2.03
flatbeds,state,False,LA,MI,1.93
flatbeds,state,False,LA,MO,2.39
flatbeds,state,False,LA,MS,2.88
flatbeds,state,False,LA,NC,2.19
flatbeds,state,False,LA,NE,2.54
flatbeds,state,False,LA,NJ,1.77
flatbeds,state,False,LA,NY,2.21
flatbeds,state,False,LA,OH,1.99
flatbeds,state,False,LA,OK,2.26
flatbeds,state,False,LA,OR,2.17
flatbeds,state,False,LA,PA,2.07
flatbeds,state,False,LA,SC,2.0
flatbeds,state,False,LA,TN,2.05
flatbeds,state,False,LA,TX,2.7
flatbeds,state,False,LA,UT,2.0
flatbeds,state,False,LA,VA,2.36
flatbeds,state,False,LA,WA,2.2
flatbeds,state,False,LA,WI,1.76
flatbeds,state,False,LA,WV,2.47
flatbeds,state,False,MA,CA,1.68
flatbeds,state,False,MA,FL,1.47
flatbeds,state,False,MA,GA,1.24
flatbeds,state,False,MA,IL,1.51
flatbeds,state,False,MA,IN,1.27
flatbeds,state,False,MA,KY,1.15
flatbeds,state,False,MA,MD,2.06
flatbeds,state,False,MA,ME,3.32
flatbeds,state,False,MA,MI,1.78
flatbeds,state,False,MA,MO,1.4
flatbeds,state,False,MA,NC,1.25
flatbeds,state,False,MA,NJ,2.6
flatbeds,state,False,MA,NY,3.04
flatbeds,state,False,MA,OH,1.25
flatbeds,state,False,MA,PA,2.15
flatbeds,state,False,MA,SC,1.31
flatbeds,state,False,MA,TN,1.54
flatbeds,state,False,MA,TX,1.65
flatbeds,state,False,MA,UT,1.64
flatbeds,state,False,MA,VA,1.57
flatbeds,state,False,MA,WI,1.4
flatbeds,state,False,MB,ON,1.31
flatbeds,state,False,MB,SK,3.13
flatbeds,state,False,MD,AL,1.44
flatbeds,state,False,MD,AR,1.88
flatbeds,state,False,MD,CA,1.63
flatbeds,state,False,MD,CT,4.34
flatbeds,state,False,MD,DE,3.36
flatbeds,state,False,MD,FL,1.82
flatbeds,state,False,MD,GA,1.66
flatbeds,state,False,MD,IA,1.99
flatbeds,state,False,MD,IL,1.81
flatbeds,state,False,MD,IN,1.77
flatbeds,state,False,MD,KS,1.78
flatbeds,state,False,MD,KY,1.67
flatbeds,state,False,MD,LA,1.65
flatbeds,state,False,MD,MA,3.56
flatbeds,state,False,MD,ME,2.99
flatbeds,state,False,MD,MI,1.84
flatbeds,state,False,MD,MN,1.66
flatbeds,state,False,MD,MO,1.75
flatbeds,state,False,MD,NC,2.03
flatbeds,state,False,MD,NE,1.65
flatbeds,state,False,MD,NH,3.61
flatbeds,state,False,MD,NJ,4.19
flatbeds,state,False,MD,NV,1.82
flatbeds,state,False,MD,NY,3.8
flatbeds,state,False,MD,OH,2.35
flatbeds,state,False,MD,ON,2.95
flatbeds,state,False,MD,PA,3.41
flatbeds,state,False,MD,PQ,2.8
flatbeds,state,False,MD,SC,1.83
flatbeds,state,False,MD,TN,1.61
flatbeds,state,False,MD,TX,1.38
flatbeds,state,False,MD,UT,2.36
flatbeds,state,False,MD,VA,3.37
flatbeds,state,False,MD,VT,3.1
flatbeds,state,False,MD,WA,2.26
flatbeds,state,False,MD,WI,1.95
flatbeds,state,False,MD,WV,2.64
flatbeds,state,False,ME,CT,3.26
flatbeds,state,False,ME,MA,3.69
flatbeds,state,False,ME,NJ,2.57
flatbeds,state,False,ME,NY,2.88
flatbeds,state,False,ME,ON,3.16
flatbeds,state,False,ME,PA,2.16
flatbeds,state,False,MI,AL,1.94
flatbeds,state,False,MI,AR,2.18
flatbeds,state,False,MI,AZ,1.88
flatbeds,state,False,MI,CA,1.82
flatbeds,state,False,MI,CO,2.54
flatbeds,state,False,MI,CT,3.14
flatbeds,state,False,MI,FL,2.04
flatbeds,state,False,MI,GA,2.09
flatbeds,state,False,MI,IA,2.95
flatbeds,state,False,MI,IL,2.87
flatbeds,state,False,MI,IN,3.42
flatbeds,state,False,MI,KS,2.52
flatbeds,state,False,MI,KY,2.64
flatbeds,state,False,MI,LA,1.96
flatbeds,state,False,MI,MA,2.61
flatbeds,state,False,MI,MD,2.78
flatbeds,state,False,MI,MI,3.87
flatbeds,state,False,MI,MN,2.83
flatbeds,state,False,MI,MO,2.57
flatbeds,state,False,MI,MS,1.88
flatbeds,state,False,MI,NC,2.26
flatbeds,state,False,MI,NE,2.38
flatbeds,state,False,MI,NH,3.33
flatbeds,state,False,MI,NJ,2.68
flatbeds,state,False,MI,NM,2.65
flatbeds,state,False,MI,NV,2.13
flatbeds,state,False,MI,NY,3.13
flatbeds,state,False,MI,OH,3.32
flatbeds,state,False,MI,OK,1.9
flatbeds,state,False,MI,ON,4.34
flatbeds,state,False,MI,PA,2.89
flatbeds,state,False,MI,SC,2.19
flatbeds,state,False,MI,SD,2.51
flatbeds,state,False,MI,TN,2.24
flatbeds,state,False,MI,TX,1.82
flatbeds,state,False,MI,UT,2.51
flatbeds,state,False,MI,VA,2.71
flatbeds,state,False,MI,WA,1.96
flatbeds,state,False,MI,WI,3.13
flatbeds,state,False,MI,WV,2.44
flatbeds,state,False,MN,AL,1.4
flatbeds,state,False,MN,AR,1.8
flatbeds,state,False,MN,AZ,1.89
flatbeds,state,False,MN,CA,1.97
flatbeds,state,False,MN,CO,2.61
flatbeds,state,False,MN,CT,1.74
flatbeds,state,False,MN,FL,1.85
flatbeds,state,False,MN,GA,1.76
flatbeds,state,False,MN,IA,2.4
flatbeds,state,False,MN,IL,1.79
flatbeds,state,False,MN,IN,1.69
flatbeds,state,False,MN,KS,1.89
flatbeds,state,False,MN,KY,1.74
flatbeds,state,False,MN,LA,1.68
flatbeds,state,False,MN,MA,2.07
flatbeds,state,False,MN,MD,1.86
flatbeds,state,False,MN,MI,1.82
flatbeds,state,False,MN,MN,3.58
flatbeds,state,False,MN,MO,1.82
flatbeds,state,False,MN,MS,1.4
flatbeds,state,False,MN,NC,1.58
flatbeds,state,False,MN,ND,3.12
flatbeds,state,False,MN,NE,2.44
flatbeds,state,False,MN,NJ,2.13
flatbeds,state,False,MN,NV,2.31
flatbeds,state,False,MN,NY,1.96
flatbeds,state,False,MN,OH,1.84
flatbeds,state,False,MN,OK,2.18
flatbeds,state,False,MN,PA,1.79
flatbeds,state,False,MN,SC,1.84
flatbeds,state,False,MN,SD,2.6
flatbeds,state,False,MN,TN,1.55
flatbeds,state,False,MN,TX,1.75
flatbeds,state,False,MN,UT,2.47
flatbeds,state,False,MN,VA,1.95
flatbeds,state,False,MN,WA,2.07
flatbeds,state,False,MN,WI,2.48
flatbeds,state,False,MN,WY,2.55
flatbeds,state,False,MO,AL,1.72
flatbeds,state,False,MO,AR,2.26
flatbeds,state,False,MO,AZ,2.16
flatbeds,state,False,MO,CA,1.98
flatbeds,state,False,MO,CO,3.07
flatbeds,state,False,MO,CT,2.43
flatbeds,state,False,MO,FL,2.2
flatbeds,state,False,MO,GA,1.86
flatbeds,state,False,MO,IA,2.7
flatbeds,state,False,MO,ID,1.94
flatbeds,state,False,MO,IL,2.28
flatbeds,state,False,MO,IN,2.51
flatbeds,state,False,MO,KS,3.11
flatbeds,state,False,MO,KY,2.36
flatbeds,state,False,MO,LA,1.83
flatbeds,state,False,MO,MA,2.42
flatbeds,state,False,MO,MD,2.24
flatbeds,state,False,MO,MI,2.34
flatbeds,state,False,MO,MN,2.53
flatbeds,state,False,MO,MO,3.35
flatbeds,state,False,MO,MS,1.9
flatbeds,state,False,MO,NC,2.36
flatbeds,state,False,MO,ND,2.93
flatbeds,state,False,MO,NE,2.73
flatbeds,state,False,MO,NJ,2.42
flatbeds,state,False,MO,NM,2.83
flatbeds,state,False,MO,NV,2.61
flatbeds,state,False,MO,NY,2.61
flatbeds,state,False,MO,OH,2.18
flatbeds,state,False,MO,OK,2.32
flatbeds,state,False,MO,ON,1.85
flatbeds,state,False,MO,OR,2.03
flatbeds,state,False,MO,PA,2.27
flatbeds,state,False,MO,SC,2.53
flatbeds,state,False,MO,SD,2.85
flatbeds,state,False,MO,TN,2.22
flatbeds,state,False,MO,TX,1.94
flatbeds,state,False,MO,UT,2.34
flatbeds,state,False,MO,VA,2.29
flatbeds,state,False,MO,WA,1.94
flatbeds,state,False,MO,WI,2.25
flatbeds,state,False,MO,WV,1.56
flatbeds,state,False,MO,WY,2.75
flatbeds,state,False,MS,AL,3.07
flatbeds,state,False,MS,AR,2.66
flatbeds,state,False,MS,AZ,2.02
flatbeds,state,False,MS,CA,1.97
flatbeds,state,False,MS,CO,2.76
flatbeds,state,False,MS,CT,2.43
flatbeds,state,False,MS,FL,2.6
flatbeds,state,False,MS,GA,2.68
flatbeds,state,False,MS,IA,2.75
flatbeds,state,False,MS,IL,2.36
flatbeds,state,False,MS,IN,2.8
flatbeds,state,False,MS,KS,2.22
flatbeds,state,False,MS,KY,2.85
flatbeds,state,False,MS,LA,2.69
flatbeds,state,False,MS,MA,2.63
flatbeds,state,False,MS,ME,2.48
flatbeds,state,False,MS,MI,2.54
flatbeds,state,False,MS,MN,2.25
flatbeds,state,False,MS,MO,2.7
flatbeds,state,False,MS,MS,3.46
flatbeds,state,False,MS,NC,2.36
flatbeds,state,False,MS,NE,2.72
flatbeds,state,False,MS,NJ,2.28
flatbeds,state,False,MS,NM,2.77
flatbeds,state,False,MS,NV,1.67
flatbeds,state,False,MS,NY,2.41
flatbeds,state,False,MS,OH,2.13
flatbeds,state,False,MS,OK,2.88
flatbeds,state,False,MS,PA,2.45
flatbeds,state,False,MS,SC,2.36
flatbeds,state,False,MS,TN,2.97
flatbeds,state,False,MS,TX,2.54
flatbeds,state,False,MS,UT,1.9
flatbeds,state,False,MS,VA,2.77
flatbeds,state,False,MS,WA,1.76
flatbeds,state,False,MS,WI,2.25
flatbeds,state,False,MS,WV,2.68
flatbeds,state,False,MT,Dest - AB,2.37
flatbeds,state,False,MT,AZ,1.85
flatbeds,state,False,MT,CA,1.87
flatbeds,state,False,MT,CO,1.86
flatbeds,state,False,MT,ID,2.27
flatbeds,state,False,MT,IL,1.3
flatbeds,state,False,MT,MT,3.36
flatbeds,state,False,MT,OH,1.62
flatbeds,state,False,MT,TX,1.45
flatbeds,state,False,MT,UT,2.11
flatbeds,state,False,MT,WA,2.17
flatbeds,state,False,NC,AL,1.82
flatbeds,state,False,NC,AR,1.75
flatbeds,state,False,NC,AZ,1.91
flatbeds,state,False,NC,CA,1.67
flatbeds,state,False,NC,CO,2.18
flatbeds,state,False,NC,CT,2.79
flatbeds,state,False,NC,DE,2.7
flatbeds,state,False,NC,FL,2.18
flatbeds,state,False,NC,GA,2.24
flatbeds,state,False,NC,IA,2.39
flatbeds,state,False,NC,ID,1.46
flatbeds,state,False,NC,IL,1.91
flatbeds,state,False,NC,IN,1.9
flatbeds,state,False,NC,KS,1.86
flatbeds,state,False,NC,KY,1.93
flatbeds,state,False,NC,LA,1.79
flatbeds,state,False,NC,MA,2.72
flatbeds,state,False,NC,MD,3.03
flatbeds,state,False,NC,ME,2.84
flatbeds,state,False,NC,MI,2.2
flatbeds,state,False,NC,MN,1.85
flatbeds,state,False,NC,MO,1.75
flatbeds,state,False,NC,MS,1.74
flatbeds,state,False,NC,NC,3.95
flatbeds,state,False,NC,NE,1.98
flatbeds,state,False,NC,NH,2.65
flatbeds,state,False,NC,NJ,2.82
flatbeds,state,False,NC,NV,1.37
flatbeds,state,False,NC,NY,2.91
flatbeds,state,False,NC,OH,2.08
flatbeds,state,False,NC,OK,1.67
flatbeds,state,False,NC,ON,1.95
flatbeds,state,False,NC,OR,1.94
flatbeds,state,False,NC,PA,2.71
flatbeds,state,False,NC,SC,2.71
flatbeds,state,False,NC,SD,2.0
flatbeds,state,False,NC,TN,2.05
flatbeds,state,False,NC,TX,1.64
flatbeds,state,False,NC,UT,1.74
flatbeds,state,False,NC,VA,3.26
flatbeds,state,False,NC,WA,2.04
flatbeds,state,False,NC,WI,1.89
flatbeds,state,False,NC,WV,3.03
flatbeds,state,False,ND,CA,1.94
flatbeds,state,False,ND,CO,2.51
flatbeds,state,False,ND,IA,2.12
flatbeds,state,False,ND,ID,2.18
flatbeds,state,False,ND,IL,1.73
flatbeds,state,False,ND,IN,1.6
flatbeds,state,False,ND,KS,1.97
flatbeds,state,False,ND,MI,1.59
flatbeds,state,False,ND,MN,2.2
flatbeds,state,False,ND,MO,2.48
flatbeds,state,False,ND,MT,3.36
flatbeds,state,False,ND,NC,1.59
flatbeds,state,False,ND,ND,4.49
flatbeds,state,False,ND,NE,2.11
flatbeds,state,False,ND,OH,1.97
flatbeds,state,False,ND,OK,1.47
flatbeds,state,False,ND,SD,2.53
flatbeds,state,False,ND,TX,1.65
flatbeds,state,False,ND,UT,2.51
flatbeds,state,False,ND,WI,1.69
flatbeds,state,False,NE,Dest - AB,1.19
flatbeds,state,False,NE,AL,1.41
flatbeds,state,False,NE,AR,2.01
flatbeds,state,False,NE,AZ,2.11
flatbeds,state,False,NE,CA,1.76
flatbeds,state,False,NE,CO,3.15
flatbeds,state,False,NE,FL,1.9
flatbeds,state,False,NE,GA,1.73
flatbeds,state,False,NE,IA,2.95
flatbeds,state,False,NE,IL,1.72
flatbeds,state,False,NE,IN,1.54
flatbeds,state,False,NE,KS,3.02
flatbeds,state,False,NE,KY,1.71
flatbeds,state,False,NE,LA,1.72
flatbeds,state,False,NE,MD,1.93
flatbeds,state,False,NE,MI,1.7
flatbeds,state,False,NE,MN,2.1
flatbeds,state,False,NE,MO,2.54
flatbeds,state,False,NE,MS,1.73
flatbeds,state,False,NE,MT,3.11
flatbeds,state,False,NE,NC,1.43
flatbeds,state,False,NE,ND,2.53
flatbeds,state,False,NE,NE,3.08
flatbeds,state,False,NE,NJ,2.09
flatbeds,state,False,NE,NY,1.9
flatbeds,state,False,NE,OH,1.7
flatbeds,state,False,NE,OK,2.01
flatbeds,state,False,NE,PA,1.88
flatbeds,state,False,NE,SC,1.71
flatbeds,state,False,NE,SD,3.36
flatbeds,state,False,NE,TN,1.49
flatbeds,state,False,NE,TX,1.95
flatbeds,state,False,NE,UT,2.36
flatbeds,state,False,NE,WA,2.03
flatbeds,state,False,NE,WI,1.82
flatbeds,state,False,NH,AZ,1.51
flatbeds,state,False,NH,CA,1.4
flatbeds,state,False,NH,FL,1.73
flatbeds,state,False,NH,GA,1.45
flatbeds,state,False,NH,IN,1.71
flatbeds,state,False,NH,MD,2.88
flatbeds,state,False,NH,MI,1.42
flatbeds,state,False,NH,NC,2.42
flatbeds,state,False,NH,NJ,2.45
flatbeds,state,False,NH,NY,3.63
flatbeds,state,False,NH,OH,1.32
flatbeds,state,False,NH,OK,1.48
flatbeds,state,False,NH,PA,2.21
flatbeds,state,False,NH,TX,1.44
flatbeds,state,False,NH,VA,2.29
flatbeds,state,False,NJ,AL,1.59
flatbeds,state,False,NJ,AR,1.54
flatbeds,state,False,NJ,AZ,1.32
flatbeds,state,False,NJ,CA,1.43
flatbeds,state,False,NJ,CO,1.85
flatbeds,state,False,NJ,CT,4.59
flatbeds,state,False,NJ,FL,1.8
flatbeds,state,False,NJ,GA,1.48
flatbeds,state,False,NJ,IA,1.48
flatbeds,state,False,NJ,ID,1.65
flatbeds,state,False,NJ,IL,1.59
flatbeds,state,False,NJ,IN,1.61
flatbeds,state,False,NJ,KS,1.44
flatbeds,state,False,NJ,KY,1.44
flatbeds,state,False,NJ,LA,1.13
flatbeds,state,False,NJ,MA,4.13
flatbeds,state,False,NJ,MD,3.56
flatbeds,state,False,NJ,ME,2.69
flatbeds,state,False,NJ,MI,1.68
flatbeds,state,False,NJ,MN,1.83
flatbeds,state,False,NJ,MO,1.54
flatbeds,state,False,NJ,NC,1.93
flatbeds,state,False,NJ,NE,1.59
flatbeds,state,False,NJ,NH,3.64
flatbeds,state,False,NJ,NM,1.64
flatbeds,state,False,NJ,NY,3.7
flatbeds,state,False,NJ,OH,1.64
flatbeds,state,False,NJ,ON,1.82
flatbeds,state,False,NJ,PA,3.04
flatbeds,state,False,NJ,RI,4.44
flatbeds,state,False,NJ,SC,1.58
flatbeds,state,False,NJ,TN,1.45
flatbeds,state,False,NJ,TX,1.24
flatbeds,state,False,NJ,UT,1.56
flatbeds,state,False,NJ,VA,2.85
flatbeds,state,False,NJ,WI,1.52
flatbeds,state,False,NJ,WV,1.83
flatbeds,state,False,NM,AL,1.44
flatbeds,state,False,NM,AZ,1.95
flatbeds,state,False,NM,CA,1.66
flatbeds,state,False,NM,CO,2.62
flatbeds,state,False,NM,FL,1.57
flatbeds,state,False,NM,GA,1.45
flatbeds,state,False,NM,IA,1.95
flatbeds,state,False,NM,IL,1.15
flatbeds,state,False,NM,IN,1.27
flatbeds,state,False,NM,KS,1.89
flatbeds,state,False,NM,LA,1.3
flatbeds,state,False,NM,MO,1.37
flatbeds,state,False,NM,MS,1.56
flatbeds,state,False,NM,NM,2.66
flatbeds,state,False,NM,OK,1.72
flatbeds,state,False,NM,TX,1.66
flatbeds,state,False,NM,UT,2.2
flatbeds,state,False,NM,WI,1.54
flatbeds,state,False,NS,ON,2.08
flatbeds,state,False,NV,AZ,2.62
flatbeds,state,False,NV,BC,1.43
flatbeds,state,False,NV,CA,2.5
flatbeds,state,False,NV,CO,2.43
flatbeds,state,False,NV,FL,1.4
flatbeds,state,False,NV,GA,1.5
flatbeds,state,False,NV,ID,2.15
flatbeds,state,False,NV,IL,1.39
flatbeds,state,False,NV,KS,1.47
flatbeds,state,False,NV,MT,2.47
flatbeds,state,False,NV,NC,1.67
flatbeds,state,False,NV,NE,1.55
flatbeds,state,False,NV,NM,2.14
flatbeds,state,False,NV,NV,2.12
flatbeds,state,False,NV,OH,1.71
flatbeds,state,False,NV,ON,2.31
flatbeds,state,False,NV,OR,1.93
flatbeds,state,False,NV,PA,1.36
flatbeds,state,False,NV,SC,1.51
flatbeds,state,False,NV,TX,1.49
flatbeds,state,False,NV,UT,2.41
flatbeds,state,False,NV,VA,1.45
flatbeds,state,False,NV,WA,1.86
flatbeds,state,False,NV,WI,1.52
flatbeds,state,False,NY,AL,1.73
flatbeds,state,False,NY,AR,1.63
flatbeds,state,False,NY,CA,1.67
flatbeds,state,False,NY,CO,1.93
flatbeds,state,False,NY,CT,3.98
flatbeds,state,False,NY,DE,3.6
flatbeds,state,False,NY,FL,1.82
flatbeds,state,False,NY,GA,1.74
flatbeds,state,False,NY,IA,1.96
flatbeds,state,False,NY,ID,1.94
flatbeds,state,False,NY,IL,1.8
flatbeds,state,False,NY,IN,1.83
flatbeds,state,False,NY,KY,1.47
flatbeds,state,False,NY,LA,1.63
flatbeds,state,False,NY,MA,3.94
flatbeds,state,False,NY,MD,3.11
flatbeds,state,False,NY,ME,3.03
flatbeds,state,False,NY,MI,2.24
flatbeds,state,False,NY,MN,1.83
flatbeds,state,False,NY,MO,1.85
flatbeds,state,False,NY,MS,1.41
flatbeds,state,False,NY,NC,1.66
flatbeds,state,False,NY,NE,1.76
flatbeds,state,False,NY,NH,3.16
flatbeds,state,False,NY,NJ,3.52
flatbeds,state,False,NY,NV,1.58
flatbeds,state,False,NY,NY,3.88
flatbeds,state,False,NY,OH,1.92
flatbeds,state,False,NY,OK,1.73
flatbeds,state,False,NY,ON,2.43
flatbeds,state,False,NY,PA,3.01
flatbeds,state,False,NY,RI,3.59
flatbeds,state,False,NY,SC,1.87
flatbeds,state,False,NY,TN,1.71
flatbeds,state,False,NY,TX,1.65
flatbeds,state,False,NY,VA,2.1
flatbeds,state,False,NY,VT,3.42
flatbeds,state,False,NY,WA,1.46
flatbeds,state,False,NY,WI,1.65
flatbeds,state,False,NY,WV,2.14
flatbeds,state,False,OH,Dest - AB,1.27
flatbeds,state,False,OH,AL,1.91
flatbeds,state,False,OH,AR,2.0
flatbeds,state,False,OH,AZ,1.78
flatbeds,state,False,OH,CA,1.62
flatbeds,state,False,OH,CO,2.46
flatbeds,state,False,OH,CT,2.86
flatbeds,state,False,OH,DE,2.94
flatbeds,state,False,OH,FL,2.28
flatbeds,state,False,OH,GA,2.1
flatbeds,state,False,OH,IA,2.38
flatbeds,state,False,OH,ID,2.1
flatbeds,state,False,OH,IL,2.5
flatbeds,state,False,OH,IN,3.08
flatbeds,state,False,OH,KS,2.17
flatbeds,state,False,OH,KY,2.93
flatbeds,state,False,OH,LA,1.75
flatbeds,state,False,OH,MA,2.85
flatbeds,state,False,OH,MD,3.72
flatbeds,state,False,OH,ME,2.71
flatbeds,state,False,OH,MI,3.32
flatbeds,state,False,OH,MN,2.49
flatbeds,state,False,OH,MO,2.29
flatbeds,state,False,OH,MS,1.9
flatbeds,state,False,OH,MT,2.28
flatbeds,state,False,OH,NC,2.53
flatbeds,state,False,OH,ND,2.34
flatbeds,state,False,OH,NE,2.37
flatbeds,state,False,OH,NH,2.92
flatbeds,state,False,OH,NJ,3.2
flatbeds,state,False,OH,NM,2.4
flatbeds,state,False,OH,NV,1.74
flatbeds,state,False,OH,NY,3.45
flatbeds,state,False,OH,OH,3.73
flatbeds,state,False,OH,OK,1.94
flatbeds,state,False,OH,ON,2.69
flatbeds,state,False,OH,OR,1.91
flatbeds,state,False,OH,PA,3.51
flatbeds,state,False,OH,PQ,2.44
flatbeds,state,False,OH,RI,2.65
flatbeds,state,False,OH,SC,2.09
flatbeds,state,False,OH,SD,2.17
flatbeds,state,False,OH,TN,2.35
flatbeds,state,False,OH,TX,1.72
flatbeds,state,False,OH,UT,2.19
flatbeds,state,False,OH,VA,3.25
flatbeds,state,False,OH,WA,1.67
flatbeds,state,False,OH,WI,2.42
flatbeds,state,False,OH,WV,3.57
flatbeds,state,False,OK,Dest - AB,1.42
flatbeds,state,False,OK,AL,1.63
flatbeds,state,False,OK,AR,2.15
flatbeds,state,False,OK,AZ,2.08
flatbeds,state,False,OK,CA,1.95
flatbeds,state,False,OK,CO,2.56
flatbeds,state,False,OK,FL,1.77
flatbeds,state,False,OK,GA,1.83
flatbeds,state,False,OK,IA,1.99
flatbeds,state,False,OK,ID,2.01
flatbeds,state,False,OK,IL,1.73
flatbeds,state,False,OK,IN,1.99
flatbeds,state,False,OK,KS,3.29
flatbeds,state,False,OK,KY,1.59
flatbeds,state,False,OK,LA,1.72
flatbeds,state,False,OK,MD,1.82
flatbeds,state,False,OK,MI,1.68
flatbeds,state,False,OK,MN,2.14
flatbeds,state,False,OK,MO,2.15
flatbeds,state,False,OK,MS,1.42
flatbeds,state,False,OK,NC,1.75
flatbeds,state,False,OK,ND,2.3
flatbeds,state,False,OK,NE,2.3
flatbeds,state,False,OK,NJ,1.79
flatbeds,state,False,OK,NM,2.72
flatbeds,state,False,OK,NV,2.2
flatbeds,state,False,OK,NY,2.18
flatbeds,state,False,OK,OH,1.79
flatbeds,state,False,OK,OK,3.2
flatbeds,state,False,OK,OR,2.29
flatbeds,state,False,OK,PA,1.71
flatbeds,state,False,OK,SC,1.87
flatbeds,state,False,OK,SD,2.09
flatbeds,state,False,OK,TN,1.78
flatbeds,state,False,OK,TX,2.29
flatbeds,state,False,OK,UT,2.27
flatbeds,state,False,OK,VA,1.69
flatbeds,state,False,OK,WA,2.01
flatbeds,state,False,OK,WI,1.6
flatbeds,state,False,OK,WV,2.0
flatbeds,state,False,OK,WY,2.79
flatbeds,state,False,ON,Dest - AB,1.84
flatbeds,state,False,ON,AL,2.0
flatbeds,state,False,ON,CA,1.87
flatbeds,state,False,ON,CT,3.34
flatbeds,state,False,ON,FL,2.08
flatbeds,state,False,ON,GA,2.43
flatbeds,state,False,ON,IL,2.23
flatbeds,state,False,ON,IN,2.37
flatbeds,state,False,ON,MI,3.57
flatbeds,state,False,ON,MN,2.75
flatbeds,state,False,ON,NB,2.18
flatbeds,state,False,ON,NJ,3.26
flatbeds,state,False,ON,NS,1.9
flatbeds,state,False,ON,NY,3.49
flatbeds,state,False,ON,OH,2.99
flatbeds,state,False,ON,ON,3.7
flatbeds,state,False,ON,PA,3.33
flatbeds,state,False,ON,PQ,2.56
flatbeds,state,False,ON,SC,2.68
flatbeds,state,False,ON,TX,2.03
flatbeds,state,False,ON,VA,3.23
flatbeds,state,False,ON,WI,2.91
flatbeds,state,False,OR,Dest - AB,2.16
flatbeds,state,False,OR,AZ,2.09
flatbeds,state,False,OR,BC,3.37
flatbeds,state,False,OR,CA,2.45
flatbeds,state,False,OR,CO,2.63
flatbeds,state,False,OR,CT,1.54
flatbeds,state,False,OR,FL,1.59
flatbeds,state,False,OR,GA,1.37
flatbeds,state,False,OR,ID,3.27
flatbeds,state,False,OR,IL,1.45
flatbeds,state,False,OR,IN,1.46
flatbeds,state,False,OR,KS,1.68
flatbeds,state,False,OR,LA,1.08
flatbeds,state,False,OR,MA,1.68
flatbeds,state,False,OR,MI,1.48
flatbeds,state,False,OR,MN,1.82
flatbeds,state,False,OR,MO,1.68
flatbeds,state,False,OR,MS,1.41
flatbeds,state,False,OR,MT,2.88
flatbeds,state,False,OR,NC,1.39
flatbeds,state,False,OR,NE,1.82
flatbeds,state,False,OR,NM,2.04
flatbeds,state,False,OR,NV,2.61
flatbeds,state,False,OR,NY,1.73
flatbeds,state,False,OR,OH,1.44
flatbeds,state,False,OR,OK,1.56
flatbeds,state,False,OR,OR,3.6
flatbeds,state,False,OR,PA,1.51
flatbeds,state,False,OR,SD,2.13
flatbeds,state,False,OR,TN,1.5
flatbeds,state,False,OR,TX,1.6
flatbeds,state,False,OR,UT,2.61
flatbeds,state,False,OR,WA,3.41
flatbeds,state,False,OR,WI,1.7
flatbeds,state,False,PA,AL,1.58
flatbeds,state,False,PA,AR,1.68
flatbeds,state,False,PA,AZ,1.53
flatbeds,state,False,PA,CA,1.5
flatbeds,state,False,PA,CO,1.94
flatbeds,state,False,PA,CT,3.76
flatbeds,state,False,PA,DE,3.38
flatbeds,state,False,PA,FL,2.01
flatbeds,state,False,PA,GA,1.65
flatbeds,state,False,PA,IA,1.79
flatbeds,state,False,PA,ID,1.91
flatbeds,state,False,PA,IL,1.82
flatbeds,state,False,PA,IN,1.95
flatbeds,state,False,PA,KS,1.75
flatbeds,state,False,PA,KY,1.87
flatbeds,state,False,PA,LA,1.62
flatbeds,state,False,PA,MA,3.53
flatbeds,state,False,PA,MD,4.49
flatbeds,state,False,PA,ME,3.14
flatbeds,state,False,PA,MI,2.23
flatbeds,state,False,PA,MN,1.88
flatbeds,state,False,PA,MO,1.76
flatbeds,state,False,PA,MS,1.76
flatbeds,state,False,PA,MT,1.58
flatbeds,state,False,PA,NC,1.9
flatbeds,state,False,PA,ND,1.64
flatbeds,state,False,PA,NE,1.87
flatbeds,state,False,PA,NH,2.99
flatbeds,state,False,PA,NJ,4.33
flatbeds,state,False,PA,NM,1.47
flatbeds,state,False,PA,NV,1.67
flatbeds,state,False,PA,NY,4.31
flatbeds,state,False,PA,OH,2.54
flatbeds,state,False,PA,OK,1.64
flatbeds,state,False,PA,ON,2.11
flatbeds,state,False,PA,OR,1.41
flatbeds,state,False,PA,PA,3.7
flatbeds,state,False,PA,PQ,2.37
flatbeds,state,False,PA,RI,3.42
flatbeds,state,False,PA,SC,1.65
flatbeds,state,False,PA,SD,2.07
flatbeds,state,False,PA,TN,1.63
flatbeds,state,False,PA,TX,1.52
flatbeds,state,False,PA,UT,1.77
flatbeds,state,False,PA,VA,3.09
flatbeds,state,False,PA,VT,2.94
flatbeds,state,False,PA,WA,1.52
flatbeds,state,False,PA,WI,1.8
flatbeds,state,False,PA,WV,3.03
flatbeds,state,False,PQ,FL,2.31
flatbeds,state,False,PQ,ON,2.73
flatbeds,state,False,PQ,PA,3.23
flatbeds,state,False,PQ,PQ,3.23
flatbeds,state,False,PQ,TX,2.28
flatbeds,state,False,RI,NJ,2.9
flatbeds,state,False,RI,NY,4.0
flatbeds,state,False,RI,OH,1.3
flatbeds,state,False,SC,AL,2.06
flatbeds,state,False,SC,AR,1.6
flatbeds,state,False,SC,AZ,1.94
flatbeds,state,False,SC,CA,1.66
flatbeds,state,False,SC,CO,2.11
flatbeds,state,False,SC,CT,2.73
flatbeds,state,False,SC,DE,2.3
flatbeds,state,False,SC,FL,2.54
flatbeds,state,False,SC,GA,3.13
flatbeds,state,False,SC,IA,2.14
flatbeds,state,False,SC,IL,1.96
flatbeds,state,False,SC,IN,1.97
flatbeds,state,False,SC,KS,1.8
flatbeds,state,False,SC,KY,2.09
flatbeds,state,False,SC,LA,1.73
flatbeds,state,False,SC,MA,2.56
flatbeds,state,False,SC,MD,2.74
flatbeds,state,False,SC,ME,2.43
flatbeds,state,False,SC,MI,2.04
flatbeds,state,False,SC,MN,2.27
flatbeds,state,False,SC,MO,1.86
flatbeds,state,False,SC,MS,1.75
flatbeds,state,False,SC,NC,3.21
flatbeds,state,False,SC,NE,1.48
flatbeds,state,False,SC,NH,2.25
flatbeds,state,False,SC,NJ,2.76
flatbeds,state,False,SC,NM,1.85
flatbeds,state,False,SC,NV,1.71
flatbeds,state,False,SC,NY,2.75
flatbeds,state,False,SC,OH,2.13
flatbeds,state,False,SC,OK,1.7
flatbeds,state,False,SC,ON,1.7
flatbeds,state,False,SC,OR,1.75
flatbeds,state,False,SC,PA,2.62
flatbeds,state,False,SC,RI,2.51
flatbeds,state,False,SC,SC,3.56
flatbeds,state,False,SC,TN,2.27
flatbeds,state,False,SC,TX,1.71
flatbeds,state,False,SC,UT,1.68
flatbeds,state,False,SC,VA,2.81
flatbeds,state,False,SC,WA,1.58
flatbeds,state,False,SC,WI,2.03
flatbeds,state,False,SC,WV,2.33
flatbeds,state,False,SD,CA,1.9
flatbeds,state,False,SD,CO,2.98
flatbeds,state,False,SD,FL,1.55
flatbeds,state,False,SD,GA,1.43
flatbeds,state,False,SD,IA,2.37
flatbeds,state,False,SD,ID,2.26
flatbeds,state,False,SD,IL,1.78
flatbeds,state,False,SD,IN,1.59
flatbeds,state,False,SD,KS,1.73
flatbeds,state,False,SD,MI,1.86
flatbeds,state,False,SD,MN,2.58
flatbeds,state,False,SD,MO,1.88
flatbeds,state,False,SD,NC,1.75
flatbeds,state,False,SD,ND,2.54
flatbeds,state,False,SD,NE,3.73
flatbeds,state,False,SD,OH,1.88
flatbeds,state,False,SD,OK,1.76
flatbeds,state,False,SD,PA,1.67
flatbeds,state,False,SD,SD,3.99
flatbeds,state,False,SD,TX,1.63
flatbeds,state,False,SD,UT,2.47
flatbeds,state,False,SD,VA,1.98
flatbeds,state,False,SD,WA,1.99
flatbeds,state,False,SD,WI,2.06
flatbeds,state,False,SK,Dest - AB,2.26
flatbeds,state,False,TN,AL,3.06
flatbeds,state,False,TN,AR,2.54
flatbeds,state,False,TN,AZ,2.22
flatbeds,state,False,TN,CA,1.83
flatbeds,state,False,TN,CO,2.64
flatbeds,state,False,TN,CT,2.7
flatbeds,state,False,TN,FL,2.44
flatbeds,state,False,TN,GA,2.92
flatbeds,state,False,TN,IA,2.9
flatbeds,state,False,TN,IL,2.36
flatbeds,state,False,TN,IN,2.76
flatbeds,state,False,TN,KS,2.15
flatbeds,state,False,TN,KY,3.34
flatbeds,state,False,TN,LA,2.2
flatbeds,state,False,TN,MA,2.63
flatbeds,state,False,TN,MD,2.91
flatbeds,state,False,TN,MI,2.32
flatbeds,state,False,TN,MN,2.11
flatbeds,state,False,TN,MO,2.71
flatbeds,state,False,TN,MS,2.42
flatbeds,state,False,TN,NC,2.76
flatbeds,state,False,TN,NE,1.81
flatbeds,state,False,TN,NH,2.81
flatbeds,state,False,TN,NJ,2.71
flatbeds,state,False,TN,NV,1.96
flatbeds,state,False,TN,NY,2.74
flatbeds,state,False,TN,OH,2.52
flatbeds,state,False,TN,OK,2.4
flatbeds,state,False,TN,ON,1.82
flatbeds,state,False,TN,OR,1.84
flatbeds,state,False,TN,PA,2.55
flatbeds,state,False,TN,SC,2.65
flatbeds,state,False,TN,TN,3.19
flatbeds,state,False,TN,TX,2.28
flatbeds,state,False,TN,UT,2.32
flatbeds,state,False,TN,VA,2.48
flatbeds,state,False,TN,WA,2.34
flatbeds,state,False,TN,WI,2.28
flatbeds,state,False,TN,WV,3.05
flatbeds,state,False,TX,Dest - AB,1.5
flatbeds,state,False,TX,AL,1.56
flatbeds,state,False,TX,AR,1.81
flatbeds,state,False,TX,AZ,2.02
flatbeds,state,False,TX,BC,1.42
flatbeds,state,False,TX,CA,1.79
flatbeds,state,False,TX,CO,2.61
flatbeds,state,False,TX,CT,1.68
flatbeds,state,False,TX,DE,1.96
flatbeds,state,False,TX,FL,1.76
flatbeds,state,False,TX,GA,1.64
flatbeds,state,False,TX,IA,2.01
flatbeds,state,False,TX,ID,2.07
flatbeds,state,False,TX,IL,1.63
flatbeds,state,False,TX,IN,1.69
flatbeds,state,False,TX,KS,2.16
flatbeds,state,False,TX,KY,1.61
flatbeds,state,False,TX,LA,2.32
flatbeds,state,False,TX,MA,1.74
flatbeds,state,False,TX,MD,1.76
flatbeds,state,False,TX,ME,1.84
flatbeds,state,False,TX,MI,1.71
flatbeds,state,False,TX,MN,1.99
flatbeds,state,False,TX,MO,1.93
flatbeds,state,False,TX,MS,1.68
flatbeds,state,False,TX,MT,2.21
flatbeds,state,False,TX,NC,1.69
flatbeds,state,False,TX,ND,2.25
flatbeds,state,False,TX,NE,2.3
flatbeds,state,False,TX,NH,1.86
flatbeds,state,False,TX,NJ,1.76
flatbeds,state,False,TX,NM,2.57
flatbeds,state,False,TX,NV,1.98
flatbeds,state,False,TX,NY,1.92
flatbeds,state,False,TX,OH,1.67
flatbeds,state,False,TX,OK,2.48
flatbeds,state,False,TX,ON,1.44
flatbeds,state,False,TX,OR,1.79
flatbeds,state,False,TX,PA,1.7
flatbeds,state,False,TX,PQ,1.53
flatbeds,state,False,TX,RI,1.41
flatbeds,state,False,TX,SC,1.75
flatbeds,state,False,TX,SD,2.28
flatbeds,state,False,TX,TN,1.6
flatbeds,state,False,TX,TX,2.44
flatbeds,state,False,TX,UT,2.16
flatbeds,state,False,TX,VA,1.85
flatbeds,state,False,TX,WA,1.73
flatbeds,state,False,TX,WI,1.73
flatbeds,state,False,TX,WV,1.76
flatbeds,state,False,TX,WY,2.39
flatbeds,state,False,UT,AZ,1.68
flatbeds,state,False,UT,CA,1.76
flatbeds,state,False,UT,CO,2.3
flatbeds,state,False,UT,FL,1.58
flatbeds,state,False,UT,GA,1.4
flatbeds,state,False,UT,IA,1.56
flatbeds,state,False,UT,ID,2.45
flatbeds,state,False,UT,IL,1.38
flatbeds,state,False,UT,IN,1.32
flatbeds,state,False,UT,KS,1.62
flatbeds,state,False,UT,MI,1.69
flatbeds,state,False,UT,MN,1.59
flatbeds,state,False,UT,MO,1.45
flatbeds,state,False,UT,MS,1.68
flatbeds,state,False,UT,MT,2.7
flatbeds,state,False,UT,NC,1.68
flatbeds,state,False,UT,ND,2.28
flatbeds,state,False,UT,NE,1.64
flatbeds,state,False,UT,NM,2.23
flatbeds,state,False,UT,NV,2.0
flatbeds,state,False,UT,NY,1.43
flatbeds,state,False,UT,OH,1.83
flatbeds,state,False,UT,OK,1.33
flatbeds,state,False,UT,OR,1.8
flatbeds,state,False,UT,PA,1.42
flatbeds,state,False,UT,SC,1.59
flatbeds,state,False,UT,SD,2.12
flatbeds,state,False,UT,TN,1.35
flatbeds,state,False,UT,TX,1.44
flatbeds,state,False,UT,UT,2.92
flatbeds,state,False,UT,VA,1.88
flatbeds,state,False,UT,WA,1.79
flatbeds,state,False,UT,WY,2.46
flatbeds,state,False,VA,AL,1.76
flatbeds,state,False,VA,AR,1.43
flatbeds,state,False,VA,AZ,1.73
flatbeds,state,False,VA,CA,1.5
flatbeds,state,False,VA,CO,2.01
flatbeds,state,False,VA,CT,3.29
flatbeds,state,False,VA,DE,3.73
flatbeds,state,False,VA,FL,1.98
flatbeds,state,False,VA,GA,1.93
flatbeds,state,False,VA,IA,1.92
flatbeds,state,False,VA,IL,1.79
flatbeds,state,False,VA,IN,1.91
flatbeds,state,False,VA,KS,1.96
flatbeds,state,False,VA,KY,2.31
flatbeds,state,False,VA,LA,1.62
flatbeds,state,False,VA,MA,2.68
flatbeds,state,False,VA,MD,3.43
flatbeds,state,False,VA,MI,1.82
flatbeds,state,False,VA,MN,1.87
flatbeds,state,False,VA,MO,1.84
flatbeds,state,False,VA,MS,1.7
flatbeds,state,False,VA,NC,2.54
flatbeds,state,False,VA,NE,1.7
flatbeds,state,False,VA,NH,2.88
flatbeds,state,False,VA,NJ,3.11
flatbeds,state,False,VA,NV,2.0
flatbeds,state,False,VA,NY,3.28
flatbeds,state,False,VA,OH,2.09
flatbeds,state,False,VA,OK,1.7
flatbeds,state,False,VA,ON,1.95
flatbeds,state,False,VA,PA,2.83
flatbeds,state,False,VA,PQ,1.57
flatbeds,state,False,VA,SC,2.43
flatbeds,state,False,VA,TN,1.82
flatbeds,state,False,VA,TX,1.58
flatbeds,state,False,VA,UT,1.76
flatbeds,state,False,VA,VA,3.83
flatbeds,state,False,VA,WA,1.52
flatbeds,state,False,VA,WI,2.0
flatbeds,state,False,VA,WV,2.97
flatbeds,state,False,VT,MA,3.19
flatbeds,state,False,VT,ME,3.46
flatbeds,state,False,VT,NY,2.82
flatbeds,state,False,VT,PA,1.77
flatbeds,state,False,VT,TX,1.45
flatbeds,state,False,WA,Dest - AB,1.97
flatbeds,state,False,WA,AL,1.41
flatbeds,state,False,WA,AR,1.71
flatbeds,state,False,WA,AZ,2.26
flatbeds,state,False,WA,BC,3.51
flatbeds,state,False,WA,CA,2.2
flatbeds,state,False,WA,CO,2.45
flatbeds,state,False,WA,CT,1.93
flatbeds,state,False,WA,FL,1.61
flatbeds,state,False,WA,GA,1.51
flatbeds,state,False,WA,IA,1.52
flatbeds,state,False,WA,ID,3.34
flatbeds,state,False,WA,IL,1.56
flatbeds,state,False,WA,IN,1.54
flatbeds,state,False,WA,KS,1.71
flatbeds,state,False,WA,KY,1.76
flatbeds,state,False,WA,LA,1.67
flatbeds,state,False,WA,MA,1.51
flatbeds,state,False,WA,MI,1.6
flatbeds,state,False,WA,MN,1.68
flatbeds,state,False,WA,MO,1.5
flatbeds,state,False,WA,MT,3.3
flatbeds,state,False,WA,NC,1.49
flatbeds,state,False,WA,ND,2.11
flatbeds,state,False,WA,NE,1.77
flatbeds,state,False,WA,NJ,1.6
flatbeds,state,False,WA,NM,2.3
flatbeds,state,False,WA,NV,2.32
flatbeds,state,False,WA,NY,1.7
flatbeds,state,False,WA,OH,1.51
flatbeds,state,False,WA,OK,1.76
flatbeds,state,False,WA,OR,3.27
flatbeds,state,False,WA,PA,1.43
flatbeds,state,False,WA,TN,1.49
flatbeds,state,False,WA,TX,1.49
flatbeds,state,False,WA,UT,2.38
flatbeds,state,False,WA,VA,1.55
flatbeds,state,False,WA,WA,3.74
flatbeds,state,False,WA,WI,1.57
flatbeds,state,False,WA,WY,2.86
flatbeds,state,False,WI,AL,1.84
flatbeds,state,False,WI,AR,1.81
flatbeds,state,False,WI,AZ,1.88
flatbeds,state,False,WI,CA,1.63
flatbeds,state,False,WI,CO,2.72
flatbeds,state,False,WI,CT,2.46
flatbeds,state,False,WI,DE,2.68
flatbeds,state,False,WI,FL,1.99
flatbeds,state,False,WI,GA,2.02
flatbeds,state,False,WI,IA,3.2
flatbeds,state,False,WI,ID,2.22
flatbeds,state,False,WI,IL,2.64
flatbeds,state,False,WI,IN,2.8
flatbeds,state,False,WI,KS,2.29
flatbeds,state,False,WI,KY,2.08
flatbeds,state,False,WI,LA,1.69
flatbeds,state,False,WI,MA,1.89
flatbeds,state,False,WI,MD,2.69
flatbeds,state,False,WI,MI,2.35
flatbeds,state,False,WI,MN,2.86
flatbeds,state,False,WI,MO,2.33
flatbeds,state,False,WI,MS,1.96
flatbeds,state,False,WI,NC,2.08
flatbeds,state,False,WI,ND,2.86
flatbeds,state,False,WI,NE,2.29
flatbeds,state,False,WI,NJ,2.67
flatbeds,state,False,WI,NV,1.94
flatbeds,state,False,WI,NY,2.57
flatbeds,state,False,WI,OH,2.3
flatbeds,state,False,WI,OK,2.26
flatbeds,state,False,WI,ON,2.17
flatbeds,state,False,WI,OR,2.18
flatbeds,state,False,WI,PA,2.16
flatbeds,state,False,WI,SC,1.89
flatbeds,state,False,WI,SD,2.45
flatbeds,state,False,WI,TN,1.9
flatbeds,state,False,WI,TX,1.75
flatbeds,state,False,WI,UT,1.9
flatbeds,state,False,WI,VA,2.13
flatbeds,state,False,WI,WA,2.12
flatbeds,state,False,WI,WI,3.19
flatbeds,state,False,WV,AL,2.08
flatbeds,state,False,WV,CA,1.98
flatbeds,state,False,WV,CT,3.29
flatbeds,state,False,WV,FL,2.26
flatbeds,state,False,WV,GA,2.32
flatbeds,state,False,WV,IL,2.27
flatbeds,state,False,WV,IN,2.44
flatbeds,state,False,WV,KY,2.8
flatbeds,state,False,WV,MA,3.27
flatbeds,state,False,WV,MD,4.04
flatbeds,state,False,WV,MI,2.29
flatbeds,state,False,WV,MN,2.56
flatbeds,state,False,WV,NC,2.59
flatbeds,state,False,WV,NJ,3.85
flatbeds,state,False,WV,NY,3.71
flatbeds,state,False,WV,OH,3.44
flatbeds,state,False,WV,OK,2.58
flatbeds,state,False,WV,PA,3.68
flatbeds,state,False,WV,SC,1.98
flatbeds,state,False,WV,TN,2.6
flatbeds,state,False,WV,TX,1.74
flatbeds,state,False,WV,VA,3.55
flatbeds,state,False,WV,WI,2.16
flatbeds,state,False,WY,AZ,2.23
flatbeds,state,False,WY,CA,2.05
flatbeds,state,False,WY,CO,3.6
flatbeds,state,False,WY,FL,1.53
flatbeds,state,False,WY,GA,1.31
flatbeds,state,False,WY,IA,1.1
flatbeds,state,False,WY,IL,1.23
flatbeds,state,False,WY,IN,1.88
flatbeds,state,False,WY,KS,2.08
flatbeds,state,False,WY,MO,1.79
flatbeds,state,False,WY,ND,2.31
flatbeds,state,False,WY,NE,1.56
flatbeds,state,False,WY,NM,2.07
flatbeds,state,False,WY,NV,2.16
flatbeds,state,False,WY,OH,1.46
flatbeds,state,False,WY,OK,1.4
flatbeds,state,False,WY,PA,1.49
flatbeds,state,False,WY,SD,2.07
flatbeds,state,False,WY,TX,1.44
flatbeds,state,False,WY,UT,2.75
flatbeds,state,False,WY,WA,1.82
flatbeds,state,False,WY,WI,1.62
flatbeds,state,False,WY,WY,3.07
flatbeds,state,True,Origin - AB,Dest - AB,3.36
flatbeds,state,True,Origin - AB,CO,2.76
flatbeds,state,True,Origin - AB,ON,2.21
flatbeds,state,True,Origin - AB,TX,2.05
flatbeds,state,True,Origin - AB,WY,2.96
flatbeds,state,True,AL,AL,3.29
flatbeds,state,True,AL,AR,2.79
flatbeds,state,True,AL,AZ,2.48
flatbeds,state,True,AL,CA,2.33
flatbeds,state,True,AL,CO,3.31
flatbeds,state,True,AL,CT,3.27
flatbeds,state,True,AL,DE,3.19
flatbeds,state,True,AL,FL,3.16
flatbeds,state,True,AL,GA,3.54
flatbeds,state,True,AL,IA,2.76
flatbeds,state,True,AL,IL,2.68
flatbeds,state,True,AL,IN,2.79
flatbeds,state,True,AL,KS,2.69
flatbeds,state,True,AL,KY,3.09
flatbeds,state,True,AL,LA,2.89
flatbeds,state,True,AL,MA,2.79
flatbeds,state,True,AL,MD,2.9
flatbeds,state,True,AL,MI,2.78
flatbeds,state,True,AL,MN,2.57
flatbeds,state,True,AL,MO,2.75
flatbeds,state,True,AL,MS,3.02
flatbeds,state,True,AL,NC,2.96
flatbeds,state,True,AL,NE,2.62
flatbeds,state,True,AL,NH,3.04
flatbeds,state,True,AL,NJ,3.02
flatbeds,state,True,AL,NM,3.0
flatbeds,state,True,AL,NV,2.89
flatbeds,state,True,AL,NY,3.1
flatbeds,state,True,AL,OH,2.78
flatbeds,state,True,AL,OK,2.52
flatbeds,state,True,AL,ON,1.99
flatbeds,state,True,AL,OR,2.11
flatbeds,state,True,AL,PA,3.01
flatbeds,state,True,AL,SC,2.97
flatbeds,state,True,AL,SD,2.59
flatbeds,state,True,AL,TN,3.45
flatbeds,state,True,AL,TX,2.56
flatbeds,state,True,AL,UT,2.63
flatbeds,state,True,AL,VA,3.05
flatbeds,state,True,AL,WA,2.07
flatbeds,state,True,AL,WI,2.65
flatbeds,state,True,AL,WV,3.54
flatbeds,state,True,AR,AL,2.95
flatbeds,state,True,AR,AR,3.88
flatbeds,state,True,AR,AZ,2.68
flatbeds,state,True,AR,CA,2.42
flatbeds,state,True,AR,CO,3.18
flatbeds,state,True,AR,DE,2.85
flatbeds,state,True,AR,FL,2.75
flatbeds,state,True,AR,GA,2.8
flatbeds,state,True,AR,IA,2.77
flatbeds,state,True,AR,ID,2.79
flatbeds,state,True,AR,IL,2.99
flatbeds,state,True,AR,IN,2.65
flatbeds,state,True,AR,KS,3.36
flatbeds,state,True,AR,KY,2.67
flatbeds,state,True,AR,LA,2.98
flatbeds,state,True,AR,MA,3.05
flatbeds,state,True,AR,MD,2.97
flatbeds,state,True,AR,MI,2.51
flatbeds,state,True,AR,MN,2.54
flatbeds,state,True,AR,MO,3.39
flatbeds,state,True,AR,MS,3.38
flatbeds,state,True,AR,NC,2.81
flatbeds,state,True,AR,ND,4.22
flatbeds,state,True,AR,NE,2.74
flatbeds,state,True,AR,NJ,2.6
flatbeds,state,True,AR,NM,3.73
flatbeds,state,True,AR,NV,2.67
flatbeds,state,True,AR,NY,2.76
flatbeds,state,True,AR,OH,2.66
flatbeds,state,True,AR,OK,3.53
flatbeds,state,True,AR,OR,2.21
flatbeds,state,True,AR,PA,2.92
flatbeds,state,True,AR,SC,2.52
flatbeds,state,True,AR,SD,3.65
flatbeds,state,True,AR,TN,2.77
flatbeds,state,True,AR,TX,3.01
flatbeds,state,True,AR,UT,3.1
flatbeds,state,True,AR,VA,2.91
flatbeds,state,True,AR,WA,2.69
flatbeds,state,True,AR,WI,2.52
flatbeds,state,True,AR,WV,2.94
flatbeds,state,True,AR,WY,2.89
flatbeds,state,True,AZ,AL,1.65
flatbeds,state,True,AZ,AR,1.69
flatbeds,state,True,AZ,AZ,3.46
flatbeds,state,True,AZ,CA,2.2
flatbeds,state,True,AZ,CO,2.23
flatbeds,state,True,AZ,FL,1.84
flatbeds,state,True,AZ,GA,1.66
flatbeds,state,True,AZ,ID,2.09
flatbeds,state,True,AZ,IL,1.71
flatbeds,state,True,AZ,IN,1.59
flatbeds,state,True,AZ,KY,1.94
flatbeds,state,True,AZ,LA,1.76
flatbeds,state,True,AZ,MI,1.66
flatbeds,state,True,AZ,MN,1.94
flatbeds,state,True,AZ,MO,1.58
flatbeds,state,True,AZ,MS,1.78
flatbeds,state,True,AZ,NC,1.7
flatbeds,state,True,AZ,NE,1.55
flatbeds,state,True,AZ,NJ,2.08
flatbeds,state,True,AZ,NM,2.29
flatbeds,state,True,AZ,NV,2.42
flatbeds,state,True,AZ,NY,2.23
flatbeds,state,True,AZ,OH,1.69
flatbeds,state,True,AZ,OK,1.74
flatbeds,state,True,AZ,OR,2.04
flatbeds,state,True,AZ,PA,1.97
flatbeds,state,True,AZ,SC,1.79
flatbeds,state,True,AZ,TN,1.63
flatbeds,state,True,AZ,TX,1.75
flatbeds,state,True,AZ,UT,2.33
flatbeds,state,True,AZ,VA,1.67
flatbeds,state,True,AZ,WA,1.86
flatbeds,state,True,AZ,WI,1.56
flatbeds,state,True,BC,Dest - AB,2.83
flatbeds,state,True,CA,Dest - AB,2.14
flatbeds,state,True,CA,AL,1.98
flatbeds,state,True,CA,AR,1.89
flatbeds,state,True,CA,AZ,3.15
flatbeds,state,True,CA,BC,2.03
flatbeds,state,True,CA,CA,2.92
flatbeds,state,True,CA,CO,2.88
flatbeds,state,True,CA,CT,2.07
flatbeds,state,True,CA,DE,2.08
flatbeds,state,True,CA,FL,2.0
flatbeds,state,True,CA,GA,1.87
flatbeds,state,True,CA,IA,2.01
flatbeds,state,True,CA,ID,2.78
flatbeds,state,True,CA,IL,1.97
flatbeds,state,True,CA,IN,1.91
flatbeds,state,True,CA,KS,2.2
flatbeds,state,True,CA,KY,1.94
flatbeds,state,True,CA,LA,2.02
flatbeds,state,True,CA,MA,1.89
flatbeds,state,True,CA,MD,2.01
flatbeds,state,True,CA,MI,2.21
flatbeds,state,True,CA,MN,1.94
flatbeds,state,True,CA,MO,2.1
flatbeds,state,True,CA,MS,1.98
flatbeds,state,True,CA,MT,2.7
flatbeds,state,True,CA,NC,2.29
flatbeds,state,True,CA,ND,2.37
flatbeds,state,True,CA,NE,1.91
flatbeds,state,True,CA,NJ,2.05
flatbeds,state,True,CA,NM,2.62
flatbeds,state,True,CA,NV,3.35
flatbeds,state,True,CA,NY,2.04
flatbeds,state,True,CA,OH,1.99
flatbeds,state,True,CA,OK,1.93
flatbeds,state,True,CA,OR,2.31
flatbeds,state,True,CA,PA,1.98
flatbeds,state,True,CA,SC,1.91
flatbeds,state,True,CA,SD,2.36
flatbeds,state,True,CA,TN,1.81
flatbeds,state,True,CA,TX,2.02
flatbeds,state,True,CA,UT,2.65
flatbeds,state,True,CA,VA,1.98
flatbeds,state,True,CA,WA,2.3
flatbeds,state,True,CA,WI,2.02
flatbeds,state,True,CA,WV,1.93
flatbeds,state,True,CA,WY,2.93
flatbeds,state,True,CO,AL,1.55
flatbeds,state,True,CO,AR,1.64
flatbeds,state,True,CO,AZ,2.64
flatbeds,state,True,CO,CA,1.91
flatbeds,state,True,CO,CO,3.56
flatbeds,state,True,CO,FL,1.82
flatbeds,state,True,CO,GA,2.02
flatbeds,state,True,CO,IA,1.91
flatbeds,state,True,CO,ID,2.28
flatbeds,state,True,CO,IL,1.69
flatbeds,state,True,CO,IN,1.88
flatbeds,state,True,CO,KS,1.89
flatbeds,state,True,CO,KY,1.8
flatbeds,state,True,CO,LA,1.66
flatbeds,state,True,CO,MN,1.98
flatbeds,state,True,CO,MO,1.74
flatbeds,state,True,CO,MS,1.51
flatbeds,state,True,CO,MT,2.21
flatbeds,state,True,CO,NC,1.78
flatbeds,state,True,CO,ND,2.73
flatbeds,state,True,CO,NE,2.06
flatbeds,state,True,CO,NM,2.51
flatbeds,state,True,CO,NV,2.66
flatbeds,state,True,CO,NY,1.99
flatbeds,state,True,CO,OH,1.7
flatbeds,state,True,CO,OK,2.11
flatbeds,state,True,CO,OR,2.09
flatbeds,state,True,CO,PA,1.89
flatbeds,state,True,CO,SC,2.54
flatbeds,state,True,CO,SD,2.5
flatbeds,state,True,CO,TN,2.0
flatbeds,state,True,CO,TX,1.67
flatbeds,state,True,CO,UT,2.46
flatbeds,state,True,CO,WA,2.06
flatbeds,state,True,CO,WI,1.6
flatbeds,state,True,CO,WY,3.53
flatbeds,state,True,CT,AL,2.52
flatbeds,state,True,CT,CA,2.11
flatbeds,state,True,CT,FL,2.09
flatbeds,state,True,CT,IL,2.43
flatbeds,state,True,CT,IN,2.17
flatbeds,state,True,CT,KY,1.72
flatbeds,state,True,CT,MD,2.26
flatbeds,state,True,CT,ME,3.51
flatbeds,state,True,CT,MI,2.15
flatbeds,state,True,CT,NC,1.94
flatbeds,state,True,CT,NJ,3.37
flatbeds,state,True,CT,NY,3.32
flatbeds,state,True,CT,OH,2.09
flatbeds,state,True,CT,PA,2.93
flatbeds,state,True,CT,SC,1.94
flatbeds,state,True,CT,TX,2.25
flatbeds,state,True,CT,VA,2.57
flatbeds,state,True,CT,WV,2.54
flatbeds,state,True,DE,CT,5.29
flatbeds,state,True,DE,FL,2.48
flatbeds,state,True,DE,GA,2.31
flatbeds,state,True,DE,IL,2.03
flatbeds,state,True,DE,IN,1.94
flatbeds,state,True,DE,MA,4.05
flatbeds,state,True,DE,MI,2.1
flatbeds,state,True,DE,NC,2.16
flatbeds,state,True,DE,NY,4.06
flatbeds,state,True,DE,OH,2.01
flatbeds,state,True,DE,TN,1.91
flatbeds,state,True,DE,VA,3.18
flatbeds,state,True,FL,AL,1.76
flatbeds,state,True,FL,AR,1.94
flatbeds,state,True,FL,AZ,2.09
flatbeds,state,True,FL,CA,2.01
flatbeds,state,True,FL,CO,2.01
flatbeds,state,True,FL,CT,2.38
flatbeds,state,True,FL,DE,2.13
flatbeds,state,True,FL,FL,2.84
flatbeds,state,True,FL,GA,2.06
flatbeds,state,True,FL,IA,1.77
flatbeds,state,True,FL,IL,1.97
flatbeds,state,True,FL,IN,1.86
flatbeds,state,True,FL,KS,1.76
flatbeds,state,True,FL,KY,1.85
flatbeds,state,True,FL,LA,1.97
flatbeds,state,True,FL,MA,2.18
flatbeds,state,True,FL,MD,2.15
flatbeds,state,True,FL,MI,1.96
flatbeds,state,True,FL,MN,1.97
flatbeds,state,True,FL,MO,1.93
flatbeds,state,True,FL,MS,1.74
flatbeds,state,True,FL,NC,1.78
flatbeds,state,True,FL,NE,2.42
flatbeds,state,True,FL,NJ,2.02
flatbeds,state,True,FL,NM,2.21
flatbeds,state,True,FL,NV,1.88
flatbeds,state,True,FL,NY,2.44
flatbeds,state,True,FL,OH,2.03
flatbeds,state,True,FL,OK,2.09
flatbeds,state,True,FL,ON,1.9
flatbeds,state,True,FL,PA,2.02
flatbeds,state,True,FL,SC,2.08
flatbeds,state,True,FL,TN,1.76
flatbeds,state,True,FL,TX,1.9
flatbeds,state,True,FL,VA,2.01
flatbeds,state,True,FL,WA,1.92
flatbeds,state,True,FL,WI,1.96
flatbeds,state,True,FL,WV,2.49
flatbeds,state,True,GA,Dest - AB,1.98
flatbeds,state,True,GA,AL,2.91
flatbeds,state,True,GA,AR,2.49
flatbeds,state,True,GA,AZ,2.31
flatbeds,state,True,GA,CA,2.1
flatbeds,state,True,GA,CO,2.74
flatbeds,state,True,GA,CT,2.51
flatbeds,state,True,GA,DE,2.97
flatbeds,state,True,GA,FL,3.1
flatbeds,state,True,GA,GA,3.53
flatbeds,state,True,GA,IA,2.28
flatbeds,state,True,GA,ID,2.33
flatbeds,state,True,GA,IL,2.24
flatbeds,state,True,GA,IN,2.47
flatbeds,state,True,GA,KS,2.48
flatbeds,state,True,GA,KY,2.7
flatbeds,state,True,GA,LA,2.26
flatbeds,state,True,GA,MA,2.92
flatbeds,state,True,GA,MD,2.75
flatbeds,state,True,GA,ME,2.49
flatbeds,state,True,GA,MI,2.28
flatbeds,state,True,GA,MN,2.21
flatbeds,state,True,GA,MO,2.31
flatbeds,state,True,GA,MS,2.51
flatbeds,state,True,GA,MT,2.25
flatbeds,state,True,GA,NC,3.01
flatbeds,state,True,GA,ND,2.27
flatbeds,state,True,GA,NE,2.27
flatbeds,state,True,GA,NH,2.68
flatbeds,state,True,GA,NJ,2.8
flatbeds,state,True,GA,NM,2.58
flatbeds,state,True,GA,NV,2.53
flatbeds,state,True,GA,NY,2.82
flatbeds,state,True,GA,OH,2.34
flatbeds,state,True,GA,OK,2.3
flatbeds,state,True,GA,ON,2.07
flatbeds,state,True,GA,OR,2.08
flatbeds,state,True,GA,PA,2.65
flatbeds,state,True,GA,SC,3.41
flatbeds,state,True,GA,TN,3.01
flatbeds,state,True,GA,TX,2.15
flatbeds,state,True,GA,UT,2.5
flatbeds,state,True,GA,VA,2.97
flatbeds,state,True,GA,WA,2.07
flatbeds,state,True,GA,WI,2.34
flatbeds,state,True,GA,WV,2.54
flatbeds,state,True,GA,WY,2.88
flatbeds,state,True,IA,AL,2.25
flatbeds,state,True,IA,AR,2.45
flatbeds,state,True,IA,AZ,2.85
flatbeds,state,True,IA,CA,2.48
flatbeds,state,True,IA,CO,3.48
flatbeds,state,True,IA,FL,2.49
flatbeds,state,True,IA,GA,2.33
flatbeds,state,True,IA,IA,3.31
flatbeds,state,True,IA,IL,3.31
flatbeds,state,True,IA,IN,2.91
flatbeds,state,True,IA,KS,2.97
flatbeds,state,True,IA,KY,2.44
flatbeds,state,True,IA,LA,2.21
flatbeds,state,True,IA,MD,2.8
flatbeds,state,True,IA,MI,2.79
flatbeds,state,True,IA,MN,3.6
flatbeds,state,True,IA,MO,3.27
flatbeds,state,True,IA,MS,2.02
flatbeds,state,True,IA,MT,3.48
flatbeds,state,True,IA,NC,2.42
flatbeds,state,True,IA,ND,3.23
flatbeds,state,True,IA,NE,3.59
flatbeds,state,True,IA,NJ,2.92
flatbeds,state,True,IA,NV,2.4
flatbeds,state,True,IA,NY,3.25
flatbeds,state,True,IA,OH,2.58
flatbeds,state,True,IA,OK,2.51
flatbeds,state,True,IA,ON,1.86
flatbeds,state,True,IA,OR,2.38
flatbeds,state,True,IA,PA,2.81
flatbeds,state,True,IA,SC,2.61
flatbeds,state,True,IA,SD,3.55
flatbeds,state,True,IA,TN,2.32
flatbeds,state,True,IA,TX,2.34
flatbeds,state,True,IA,VA,2.69
flatbeds,state,True,IA,WA,2.64
flatbeds,state,True,IA,WI,3.07
flatbeds,state,True,ID,AZ,2.18
flatbeds,state,True,ID,CA,2.29
flatbeds,state,True,ID,CO,2.58
flatbeds,state,True,ID,FL,2.08
flatbeds,state,True,ID,GA,1.86
flatbeds,state,True,ID,ID,3.8
flatbeds,state,True,ID,IL,1.97
flatbeds,state,True,ID,IN,1.95
flatbeds,state,True,ID,KS,2.21
flatbeds,state,True,ID,LA,1.8
flatbeds,state,True,ID,MD,2.32
flatbeds,state,True,ID,MO,1.94
flatbeds,state,True,ID,MT,3.38
flatbeds,state,True,ID,NC,1.93
flatbeds,state,True,ID,NE,1.99
flatbeds,state,True,ID,NM,2.43
flatbeds,state,True,ID,NV,2.72
flatbeds,state,True,ID,NY,2.17
flatbeds,state,True,ID,OH,1.98
flatbeds,state,True,ID,OR,2.66
flatbeds,state,True,ID,TX,1.99
flatbeds,state,True,ID,UT,2.95
flatbeds,state,True,ID,WA,2.5
flatbeds,state,True,ID,WI,2.02
flatbeds,state,True,IL,Dest - AB,1.79
flatbeds,state,True,IL,AL,2.15
flatbeds,state,True,IL,AR,2.57
flatbeds,state,True,IL,AZ,2.43
flatbeds,state,True,IL,CA,2.33
flatbeds,state,True,IL,CO,3.37
flatbeds,state,True,IL,CT,3.02
flatbeds,state,True,IL,DE,2.7
flatbeds,state,True,IL,FL,2.65
flatbeds,state,True,IL,GA,2.54
flatbeds,state,True,IL,IA,3.87
flatbeds,state,True,IL,ID,2.56
flatbeds,state,True,IL,IL,3.73
flatbeds,state,True,IL,IN,3.86
flatbeds,state,True,IL,KS,2.98
flatbeds,state,True,IL,KY,3.37
flatbeds,state,True,IL,LA,1.97
flatbeds,state,True,IL,MA,3.17
flatbeds,state,True,IL,MB,1.94
flatbeds,state,True,IL,MD,2.97
flatbeds,state,True,IL,MI,3.81
flatbeds,state,True,IL,MN,3.29
flatbeds,state,True,IL,MO,3.16
flatbeds,state,True,IL,MS,2.53
flatbeds,state,True,IL,MT,3.1
flatbeds,state,True,IL,NC,2.64
flatbeds,state,True,IL,ND,2.94
flatbeds,state,True,IL,NE,3.26
flatbeds,state,True,IL,NH,3.13
flatbeds,state,True,IL,NJ,3.05
flatbeds,state,True,IL,NM,2.97
flatbeds,state,True,IL,NV,2.57
flatbeds,state,True,IL,NY,3.07
flatbeds,state,True,IL,OH,3.2
flatbeds,state,True,IL,OK,2.64
flatbeds,state,True,IL,ON,2.26
flatbeds,state,True,IL,OR,2.17
flatbeds,state,True,IL,PA,2.91
flatbeds,state,True,IL,PQ,1.87
flatbeds,state,True,IL,SC,2.3
flatbeds,state,True,IL,SD,3.26
flatbeds,state,True,IL,TN,2.57
flatbeds,state,True,IL,TX,2.29
flatbeds,state,True,IL,UT,2.77
flatbeds,state,True,IL,VA,2.81
flatbeds,state,True,IL,WA,2.35
flatbeds,state,True,IL,WI,3.93
flatbeds,state,True,IL,WV,3.08
flatbeds,state,True,IL,WY,3.33
flatbeds,state,True,IN,Dest - AB,1.95
flatbeds,state,True,IN,AL,2.53
flatbeds,state,True,IN,AR,2.27
flatbeds,state,True,IN,AZ,2.2
flatbeds,state,True,IN,CA,2.16
flatbeds,state,True,IN,CO,2.98
flatbeds,state,True,IN,CT,3.07
flatbeds,state,True,IN,DE,3.29
flatbeds,state,True,IN,FL,2.58
flatbeds,state,True,IN,GA,2.51
flatbeds,state,True,IN,IA,3.54
flatbeds,state,True,IN,ID,2.46
flatbeds,state,True,IN,IL,3.83
flatbeds,state,True,IN,IN,4.3
flatbeds,state,True,IN,KS,3.04
flatbeds,state,True,IN,KY,3.56
flatbeds,state,True,IN,LA,2.19
flatbeds,state,True,IN,MA,3.52
flatbeds,state,True,IN,MD,3.77
flatbeds,state,True,IN,ME,2.94
flatbeds,state,True,IN,MI,3.8
flatbeds,state,True,IN,MN,3.18
flatbeds,state,True,IN,MO,3.38
flatbeds,state,True,IN,MS,2.43
flatbeds,state,True,IN,MT,3.05
flatbeds,state,True,IN,NC,2.67
flatbeds,state,True,IN,ND,3.27
flatbeds,state,True,IN,NE,2.95
flatbeds,state,True,IN,NH,3.14
flatbeds,state,True,IN,NJ,3.01
flatbeds,state,True,IN,NM,2.58
flatbeds,state,True,IN,NV,2.32
flatbeds,state,True,IN,NY,3.43
flatbeds,state,True,IN,OH,3.75
flatbeds,state,True,IN,OK,2.55
flatbeds,state,True,IN,ON,2.32
flatbeds,state,True,IN,OR,2.08
flatbeds,state,True,IN,PA,3.23
flatbeds,state,True,IN,RI,3.19
flatbeds,state,True,IN,SC,2.65
flatbeds,state,True,IN,SD,3.1
flatbeds,state,True,IN,TN,2.89
flatbeds,state,True,IN,TX,2.34
flatbeds,state,True,IN,UT,2.51
flatbeds,state,True,IN,VA,3.14
flatbeds,state,True,IN,WA,2.4
flatbeds,state,True,IN,WI,3.83
flatbeds,state,True,IN,WV,3.48
flatbeds,state,True,IN,WY,3.03
flatbeds,state,True,KS,AL,2.05
flatbeds,state,True,KS,AR,2.46
flatbeds,state,True,KS,AZ,2.88
flatbeds,state,True,KS,CA,2.51
flatbeds,state,True,KS,CO,3.37
flatbeds,state,True,KS,FL,2.54
flatbeds,state,True,KS,GA,2.08
flatbeds,state,True,KS,IA,2.88
flatbeds,state,True,KS,ID,2.63
flatbeds,state,True,KS,IL,2.12
flatbeds,state,True,KS,IN,2.1
flatbeds,state,True,KS,KS,3.87
flatbeds,state,True,KS,KY,2.1
flatbeds,state,True,KS,LA,2.22
flatbeds,state,True,KS,MI,2.41
flatbeds,state,True,KS,MN,2.16
flatbeds,state,True,KS,MO,3.06
flatbeds,state,True,KS,MS,1.95
flatbeds,state,True,KS,NC,2.18
flatbeds,state,True,KS,ND,3.14
flatbeds,state,True,KS,NE,3.51
flatbeds,state,True,KS,NJ,2.24
flatbeds,state,True,KS,NM,3.19
flatbeds,state,True,KS,NV,2.97
flatbeds,state,True,KS,NY,2.82
flatbeds,state,True,KS,OH,2.22
flatbeds,state,True,KS,OK,3.43
flatbeds,state,True,KS,ON,2.32
flatbeds,state,True,KS,OR,2.29
flatbeds,state,True,KS,PA,2.22
flatbeds,state,True,KS,SC,2.19
flatbeds,state,True,KS,TN,2.04
flatbeds,state,True,KS,TX,2.25
flatbeds,state,True,KS,UT,3.01
flatbeds,state,True,KS,VA,2.49
flatbeds,state,True,KS,WA,2.45
flatbeds,state,True,KS,WI,2.25
flatbeds,state,True,KS,WY,3.77
flatbeds,state,True,KY,AL,2.88
flatbeds,state,True,KY,AR,2.86
flatbeds,state,True,KY,AZ,2.57
flatbeds,state,True,KY,CA,2.17
flatbeds,state,True,KY,CO,3.35
flatbeds,state,True,KY,CT,3.58
flatbeds,state,True,KY,DE,3.64
flatbeds,state,True,KY,FL,2.85
flatbeds,state,True,KY,GA,2.87
flatbeds,state,True,KY,IA,3.25
flatbeds,state,True,KY,IL,3.07
flatbeds,state,True,KY,IN,3.55
flatbeds,state,True,KY,KS,2.82
flatbeds,state,True,KY,KY,4.28
flatbeds,state,True,KY,LA,2.36
flatbeds,state,True,KY,MA,3.44
flatbeds,state,True,KY,MD,3.53
flatbeds,state,True,KY,ME,3.37
flatbeds,state,True,KY,MI,3.16
flatbeds,state,True,KY,MN,2.87
flatbeds,state,True,KY,MO,3.17
flatbeds,state,True,KY,MS,2.64
flatbeds,state,True,KY,MT,2.22
flatbeds,state,True,KY,NC,3.22
flatbeds,state,True,KY,NE,3.24
flatbeds,state,True,KY,NH,3.14
flatbeds,state,True,KY,NJ,3.43
flatbeds,state,True,KY,NY,3.95
flatbeds,state,True,KY,OH,3.51
flatbeds,state,True,KY,OK,2.73
flatbeds,state,True,KY,ON,3.22
flatbeds,state,True,KY,PA,3.3
flatbeds,state,True,KY,RI,3.64
flatbeds,state,True,KY,SC,2.91
flatbeds,state,True,KY,TN,3.88
flatbeds,state,True,KY,TX,2.67
flatbeds,state,True,KY,UT,2.56
flatbeds,state,True,KY,VA,3.57
flatbeds,state,True,KY,WA,2.25
flatbeds,state,True,KY,WI,2.97
flatbeds,state,True,KY,WV,3.69
flatbeds,state,True,LA,AL,2.92
flatbeds,state,True,LA,AR,2.79
flatbeds,state,True,LA,AZ,2.68
flatbeds,state,True,LA,CA,2.43
flatbeds,state,True,LA,CO,3.21
flatbeds,state,True,LA,FL,2.58
flatbeds,state,True,LA,GA,2.45
flatbeds,state,True,LA,IA,2.6
flatbeds,state,True,LA,IL,2.27
flatbeds,state,True,LA,IN,2.43
flatbeds,state,True,LA,KS,2.85
flatbeds,state,True,LA,KY,3.06
flatbeds,state,True,LA,LA,4.29
flatbeds,state,True,LA,MA,2.48
flatbeds,state,True,LA,MI,2.38
flatbeds,state,True,LA,MO,2.84
flatbeds,state,True,LA,MS,3.33
flatbeds,state,True,LA,NC,2.64
flatbeds,state,True,LA,NE,2.99
flatbeds,state,True,LA,NJ,2.22
flatbeds,state,True,LA,NY,2.66
flatbeds,state,True,LA,OH,2.44
flatbeds,state,True,LA,OK,2.71
flatbeds,state,True,LA,OR,2.62
flatbeds,state,True,LA,PA,2.52
flatbeds,state,True,LA,SC,2.45
flatbeds,state,True,LA,TN,2.5
flatbeds,state,True,LA,TX,3.15
flatbeds,state,True,LA,UT,2.45
flatbeds,state,True,LA,VA,2.81
flatbeds,state,True,LA,WA,2.65
flatbeds,state,True,LA,WI,2.21
flatbeds,state,True,LA,WV,2.92
flatbeds,state,True,MA,CA,2.13
flatbeds,state,True,MA,FL,1.92
flatbeds,state,True,MA,GA,1.69
flatbeds,state,True,MA,IL,1.96
flatbeds,state,True,MA,IN,1.72
flatbeds,state,True,MA,KY,1.6
flatbeds,state,True,MA,MD,2.51
flatbeds,state,True,MA,ME,3.77
flatbeds,state,True,MA,MI,2.23
flatbeds,state,True,MA,MO,1.85
flatbeds,state,True,MA,NC,1.7
flatbeds,state,True,MA,NJ,3.05
flatbeds,state,True,MA,NY,3.49
flatbeds,state,True,MA,OH,1.7
flatbeds,state,True,MA,PA,2.6
flatbeds,state,True,MA,SC,1.76
flatbeds,state,True,MA,TN,1.99
flatbeds,state,True,MA,TX,2.1
flatbeds,state,True,MA,UT,2.09
flatbeds,state,True,MA,VA,2.02
flatbeds,state,True,MA,WI,1.85
flatbeds,state,True,MB,ON,1.76
flatbeds,state,True,MB,SK,3.58
flatbeds,state,True,MD,AL,1.89
flatbeds,state,True,MD,AR,2.33
flatbeds,state,True,MD,CA,2.08
flatbeds,state,True,MD,CT,4.79
flatbeds,state,True,MD,DE,3.81
flatbeds,state,True,MD,FL,2.27
flatbeds,state,True,MD,GA,2.11
flatbeds,state,True,MD,IA,2.44
flatbeds,state,True,MD,IL,2.26
flatbeds,state,True,MD,IN,2.22
flatbeds,state,True,MD,KS,2.23
flatbeds,state,True,MD,KY,2.12
flatbeds,state,True,MD,LA,2.1
flatbeds,state,True,MD,MA,4.01
flatbeds,state,True,MD,ME,3.44
flatbeds,state,True,MD,MI,2.29
flatbeds,state,True,MD,MN,2.11
flatbeds,state,True,MD,MO,2.2
flatbeds,state,True,MD,NC,2.48
flatbeds,state,True,MD,NE,2.1
flatbeds,state,True,MD,NH,4.06
flatbeds,state,True,MD,NJ,4.64
flatbeds,state,True,MD,NV,2.27
flatbeds,state,True,MD,NY,4.25
flatbeds,state,True,MD,OH,2.8
flatbeds,state,True,MD,ON,3.4
flatbeds,state,True,MD,PA,3.86
flatbeds,state,True,MD,PQ,3.25
flatbeds,state,True,MD,SC,2.28
flatbeds,state,True,MD,TN,2.06
flatbeds,state,True,MD,TX,1.83
flatbeds,state,True,MD,UT,2.81
flatbeds,state,True,MD,VA,3.82
flatbeds,state,True,MD,VT,3.55
flatbeds,state,True,MD,WA,2.71
flatbeds,state,True,MD,WI,2.4
flatbeds,state,True,MD,WV,3.09
flatbeds,state,True,ME,CT,3.71
flatbeds,state,True,ME,MA,4.14
flatbeds,state,True,ME,NJ,3.02
flatbeds,state,True,ME,NY,3.33
flatbeds,state,True,ME,ON,3.61
flatbeds,state,True,ME,PA,2.61
flatbeds,state,True,MI,AL,2.39
flatbeds,state,True,MI,AR,2.63
flatbeds,state,True,MI,AZ,2.33
flatbeds,state,True,MI,CA,2.27
flatbeds,state,True,MI,CO,2.99
flatbeds,state,True,MI,CT,3.59
flatbeds,state,True,MI,FL,2.49
flatbeds,state,True,MI,GA,2.54
flatbeds,state,True,MI,IA,3.4
flatbeds,state,True,MI,IL,3.32
flatbeds,state,True,MI,IN,3.87
flatbeds,state,True,MI,KS,2.97
flatbeds,state,True,MI,KY,3.09
flatbeds,state,True,MI,LA,2.41
flatbeds,state,True,MI,MA,3.06
flatbeds,state,True,MI,MD,3.23
flatbeds,state,True,MI,MI,4.32
flatbeds,state,True,MI,MN,3.28
flatbeds,state,True,MI,MO,3.02
flatbeds,state,True,MI,MS,2.33
flatbeds,state,True,MI,NC,2.71
flatbeds,state,True,MI,NE,2.83
flatbeds,state,True,MI,NH,3.78
flatbeds,state,True,MI,NJ,3.13
flatbeds,state,True,MI,NM,3.1
flatbeds,state,True,MI,NV,2.58
flatbeds,state,True,MI,NY,3.58
flatbeds,state,True,MI,OH,3.77
flatbeds,state,True,MI,OK,2.35
flatbeds,state,True,MI,ON,4.79
flatbeds,state,True,MI,PA,3.34
flatbeds,state,True,MI,SC,2.64
flatbeds,state,True,MI,SD,2.96
flatbeds,state,True,MI,TN,2.69
flatbeds,state,True,MI,TX,2.27
flatbeds,state,True,MI,UT,2.96
flatbeds,state,True,MI,VA,3.16
flatbeds,state,True,MI,WA,2.41
flatbeds,state,True,MI,WI,3.58
flatbeds,state,True,MI,WV,2.89
flatbeds,state,True,MN,AL,1.85
flatbeds,state,True,MN,AR,2.25
flatbeds,state,True,MN,AZ,2.34
flatbeds,state,True,MN,CA,2.42
flatbeds,state,True,MN,CO,3.06
flatbeds,state,True,MN,CT,2.19
flatbeds,state,True,MN,FL,2.3
flatbeds,state,True,MN,GA,2.21
flatbeds,state,True,MN,IA,2.85
flatbeds,state,True,MN,IL,2.24
flatbeds,state,True,MN,IN,2.14
flatbeds,state,True,MN,KS,2.34
flatbeds,state,True,MN,KY,2.19
flatbeds,state,True,MN,LA,2.13
flatbeds,state,True,MN,MA,2.52
flatbeds,state,True,MN,MD,2.31
flatbeds,state,True,MN,MI,2.27
flatbeds,state,True,MN,MN,4.03
flatbeds,state,True,MN,MO,2.27
flatbeds,state,True,MN,MS,1.85
flatbeds,state,True,MN,NC,2.03
flatbeds,state,True,MN,ND,3.57
flatbeds,state,True,MN,NE,2.89
flatbeds,state,True,MN,NJ,2.58
flatbeds,state,True,MN,NV,2.76
flatbeds,state,True,MN,NY,2.41
flatbeds,state,True,MN,OH,2.29
flatbeds,state,True,MN,OK,2.63
flatbeds,state,True,MN,PA,2.24
flatbeds,state,True,MN,SC,2.29
flatbeds,state,True,MN,SD,3.05
flatbeds,state,True,MN,TN,2.0
flatbeds,state,True,MN,TX,2.2
flatbeds,state,True,MN,UT,2.92
flatbeds,state,True,MN,VA,2.4
flatbeds,state,True,MN,WA,2.52
flatbeds,state,True,MN,WI,2.93
flatbeds,state,True,MN,WY,3.0
flatbeds,state,True,MO,AL,2.17
flatbeds,state,True,MO,AR,2.71
flatbeds,state,True,MO,AZ,2.61
flatbeds,state,True,MO,CA,2.43
flatbeds,state,True,MO,CO,3.52
flatbeds,state,True,MO,CT,2.88
flatbeds,state,True,MO,FL,2.65
flatbeds,state,True,MO,GA,2.31
flatbeds,state,True,MO,IA,3.15
flatbeds,state,True,MO,ID,2.39
flatbeds,state,True,MO,IL,2.73
flatbeds,state,True,MO,IN,2.96
flatbeds,state,True,MO,KS,3.56
flatbeds,state,True,MO,KY,2.81
flatbeds,state,True,MO,LA,2.28
flatbeds,state,True,MO,MA,2.87
flatbeds,state,True,MO,MD,2.69
flatbeds,state,True,MO,MI,2.79
flatbeds,state,True,MO,MN,2.98
flatbeds,state,True,MO,MO,3.8
flatbeds,state,True,MO,MS,2.35
flatbeds,state,True,MO,NC,2.81
flatbeds,state,True,MO,ND,3.38
flatbeds,state,True,MO,NE,3.18
flatbeds,state,True,MO,NJ,2.87
flatbeds,state,True,MO,NM,3.28
flatbeds,state,True,MO,NV,3.06
flatbeds,state,True,MO,NY,3.06
flatbeds,state,True,MO,OH,2.63
flatbeds,state,True,MO,OK,2.77
flatbeds,state,True,MO,ON,2.3
flatbeds,state,True,MO,OR,2.48
flatbeds,state,True,MO,PA,2.72
flatbeds,state,True,MO,SC,2.98
flatbeds,state,True,MO,SD,3.3
flatbeds,state,True,MO,TN,2.67
flatbeds,state,True,MO,TX,2.39
flatbeds,state,True,MO,UT,2.79
flatbeds,state,True,MO,VA,2.74
flatbeds,state,True,MO,WA,2.39
flatbeds,state,True,MO,WI,2.7
flatbeds,state,True,MO,WV,2.01
flatbeds,state,True,MO,WY,3.2
flatbeds,state,True,MS,AL,3.52
flatbeds,state,True,MS,AR,3.11
flatbeds,state,True,MS,AZ,2.47
flatbeds,state,True,MS,CA,2.42
flatbeds,state,True,MS,CO,3.21
flatbeds,state,True,MS,CT,2.88
flatbeds,state,True,MS,FL,3.05
flatbeds,state,True,MS,GA,3.13
flatbeds,state,True,MS,IA,3.2
flatbeds,state,True,MS,IL,2.81
flatbeds,state,True,MS,IN,3.25
flatbeds,state,True,MS,KS,2.67
flatbeds,state,True,MS,KY,3.3
flatbeds,state,True,MS,LA,3.14
flatbeds,state,True,MS,MA,3.08
flatbeds,state,True,MS,ME,2.93
flatbeds,state,True,MS,MI,2.99
flatbeds,state,True,MS,MN,2.7
flatbeds,state,True,MS,MO,3.15
flatbeds,state,True,MS,MS,3.91
flatbeds,state,True,MS,NC,2.81
flatbeds,state,True,MS,NE,3.17
flatbeds,state,True,MS,NJ,2.73
flatbeds,state,True,MS,NM,3.22
flatbeds,state,True,MS,NV,2.12
flatbeds,state,True,MS,NY,2.86
flatbeds,state,True,MS,OH,2.58
flatbeds,state,True,MS,OK,3.33
flatbeds,state,True,MS,PA,2.9
flatbeds,state,True,MS,SC,2.81
flatbeds,state,True,MS,TN,3.42
flatbeds,state,True,MS,TX,2.99
flatbeds,state,True,MS,UT,2.35
flatbeds,state,True,MS,VA,3.22
flatbeds,state,True,MS,WA,2.21
flatbeds,state,True,MS,WI,2.7
flatbeds,state,True,MS,WV,3.13
flatbeds,state,True,MT,Dest - AB,2.82
flatbeds,state,True,MT,AZ,2.3
flatbeds,state,True,MT,CA,2.32
flatbeds,state,True,MT,CO,2.31
flatbeds,state,True,MT,ID,2.72
flatbeds,state,True,MT,IL,1.75
flatbeds,state,True,MT,MT,3.81
flatbeds,state,True,MT,OH,2.07
flatbeds,state,True,MT,TX,1.9
flatbeds,state,True,MT,UT,2.56
flatbeds,state,True,MT,WA,2.62
flatbeds,state,True,NC,AL,2.27
flatbeds,state,True,NC,AR,2.2
flatbeds,state,True,NC,AZ,2.36
flatbeds,state,True,NC,CA,2.12
flatbeds,state,True,NC,CO,2.63
flatbeds,state,True,NC,CT,3.24
flatbeds,state,True,NC,DE,3.15
flatbeds,state,True,NC,FL,2.63
flatbeds,state,True,NC,GA,2.69
flatbeds,state,True,NC,IA,2.84
flatbeds,state,True,NC,ID,1.91
flatbeds,state,True,NC,IL,2.36
flatbeds,state,True,NC,IN,2.35
flatbeds,state,True,NC,KS,2.31
flatbeds,state,True,NC,KY,2.38
flatbeds,state,True,NC,LA,2.24
flatbeds,state,True,NC,MA,3.17
flatbeds,state,True,NC,MD,3.48
flatbeds,state,True,NC,ME,3.29
flatbeds,state,True,NC,MI,2.65
flatbeds,state,True,NC,MN,2.3
flatbeds,state,True,NC,MO,2.2
flatbeds,state,True,NC,MS,2.19
flatbeds,state,True,NC,NC,4.4
flatbeds,state,True,NC,NE,2.43
flatbeds,state,True,NC,NH,3.1
flatbeds,state,True,NC,NJ,3.27
flatbeds,state,True,NC,NV,1.82
flatbeds,state,True,NC,NY,3.36
flatbeds,state,True,NC,OH,2.53
flatbeds,state,True,NC,OK,2.12
flatbeds,state,True,NC,ON,2.4
flatbeds,state,True,NC,OR,2.39
flatbeds,state,True,NC,PA,3.16
flatbeds,state,True,NC,SC,3.16
flatbeds,state,True,NC,SD,2.45
flatbeds,state,True,NC,TN,2.5
flatbeds,state,True,NC,TX,2.09
flatbeds,state,True,NC,UT,2.19
flatbeds,state,True,NC,VA,3.71
flatbeds,state,True,NC,WA,2.49
flatbeds,state,True,NC,WI,2.34
flatbeds,state,True,NC,WV,3.48
flatbeds,state,True,ND,CA,2.39
flatbeds,state,True,ND,CO,2.96
flatbeds,state,True,ND,IA,2.57
flatbeds,state,True,ND,ID,2.63
flatbeds,state,True,ND,IL,2.18
flatbeds,state,True,ND,IN,2.05
flatbeds,state,True,ND,KS,2.42
flatbeds,state,True,ND,MI,2.04
flatbeds,state,True,ND,MN,2.65
flatbeds,state,True,ND,MO,2.93
flatbeds,state,True,ND,MT,3.81
flatbeds,state,True,ND,NC,2.04
flatbeds,state,True,ND,ND,4.94
flatbeds,state,True,ND,NE,2.56
flatbeds,state,True,ND,OH,2.42
flatbeds,state,True,ND,OK,1.92
flatbeds,state,True,ND,SD,2.98
flatbeds,state,True,ND,TX,2.1
flatbeds,state,True,ND,UT,2.96
flatbeds,state,True,ND,WI,2.14
flatbeds,state,True,NE,Dest - AB,1.64
flatbeds,state,True,NE,AL,1.86
flatbeds,state,True,NE,AR,2.46
flatbeds,state,True,NE,AZ,2.56
flatbeds,state,True,NE,CA,2.21
flatbeds,state,True,NE,CO,3.6
flatbeds,state,True,NE,FL,2.35
flatbeds,state,True,NE,GA,2.18
flatbeds,state,True,NE,IA,3.4
flatbeds,state,True,NE,IL,2.17
flatbeds,state,True,NE,IN,1.99
flatbeds,state,True,NE,KS,3.47
flatbeds,state,True,NE,KY,2.16
flatbeds,state,True,NE,LA,2.17
flatbeds,state,True,NE,MD,2.38
flatbeds,state,True,NE,MI,2.15
flatbeds,state,True,NE,MN,2.55
flatbeds,state,True,NE,MO,2.99
flatbeds,state,True,NE,MS,2.18
flatbeds,state,True,NE,MT,3.56
flatbeds,state,True,NE,NC,1.88
flatbeds,state,True,NE,ND,2.98
flatbeds,state,True,NE,NE,3.53
flatbeds,state,True,NE,NJ,2.54
flatbeds,state,True,NE,NY,2.35
flatbeds,state,True,NE,OH,2.15
flatbeds,state,True,NE,OK,2.46
flatbeds,state,True,NE,PA,2.33
flatbeds,state,True,NE,SC,2.16
flatbeds,state,True,NE,SD,3.81
flatbeds,state,True,NE,TN,1.94
flatbeds,state,True,NE,TX,2.4
flatbeds,state,True,NE,UT,2.81
flatbeds,state,True,NE,WA,2.48
flatbeds,state,True,NE,WI,2.27
flatbeds,state,True,NH,AZ,1.96
flatbeds,state,True,NH,CA,1.85
flatbeds,state,True,NH,FL,2.18
flatbeds,state,True,NH,GA,1.9
flatbeds,state,True,NH,IN,2.16
flatbeds,state,True,NH,MD,3.33
flatbeds,state,True,NH,MI,1.87
flatbeds,state,True,NH,NC,2.87
flatbeds,state,True,NH,NJ,2.9
flatbeds,state,True,NH,NY,4.08
flatbeds,state,True,NH,OH,1.77
flatbeds,state,True,NH,OK,1.93
flatbeds,state,True,NH,PA,2.66
flatbeds,state,True,NH,TX,1.89
flatbeds,state,True,NH,VA,2.74
flatbeds,state,True,NJ,AL,2.04
flatbeds,state,True,NJ,AR,1.99
flatbeds,state,True,NJ,AZ,1.77
flatbeds,state,True,NJ,CA,1.88
flatbeds,state,True,NJ,CO,2.3
flatbeds,state,True,NJ,CT,5.04
flatbeds,state,True,NJ,FL,2.25
flatbeds,state,True,NJ,GA,1.93
flatbeds,state,True,NJ,IA,1.93
flatbeds,state,True,NJ,ID,2.1
flatbeds,state,True,NJ,IL,2.04
flatbeds,state,True,NJ,IN,2.06
flatbeds,state,True,NJ,KS,1.89
flatbeds,state,True,NJ,KY,1.89
flatbeds,state,True,NJ,LA,1.58
flatbeds,state,True,NJ,MA,4.58
flatbeds,state,True,NJ,MD,4.01
flatbeds,state,True,NJ,ME,3.14
flatbeds,state,True,NJ,MI,2.13
flatbeds,state,True,NJ,MN,2.28
flatbeds,state,True,NJ,MO,1.99
flatbeds,state,True,NJ,NC,2.38
flatbeds,state,True,NJ,NE,2.04
flatbeds,state,True,NJ,NH,4.09
flatbeds,state,True,NJ,NM,2.09
flatbeds,state,True,NJ,NY,4.15
flatbeds,state,True,NJ,OH,2.09
flatbeds,state,True,NJ,ON,2.27
flatbeds,state,True,NJ,PA,3.49
flatbeds,state,True,NJ,RI,4.89
flatbeds,state,True,NJ,SC,2.03
flatbeds,state,True,NJ,TN,1.9
flatbeds,state,True,NJ,TX,1.69
flatbeds,state,True,NJ,UT,2.01
flatbeds,state,True,NJ,VA,3.3
flatbeds,state,True,NJ,WI,1.97
flatbeds,state,True,NJ,WV,2.28
flatbeds,state,True,NM,AL,1.89
flatbeds,state,True,NM,AZ,2.4
flatbeds,state,True,NM,CA,2.11
flatbeds,state,True,NM,CO,3.07
flatbeds,state,True,NM,FL,2.02
flatbeds,state,True,NM,GA,1.9
flatbeds,state,True,NM,IA,2.4
flatbeds,state,True,NM,IL,1.6
flatbeds,state,True,NM,IN,1.72
flatbeds,state,True,NM,KS,2.34
flatbeds,state,True,NM,LA,1.75
flatbeds,state,True,NM,MO,1.82
flatbeds,state,True,NM,MS,2.01
flatbeds,state,True,NM,NM,3.11
flatbeds,state,True,NM,OK,2.17
flatbeds,state,True,NM,TX,2.11
flatbeds,state,True,NM,UT,2.65
flatbeds,state,True,NM,WI,1.99
flatbeds,state,True,NS,ON,2.53
flatbeds,state,True,NV,AZ,3.07
flatbeds,state,True,NV,BC,1.88
flatbeds,state,True,NV,CA,2.95
flatbeds,state,True,NV,CO,2.88
flatbeds,state,True,NV,FL,1.85
flatbeds,state,True,NV,GA,1.95
flatbeds,state,True,NV,ID,2.6
flatbeds,state,True,NV,IL,1.84
flatbeds,state,True,NV,KS,1.92
flatbeds,state,True,NV,MT,2.92
flatbeds,state,True,NV,NC,2.12
flatbeds,state,True,NV,NE,2.0
flatbeds,state,True,NV,NM,2.59
flatbeds,state,True,NV,NV,2.57
flatbeds,state,True,NV,OH,2.16
flatbeds,state,True,NV,ON,2.76
flatbeds,state,True,NV,OR,2.38
flatbeds,state,True,NV,PA,1.81
flatbeds,state,True,NV,SC,1.96
flatbeds,state,True,NV,TX,1.94
flatbeds,state,True,NV,UT,2.86
flatbeds,state,True,NV,VA,1.9
flatbeds,state,True,NV,WA,2.31
flatbeds,state,True,NV,WI,1.97
flatbeds,state,True,NY,AL,2.18
flatbeds,state,True,NY,AR,2.08
flatbeds,state,True,NY,CA,2.12
flatbeds,state,True,NY,CO,2.38
flatbeds,state,True,NY,CT,4.43
flatbeds,state,True,NY,DE,4.05
flatbeds,state,True,NY,FL,2.27
flatbeds,state,True,NY,GA,2.19
flatbeds,state,True,NY,IA,2.41
flatbeds,state,True,NY,ID,2.39
flatbeds,state,True,NY,IL,2.25
flatbeds,state,True,NY,IN,2.28
flatbeds,state,True,NY,KY,1.92
flatbeds,state,True,NY,LA,2.08
flatbeds,state,True,NY,MA,4.39
flatbeds,state,True,NY,MD,3.56
flatbeds,state,True,NY,ME,3.48
flatbeds,state,True,NY,MI,2.69
flatbeds,state,True,NY,MN,2.28
flatbeds,state,True,NY,MO,2.3
flatbeds,state,True,NY,MS,1.86
flatbeds,state,True,NY,NC,2.11
flatbeds,state,True,NY,NE,2.21
flatbeds,state,True,NY,NH,3.61
flatbeds,state,True,NY,NJ,3.97
flatbeds,state,True,NY,NV,2.03
flatbeds,state,True,NY,NY,4.33
flatbeds,state,True,NY,OH,2.37
flatbeds,state,True,NY,OK,2.18
flatbeds,state,True,NY,ON,2.88
flatbeds,state,True,NY,PA,3.46
flatbeds,state,True,NY,RI,4.04
flatbeds,state,True,NY,SC,2.32
flatbeds,state,True,NY,TN,2.16
flatbeds,state,True,NY,TX,2.1
flatbeds,state,True,NY,VA,2.55
flatbeds,state,True,NY,VT,3.87
flatbeds,state,True,NY,WA,1.91
flatbeds,state,True,NY,WI,2.1
flatbeds,state,True,NY,WV,2.59
flatbeds,state,True,OH,Dest - AB,1.72
flatbeds,state,True,OH,AL,2.36
flatbeds,state,True,OH,AR,2.45
flatbeds,state,True,OH,AZ,2.23
flatbeds,state,True,OH,CA,2.07
flatbeds,state,True,OH,CO,2.91
flatbeds,state,True,OH,CT,3.31
flatbeds,state,True,OH,DE,3.39
flatbeds,state,True,OH,FL,2.73
flatbeds,state,True,OH,GA,2.55
flatbeds,state,True,OH,IA,2.83
flatbeds,state,True,OH,ID,2.55
flatbeds,state,True,OH,IL,2.95
flatbeds,state,True,OH,IN,3.53
flatbeds,state,True,OH,KS,2.62
flatbeds,state,True,OH,KY,3.38
flatbeds,state,True,OH,LA,2.2
flatbeds,state,True,OH,MA,3.3
flatbeds,state,True,OH,MD,4.17
flatbeds,state,True,OH,ME,3.16
flatbeds,state,True,OH,MI,3.77
flatbeds,state,True,OH,MN,2.94
flatbeds,state,True,OH,MO,2.74
flatbeds,state,True,OH,MS,2.35
flatbeds,state,True,OH,MT,2.73
flatbeds,state,True,OH,NC,2.98
flatbeds,state,True,OH,ND,2.79
flatbeds,state,True,OH,NE,2.82
flatbeds,state,True,OH,NH,3.37
flatbeds,state,True,OH,NJ,3.65
flatbeds,state,True,OH,NM,2.85
flatbeds,state,True,OH,NV,2.19
flatbeds,state,True,OH,NY,3.9
flatbeds,state,True,OH,OH,4.18
flatbeds,state,True,OH,OK,2.39
flatbeds,state,True,OH,ON,3.14
flatbeds,state,True,OH,OR,2.36
flatbeds,state,True,OH,PA,3.96
flatbeds,state,True,OH,PQ,2.89
flatbeds,state,True,OH,RI,3.1
flatbeds,state,True,OH,SC,2.54
flatbeds,state,True,OH,SD,2.62
flatbeds,state,True,OH,TN,2.8
flatbeds,state,True,OH,TX,2.17
flatbeds,state,True,OH,UT,2.64
flatbeds,state,True,OH,VA,3.7
flatbeds,state,True,OH,WA,2.12
flatbeds,state,True,OH,WI,2.87
flatbeds,state,True,OH,WV,4.02
flatbeds,state,True,OK,Dest - AB,1.87
flatbeds,state,True,OK,AL,2.08
flatbeds,state,True,OK,AR,2.6
flatbeds,state,True,OK,AZ,2.53
flatbeds,state,True,OK,CA,2.4
flatbeds,state,True,OK,CO,3.01
flatbeds,state,True,OK,FL,2.22
flatbeds,state,True,OK,GA,2.28
flatbeds,state,True,OK,IA,2.44
flatbeds,state,True,OK,ID,2.46
flatbeds,state,True,OK,IL,2.18
flatbeds,state,True,OK,IN,2.44
flatbeds,state,True,OK,KS,3.74
flatbeds,state,True,OK,KY,2.04
flatbeds,state,True,OK,LA,2.17
flatbeds,state,True,OK,MD,2.27
flatbeds,state,True,OK,MI,2.13
flatbeds,state,True,OK,MN,2.59
flatbeds,state,True,OK,MO,2.6
flatbeds,state,True,OK,MS,1.87
flatbeds,state,True,OK,NC,2.2
flatbeds,state,True,OK,ND,2.75
flatbeds,state,True,OK,NE,2.75
flatbeds,state,True,OK,NJ,2.24
flatbeds,state,True,OK,NM,3.17
flatbeds,state,True,OK,NV,2.65
flatbeds,state,True,OK,NY,2.63
flatbeds,state,True,OK,OH,2.24
flatbeds,state,True,OK,OK,3.65
flatbeds,state,True,OK,OR,2.74
flatbeds,state,True,OK,PA,2.16
flatbeds,state,True,OK,SC,2.32
flatbeds,state,True,OK,SD,2.54
flatbeds,state,True,OK,TN,2.23
flatbeds,state,True,OK,TX,2.74
flatbeds,state,True,OK,UT,2.72
flatbeds,state,True,OK,VA,2.14
flatbeds,state,True,OK,WA,2.46
flatbeds,state,True,OK,WI,2.05
flatbeds,state,True,OK,WV,2.45
flatbeds,state,True,OK,WY,3.24
flatbeds,state,True,ON,Dest - AB,2.29
flatbeds,state,True,ON,AL,2.45
flatbeds,state,True,ON,CA,2.32
flatbeds,state,True,ON,CT,3.79
flatbeds,state,True,ON,FL,2.53
flatbeds,state,True,ON,GA,2.88
flatbeds,state,True,ON,IL,2.68
flatbeds,state,True,ON,IN,2.82
flatbeds,state,True,ON,MI,4.02
flatbeds,state,True,ON,MN,3.2
flatbeds,state,True,ON,NB,2.63
flatbeds,state,True,ON,NJ,3.71
flatbeds,state,True,ON,NS,2.35
flatbeds,state,True,ON,NY,3.94
flatbeds,state,True,ON,OH,3.44
flatbeds,state,True,ON,ON,4.15
flatbeds,state,True,ON,PA,3.78
flatbeds,state,True,ON,PQ,3.01
flatbeds,state,True,ON,SC,3.13
flatbeds,state,True,ON,TX,2.48
flatbeds,state,True,ON,VA,3.68
flatbeds,state,True,ON,WI,3.36
flatbeds,state,True,OR,Dest - AB,2.61
flatbeds,state,True,OR,AZ,2.54
flatbeds,state,True,OR,BC,3.82
flatbeds,state,True,OR,CA,2.9
flatbeds,state,True,OR,CO,3.08
flatbeds,state,True,OR,CT,1.99
flatbeds,state,True,OR,FL,2.04
flatbeds,state,True,OR,GA,1.82
flatbeds,state,True,OR,ID,3.72
flatbeds,state,True,OR,IL,1.9
flatbeds,state,True,OR,IN,1.91
flatbeds,state,True,OR,KS,2.13
flatbeds,state,True,OR,LA,1.53
flatbeds,state,True,OR,MA,2.13
flatbeds,state,True,OR,MI,1.93
flatbeds,state,True,OR,MN,2.27
flatbeds,state,True,OR,MO,2.13
flatbeds,state,True,OR,MS,1.86
flatbeds,state,True,OR,MT,3.33
flatbeds,state,True,OR,NC,1.84
flatbeds,state,True,OR,NE,2.27
flatbeds,state,True,OR,NM,2.49
flatbeds,state,True,OR,NV,3.06
flatbeds,state,True,OR,NY,2.18
flatbeds,state,True,OR,OH,1.89
flatbeds,state,True,OR,OK,2.01
flatbeds,state,True,OR,OR,4.05
flatbeds,state,True,OR,PA,1.96
flatbeds,state,True,OR,SD,2.58
flatbeds,state,True,OR,TN,1.95
flatbeds,state,True,OR,TX,2.05
flatbeds,state,True,OR,UT,3.06
flatbeds,state,True,OR,WA,3.86
flatbeds,state,True,OR,WI,2.15
flatbeds,state,True,PA,AL,2.03
flatbeds,state,True,PA,AR,2.13
flatbeds,state,True,PA,AZ,1.98
flatbeds,state,True,PA,CA,1.95
flatbeds,state,True,PA,CO,2.39
flatbeds,state,True,PA,CT,4.21
flatbeds,state,True,PA,DE,3.83
flatbeds,state,True,PA,FL,2.46
flatbeds,state,True,PA,GA,2.1
flatbeds,state,True,PA,IA,2.24
flatbeds,state,True,PA,ID,2.36
flatbeds,state,True,PA,IL,2.27
flatbeds,state,True,PA,IN,2.4
flatbeds,state,True,PA,KS,2.2
flatbeds,state,True,PA,KY,2.32
flatbeds,state,True,PA,LA,2.07
flatbeds,state,True,PA,MA,3.98
flatbeds,state,True,PA,MD,4.94
flatbeds,state,True,PA,ME,3.59
flatbeds,state,True,PA,MI,2.68
flatbeds,state,True,PA,MN,2.33
flatbeds,state,True,PA,MO,2.21
flatbeds,state,True,PA,MS,2.21
flatbeds,state,True,PA,MT,2.03
flatbeds,state,True,PA,NC,2.35
flatbeds,state,True,PA,ND,2.09
flatbeds,state,True,PA,NE,2.32
flatbeds,state,True,PA,NH,3.44
flatbeds,state,True,PA,NJ,4.78
flatbeds,state,True,PA,NM,1.92
flatbeds,state,True,PA,NV,2.12
flatbeds,state,True,PA,NY,4.76
flatbeds,state,True,PA,OH,2.99
flatbeds,state,True,PA,OK,2.09
flatbeds,state,True,PA,ON,2.56
flatbeds,state,True,PA,OR,1.86
flatbeds,state,True,PA,PA,4.15
flatbeds,state,True,PA,PQ,2.82
flatbeds,state,True,PA,RI,3.87
flatbeds,state,True,PA,SC,2.1
flatbeds,state,True,PA,SD,2.52
flatbeds,state,True,PA,TN,2.08
flatbeds,state,True,PA,TX,1.97
flatbeds,state,True,PA,UT,2.22
flatbeds,state,True,PA,VA,3.54
flatbeds,state,True,PA,VT,3.39
flatbeds,state,True,PA,WA,1.97
flatbeds,state,True,PA,WI,2.25
flatbeds,state,True,PA,WV,3.48
flatbeds,state,True,PQ,FL,2.76
flatbeds,state,True,PQ,ON,3.18
flatbeds,state,True,PQ,PA,3.68
flatbeds,state,True,PQ,PQ,3.68
flatbeds,state,True,PQ,TX,2.73
flatbeds,state,True,RI,NJ,3.35
flatbeds,state,True,RI,NY,4.45
flatbeds,state,True,RI,OH,1.75
flatbeds,state,True,SC,AL,2.51
flatbeds,state,True,SC,AR,2.05
flatbeds,state,True,SC,AZ,2.39
flatbeds,state,True,SC,CA,2.11
flatbeds,state,True,SC,CO,2.56
flatbeds,state,True,SC,CT,3.18
flatbeds,state,True,SC,DE,2.75
flatbeds,state,True,SC,FL,2.99
flatbeds,state,True,SC,GA,3.58
flatbeds,state,True,SC,IA,2.59
flatbeds,state,True,SC,IL,2.41
flatbeds,state,True,SC,IN,2.42
flatbeds,state,True,SC,KS,2.25
flatbeds,state,True,SC,KY,2.54
flatbeds,state,True,SC,LA,2.18
flatbeds,state,True,SC,MA,3.01
flatbeds,state,True,SC,MD,3.19
flatbeds,state,True,SC,ME,2.88
flatbeds,state,True,SC,MI,2.49
flatbeds,state,True,SC,MN,2.72
flatbeds,state,True,SC,MO,2.31
flatbeds,state,True,SC,MS,2.2
flatbeds,state,True,SC,NC,3.66
flatbeds,state,True,SC,NE,1.93
flatbeds,state,True,SC,NH,2.7
flatbeds,state,True,SC,NJ,3.21
flatbeds,state,True,SC,NM,2.3
flatbeds,state,True,SC,NV,2.16
flatbeds,state,True,SC,NY,3.2
flatbeds,state,True,SC,OH,2.58
flatbeds,state,True,SC,OK,2.15
flatbeds,state,True,SC,ON,2.15
flatbeds,state,True,SC,OR,2.2
flatbeds,state,True,SC,PA,3.07
flatbeds,state,True,SC,RI,2.96
flatbeds,state,True,SC,SC,4.01
flatbeds,state,True,SC,TN,2.72
flatbeds,state,True,SC,TX,2.16
flatbeds,state,True,SC,UT,2.13
flatbeds,state,True,SC,VA,3.26
flatbeds,state,True,SC,WA,2.03
flatbeds,state,True,SC,WI,2.48
flatbeds,state,True,SC,WV,2.78
flatbeds,state,True,SD,CA,2.35
flatbeds,state,True,SD,CO,3.43
flatbeds,state,True,SD,FL,2.0
flatbeds,state,True,SD,GA,1.88
flatbeds,state,True,SD,IA,2.82
flatbeds,state,True,SD,ID,2.71
flatbeds,state,True,SD,IL,2.23
flatbeds,state,True,SD,IN,2.04
flatbeds,state,True,SD,KS,2.18
flatbeds,state,True,SD,MI,2.31
flatbeds,state,True,SD,MN,3.03
flatbeds,state,True,SD,MO,2.33
flatbeds,state,True,SD,NC,2.2
flatbeds,state,True,SD,ND,2.99
flatbeds,state,True,SD,NE,4.18
flatbeds,state,True,SD,OH,2.33
flatbeds,state,True,SD,OK,2.21
flatbeds,state,True,SD,PA,2.12
flatbeds,state,True,SD,SD,4.44
flatbeds,state,True,SD,TX,2.08
flatbeds,state,True,SD,UT,2.92
flatbeds,state,True,SD,VA,2.43
flatbeds,state,True,SD,WA,2.44
flatbeds,state,True,SD,WI,2.51
flatbeds,state,True,SK,Dest - AB,2.71
flatbeds,state,True,TN,AL,3.51
flatbeds,state,True,TN,AR,2.99
flatbeds,state,True,TN,AZ,2.67
flatbeds,state,True,TN,CA,2.28
flatbeds,state,True,TN,CO,3.09
flatbeds,state,True,TN,CT,3.15
flatbeds,state,True,TN,FL,2.89
flatbeds,state,True,TN,GA,3.37
flatbeds,state,True,TN,IA,3.35
flatbeds,state,True,TN,IL,2.81
flatbeds,state,True,TN,IN,3.21
flatbeds,state,True,TN,KS,2.6
flatbeds,state,True,TN,KY,3.79
flatbeds,state,True,TN,LA,2.65
flatbeds,state,True,TN,MA,3.08
flatbeds,state,True,TN,MD,3.36
flatbeds,state,True,TN,MI,2.77
flatbeds,state,True,TN,MN,2.56
flatbeds,state,True,TN,MO,3.16
flatbeds,state,True,TN,MS,2.87
flatbeds,state,True,TN,NC,3.21
flatbeds,state,True,TN,NE,2.26
flatbeds,state,True,TN,NH,3.26
flatbeds,state,True,TN,NJ,3.16
flatbeds,state,True,TN,NV,2.41
flatbeds,state,True,TN,NY,3.19
flatbeds,state,True,TN,OH,2.97
flatbeds,state,True,TN,OK,2.85
flatbeds,state,True,TN,ON,2.27
flatbeds,state,True,TN,OR,2.29
flatbeds,state,True,TN,PA,3.0
flatbeds,state,True,TN,SC,3.1
flatbeds,state,True,TN,TN,3.64
flatbeds,state,True,TN,TX,2.73
flatbeds,state,True,TN,UT,2.77
flatbeds,state,True,TN,VA,2.93
flatbeds,state,True,TN,WA,2.79
flatbeds,state,True,TN,WI,2.73
flatbeds,state,True,TN,WV,3.5
flatbeds,state,True,TX,Dest - AB,1.95
flatbeds,state,True,TX,AL,2.01
flatbeds,state,True,TX,AR,2.26
flatbeds,state,True,TX,AZ,2.47
flatbeds,state,True,TX,BC,1.87
flatbeds,state,True,TX,CA,2.24
flatbeds,state,True,TX,CO,3.06
flatbeds,state,True,TX,CT,2.13
flatbeds,state,True,TX,DE,2.41
flatbeds,state,True,TX,FL,2.21
flatbeds,state,True,TX,GA,2.09
flatbeds,state,True,TX,IA,2.46
flatbeds,state,True,TX,ID,2.52
flatbeds,state,True,TX,IL,2.08
flatbeds,state,True,TX,IN,2.14
flatbeds,state,True,TX,KS,2.61
flatbeds,state,True,TX,KY,2.06
flatbeds,state,True,TX,LA,2.77
flatbeds,state,True,TX,MA,2.19
flatbeds,state,True,TX,MD,2.21
flatbeds,state,True,TX,ME,2.29
flatbeds,state,True,TX,MI,2.16
flatbeds,state,True,TX,MN,2.44
flatbeds,state,True,TX,MO,2.38
flatbeds,state,True,TX,MS,2.13
flatbeds,state,True,TX,MT,2.66
flatbeds,state,True,TX,NC,2.14
flatbeds,state,True,TX,ND,2.7
flatbeds,state,True,TX,NE,2.75
flatbeds,state,True,TX,NH,2.31
flatbeds,state,True,TX,NJ,2.21
flatbeds,state,True,TX,NM,3.02
flatbeds,state,True,TX,NV,2.43
flatbeds,state,True,TX,NY,2.37
flatbeds,state,True,TX,OH,2.12
flatbeds,state,True,TX,OK,2.93
flatbeds,state,True,TX,ON,1.89
flatbeds,state,True,TX,OR,2.24
flatbeds,state,True,TX,PA,2.15
flatbeds,state,True,TX,PQ,1.98
flatbeds,state,True,TX,RI,1.86
flatbeds,state,True,TX,SC,2.2
flatbeds,state,True,TX,SD,2.73
flatbeds,state,True,TX,TN,2.05
flatbeds,state,True,TX,TX,2.89
flatbeds,state,True,TX,UT,2.61
flatbeds,state,True,TX,VA,2.3
flatbeds,state,True,TX,WA,2.18
flatbeds,state,True,TX,WI,2.18
flatbeds,state,True,TX,WV,2.21
flatbeds,state,True,TX,WY,2.84
flatbeds,state,True,UT,AZ,2.13
flatbeds,state,True,UT,CA,2.21
flatbeds,state,True,UT,CO,2.75
flatbeds,state,True,UT,FL,2.03
flatbeds,state,True,UT,GA,1.85
flatbeds,state,True,UT,IA,2.01
flatbeds,state,True,UT,ID,2.9
flatbeds,state,True,UT,IL,1.83
flatbeds,state,True,UT,IN,1.77
flatbeds,state,True,UT,KS,2.07
flatbeds,state,True,UT,MI,2.14
flatbeds,state,True,UT,MN,2.04
flatbeds,state,True,UT,MO,1.9
flatbeds,state,True,UT,MS,2.13
flatbeds,state,True,UT,MT,3.15
flatbeds,state,True,UT,NC,2.13
flatbeds,state,True,UT,ND,2.73
flatbeds,state,True,UT,NE,2.09
flatbeds,state,True,UT,NM,2.68
flatbeds,state,True,UT,NV,2.45
flatbeds,state,True,UT,NY,1.88
flatbeds,state,True,UT,OH,2.28
flatbeds,state,True,UT,OK,1.78
flatbeds,state,True,UT,OR,2.25
flatbeds,state,True,UT,PA,1.87
flatbeds,state,True,UT,SC,2.04
flatbeds,state,True,UT,SD,2.57
flatbeds,state,True,UT,TN,1.8
flatbeds,state,True,UT,TX,1.89
flatbeds,state,True,UT,UT,3.37
flatbeds,state,True,UT,VA,2.33
flatbeds,state,True,UT,WA,2.24
flatbeds,state,True,UT,WY,2.91
flatbeds,state,True,VA,AL,2.21
flatbeds,state,True,VA,AR,1.88
flatbeds,state,True,VA,AZ,2.18
flatbeds,state,True,VA,CA,1.95
flatbeds,state,True,VA,CO,2.46
flatbeds,state,True,VA,CT,3.74
flatbeds,state,True,VA,DE,4.18
flatbeds,state,True,VA,FL,2.43
flatbeds,state,True,VA,GA,2.38
flatbeds,state,True,VA,IA,2.37
flatbeds,state,True,VA,IL,2.24
flatbeds,state,True,VA,IN,2.36
flatbeds,state,True,VA,KS,2.41
flatbeds,state,True,VA,KY,2.76
flatbeds,state,True,VA,LA,2.07
flatbeds,state,True,VA,MA,3.13
flatbeds,state,True,VA,MD,3.88
flatbeds,state,True,VA,MI,2.27
flatbeds,state,True,VA,MN,2.32
flatbeds,state,True,VA,MO,2.29
flatbeds,state,True,VA,MS,2.15
flatbeds,state,True,VA,NC,2.99
flatbeds,state,True,VA,NE,2.15
flatbeds,state,True,VA,NH,3.33
flatbeds,state,True,VA,NJ,3.56
flatbeds,state,True,VA,NV,2.45
flatbeds,state,True,VA,NY,3.73
flatbeds,state,True,VA,OH,2.54
flatbeds,state,True,VA,OK,2.15
flatbeds,state,True,VA,ON,2.4
flatbeds,state,True,VA,PA,3.28
flatbeds,state,True,VA,PQ,2.02
flatbeds,state,True,VA,SC,2.88
flatbeds,state,True,VA,TN,2.27
flatbeds,state,True,VA,TX,2.03
flatbeds,state,True,VA,UT,2.21
flatbeds,state,True,VA,VA,4.28
flatbeds,state,True,VA,WA,1.97
flatbeds,state,True,VA,WI,2.45
flatbeds,state,True,VA,WV,3.42
flatbeds,state,True,VT,MA,3.64
flatbeds,state,True,VT,ME,3.91
flatbeds,state,True,VT,NY,3.27
flatbeds,state,True,VT,PA,2.22
flatbeds,state,True,VT,TX,1.9
flatbeds,state,True,WA,Dest - AB,2.42
flatbeds,state,True,WA,AL,1.86
flatbeds,state,True,WA,AR,2.16
flatbeds,state,True,WA,AZ,2.71
flatbeds,state,True,WA,BC,3.96
flatbeds,state,True,WA,CA,2.65
flatbeds,state,True,WA,CO,2.9
flatbeds,state,True,WA,CT,2.38
flatbeds,state,True,WA,FL,2.06
flatbeds,state,True,WA,GA,1.96
flatbeds,state,True,WA,IA,1.97
flatbeds,state,True,WA,ID,3.79
flatbeds,state,True,WA,IL,2.01
flatbeds,state,True,WA,IN,1.99
flatbeds,state,True,WA,KS,2.16
flatbeds,state,True,WA,KY,2.21
flatbeds,state,True,WA,LA,2.12
flatbeds,state,True,WA,MA,1.96
flatbeds,state,True,WA,MI,2.05
flatbeds,state,True,WA,MN,2.13
flatbeds,state,True,WA,MO,1.95
flatbeds,state,True,WA,MT,3.75
flatbeds,state,True,WA,NC,1.94
flatbeds,state,True,WA,ND,2.56
flatbeds,state,True,WA,NE,2.22
flatbeds,state,True,WA,NJ,2.05
flatbeds,state,True,WA,NM,2.75
flatbeds,state,True,WA,NV,2.77
flatbeds,state,True,WA,NY,2.15
flatbeds,state,True,WA,OH,1.96
flatbeds,state,True,WA,OK,2.21
flatbeds,state,True,WA,OR,3.72
flatbeds,state,True,WA,PA,1.88
flatbeds,state,True,WA,TN,1.94
flatbeds,state,True,WA,TX,1.94
flatbeds,state,True,WA,UT,2.83
flatbeds,state,True,WA,VA,2.0
flatbeds,state,True,WA,WA,4.19
flatbeds,state,True,WA,WI,2.02
flatbeds,state,True,WA,WY,3.31
flatbeds,state,True,WI,AL,2.29
flatbeds,state,True,WI,AR,2.26
flatbeds,state,True,WI,AZ,2.33
flatbeds,state,True,WI,CA,2.08
flatbeds,state,True,WI,CO,3.17
flatbeds,state,True,WI,CT,2.91
flatbeds,state,True,WI,DE,3.13
flatbeds,state,True,WI,FL,2.44
flatbeds,state,True,WI,GA,2.47
flatbeds,state,True,WI,IA,3.65
flatbeds,state,True,WI,ID,2.67
flatbeds,state,True,WI,IL,3.09
flatbeds,state,True,WI,IN,3.25
flatbeds,state,True,WI,KS,2.74
flatbeds,state,True,WI,KY,2.53
flatbeds,state,True,WI,LA,2.14
flatbeds,state,True,WI,MA,2.34
flatbeds,state,True,WI,MD,3.14
flatbeds,state,True,WI,MI,2.8
flatbeds,state,True,WI,MN,3.31
flatbeds,state,True,WI,MO,2.78
flatbeds,state,True,WI,MS,2.41
flatbeds,state,True,WI,NC,2.53
flatbeds,state,True,WI,ND,3.31
flatbeds,state,True,WI,NE,2.74
flatbeds,state,True,WI,NJ,3.12
flatbeds,state,True,WI,NV,2.39
flatbeds,state,True,WI,NY,3.02
flatbeds,state,True,WI,OH,2.75
flatbeds,state,True,WI,OK,2.71
flatbeds,state,True,WI,ON,2.62
flatbeds,state,True,WI,OR,2.63
flatbeds,state,True,WI,PA,2.61
flatbeds,state,True,WI,SC,2.34
flatbeds,state,True,WI,SD,2.9
flatbeds,state,True,WI,TN,2.35
flatbeds,state,True,WI,TX,2.2
flatbeds,state,True,WI,UT,2.35
flatbeds,state,True,WI,VA,2.58
flatbeds,state,True,WI,WA,2.57
flatbeds,state,True,WI,WI,3.64
flatbeds,state,True,WV,AL,2.53
flatbeds,state,True,WV,CA,2.43
flatbeds,state,True,WV,CT,3.74
flatbeds,state,True,WV,FL,2.71
flatbeds,state,True,WV,GA,2.77
flatbeds,state,True,WV,IL,2.72
flatbeds,state,True,WV,IN,2.89
flatbeds,state,True,WV,KY,3.25
flatbeds,state,True,WV,MA,3.72
flatbeds,state,True,WV,MD,4.49
flatbeds,state,True,WV,MI,2.74
flatbeds,state,True,WV,MN,3.01
flatbeds,state,True,WV,NC,3.04
flatbeds,state,True,WV,NJ,4.3
flatbeds,state,True,WV,NY,4.16
flatbeds,state,True,WV,OH,3.89
flatbeds,state,True,WV,OK,3.03
flatbeds,state,True,WV,PA,4.13
flatbeds,state,True,WV,SC,2.43
flatbeds,state,True,WV,TN,3.05
flatbeds,state,True,WV,TX,2.19
flatbeds,state,True,WV,VA,4.0
flatbeds,state,True,WV,WI,2.61
flatbeds,state,True,WY,AZ,2.68
flatbeds,state,True,WY,CA,2.5
flatbeds,state,True,WY,CO,4.05
flatbeds,state,True,WY,FL,1.98
flatbeds,state,True,WY,GA,1.76
flatbeds,state,True,WY,IA,1.55
flatbeds,state,True,WY,IL,1.68
flatbeds,state,True,WY,IN,2.33
flatbeds,state,True,WY,KS,2.53
flatbeds,state,True,WY,MO,2.24
flatbeds,state,True,WY,ND,2.76
flatbeds,state,True,WY,NE,2.01
flatbeds,state,True,WY,NM,2.52
flatbeds,state,True,WY,NV,2.61
flatbeds,state,True,WY,OH,1.91
flatbeds,state,True,WY,OK,1.85
flatbeds,state,True,WY,PA,1.94
flatbeds,state,True,WY,SD,2.52
flatbeds,state,True,WY,TX,1.89
flatbeds,state,True,WY,UT,3.2
flatbeds,state,True,WY,WA,2.27
flatbeds,state,True,WY,WI,2.07
flatbeds,state,True,WY,WY,3.52
reefers,region,False,Origin - New England,Dest - New England,5.08
reefers,region,False,Origin - New England,Upper Atlantic,3.04
reefers,region,False,Origin - New England,Lower Atlantic,2.59
reefers,region,False,Origin - New England,Carolinas,2.51
reefers,region,False,Origin - New England,Florida-So Georgia,2.28
reefers,region,False,Origin - New England,Southeast,2.05
reefers,region,False,Origin - New England,Ohio River,1.7
reefers,region,False,Origin - New England,Great Lakes,1.39
reefers,region,False,Origin - New England,Upper Midwest,1.49
reefers,region,False,Origin - New England,Lower Midwest,1.53
reefers,region,False,Origin - New England,South Central,1.62
reefers,region,False,Origin - New England,Upper Mountain,1.46
reefers,region,False,Origin - New England,Lower Mountain,1.41
reefers,region,False,Origin - New England,California,1.05
reefers,region,False,Origin - New England,Pacific Northwest,1.41
reefers,region,False,Origin - New England,Canada Central,1.92
reefers,region,False,Upper Atlantic,Dest - New England,4.57
reefers,region,False,Upper Atlantic,Upper Atlantic,4.52
reefers,region,False,Upper Atlantic,Lower Atlantic,4.39
reefers,region,False,Upper Atlantic,Carolinas,3.06
reefers,region,False,Upper Atlantic,Florida-So Georgia,2.53
reefers,region,False,Upper Atlantic,Southeast,2.44
reefers,region,False,Upper Atlantic,Ohio River,2.13
reefers,region,False,Upper Atlantic,Great Lakes,1.74
reefers,region,False,Upper Atlantic,Upper Midwest,1.52
reefers,region,False,Upper Atlantic,Lower Midwest,1.59
reefers,region,False,Upper Atlantic,South Central,1.6
reefers,region,False,Upper Atlantic,Upper Mountain,1.31
reefers,region,False,Upper Atlantic,Lower Mountain,1.45
reefers,region,False,Upper Atlantic,California,1.06
reefers,region,False,Upper Atlantic,Pacific Northwest,1.49
reefers,region,False,Upper Atlantic,Canada East,2.78
reefers,region,False,Upper Atlantic,Canada Central,2.14
reefers,region,False,Upper Atlantic,Canada West,1.72
reefers,region,False,Lower Atlantic,Dest - New England,3.91
reefers,region,False,Lower Atlantic,Upper Atlantic,4.02
reefers,region,False,Lower Atlantic,Lower Atlantic,4.83
reefers,region,False,Lower Atlantic,Carolinas,3.56
reefers,region,False,Lower Atlantic,Florida-So Georgia,2.64
reefers,region,False,Lower Atlantic,Southeast,2.5
reefers,region,False,Lower Atlantic,Ohio River,2.19
reefers,region,False,Lower Atlantic,Great Lakes,1.84
reefers,region,False,Lower Atlantic,Upper Midwest,1.48
reefers,region,False,Lower Atlantic,Lower Midwest,1.47
reefers,region,False,Lower Atlantic,South Central,1.45
reefers,region,False,Lower Atlantic,Upper Mountain,1.61
reefers,region,False,Lower Atlantic,Lower Mountain,1.23
reefers,region,False,Lower Atlantic,California,0.97
reefers,region,False,Lower Atlantic,Pacific Northwest,1.4
reefers,region,False,Lower Atlantic,Canada Central,1.96
reefers,region,False,Carolinas,Dest - New England,2.89
reefers,region,False,Carolinas,Upper Atlantic,2.82
reefers,region,False,Carolinas,Lower Atlantic,3.4
reefers,region,False,Carolinas,Carolinas,4.27
reefers,region,False,Carolinas,Florida-So Georgia,2.97
reefers,region,False,Carolinas,Southeast,2.83
reefers,region,False,Carolinas,Ohio River,2.03
reefers,region,False,Carolinas,Great Lakes,1.62
reefers,region,False,Carolinas,Upper Midwest,1.4
reefers,region,False,Carolinas,Lower Midwest,1.44
reefers,region,False,Carolinas,South Central,1.48
reefers,region,False,Carolinas,Upper Mountain,1.3
reefers,region,False,Carolinas,Lower Mountain,1.38
reefers,region,False,Carolinas,California,1.1
reefers,region,False,Carolinas,Pacific Northwest,1.45
reefers,region,False,Carolinas,Canada Central,1.75
reefers,region,False,Carolinas,Canada West,1.51
reefers,region,False,Florida-So Georgia,Dest - New England,2.24
reefers,region,False,Florida-So Georgia,Upper Atlantic,2.11
reefers,region,False,Florida-So Georgia,Lower Atlantic,2.15
reefers,region,False,Florida-So Georgia,Carolinas,2.11
reefers,region,False,Florida-So Georgia,Florida-So Georgia,3.52
reefers,region,False,Florida-So Georgia,Southeast,1.97
reefers,region,False,Florida-So Georgia,Ohio River,1.69
reefers,region,False,Florida-So Georgia,Great Lakes,1.43
reefers,region,False,Florida-So Georgia,Upper Midwest,1.32
reefers,region,False,Florida-So Georgia,Lower Midwest,1.36
reefers,region,False,Florida-So Georgia,South Central,1.39
reefers,region,False,Florida-So Georgia,Upper Mountain,1.28
reefers,region,False,Florida-So Georgia,Lower Mountain,1.23
reefers,region,False,Florida-So Georgia,California,0.89
reefers,region,False,Florida-So Georgia,Pacific Northwest,1.31
reefers,region,False,Florida-So Georgia,Canada Central,1.57
reefers,region,False,Florida-So Georgia,Canada West,1.49
reefers,region,False,Southeast,Dest - New England,2.55
reefers,region,False,Southeast,Upper Atlantic,2.59
reefers,region,False,Southeast,Lower Atlantic,2.99
reefers,region,False,Southeast,Carolinas,3.62
reefers,region,False,Southeast,Florida-So Georgia,3.33
reefers,region,False,Southeast,Southeast,3.75
reefers,region,False,Southeast,Ohio River,2.5
reefers,region,False,Southeast,Great Lakes,1.82
reefers,region,False,Southeast,Upper Midwest,1.71
reefers,region,False,Southeast,Lower Midwest,1.83
reefers,region,False,Southeast,South Central,1.98
reefers,region,False,Southeast,Upper Mountain,1.71
reefers,region,False,Southeast,Lower Mountain,1.62
reefers,region,False,Southeast,California,1.19
reefers,region,False,Southeast,Pacific Northwest,1.55
reefers,region,False,Southeast,Canada Central,1.99
reefers,region,False,Southeast,Canada West,1.97
reefers,region,False,Ohio River,Dest - New England,3.56
reefers,region,False,Ohio River,Upper Atlantic,3.75
reefers,region,False,Ohio River,Lower Atlantic,3.91
reefers,region,False,Ohio River,Carolinas,4.12
reefers,region,False,Ohio River,Florida-So Georgia,3.3
reefers,region,False,Ohio River,Southeast,4.02
reefers,region,False,Ohio River,Ohio River,4.18
reefers,region,False,Ohio River,Great Lakes,2.85
reefers,region,False,Ohio River,Upper Midwest,2.03
reefers,region,False,Ohio River,Lower Midwest,2.47
reefers,region,False,Ohio River,South Central,2.37
reefers,region,False,Ohio River,Upper Mountain,1.72
reefers,region,False,Ohio River,Lower Mountain,1.66
reefers,region,False,Ohio River,California,1.24
reefers,region,False,Ohio River,Pacific Northwest,1.53
reefers,region,False,Ohio River,Canada Central,2.14
reefers,region,False,Ohio River,Canada West,1.58
reefers,region,False,Great Lakes,Dest - New England,3.5
reefers,region,False,Great Lakes,Upper Atlantic,3.73
reefers,region,False,Great Lakes,Lower Atlantic,4.02
reefers,region,False,Great Lakes,Carolinas,3.75
reefers,region,False,Great Lakes,Florida-So Georgia,3.11
reefers,region,False,Great Lakes,Southeast,3.6
reefers,region,False,Great Lakes,Ohio River,4.31
reefers,region,False,Great Lakes,Great Lakes,3.97
reefers,region,False,Great Lakes,Upper Midwest,2.55
reefers,region,False,Great Lakes,Lower Midwest,2.82
reefers,region,False,Great Lakes,South Central,2.45
reefers,region,False,Great Lakes,Upper Mountain,1.81
reefers,region,False,Great Lakes,Lower Mountain,1.84
reefers,region,False,Great Lakes,California,1.43
reefers,region,False,Great Lakes,Pacific Northwest,1.76
reefers,region,False,Great Lakes,Canada Central,2.3
reefers,region,False,Great Lakes,Canada West,1.9
reefers,region,False,Upper Midwest,Dest - New England,3.17
reefers,region,False,Upper Midwest,Upper Atlantic,3.32
reefers,region,False,Upper Midwest,Lower Atlantic,3.31
reefers,region,False,Upper Midwest,Carolinas,3.24
reefers,region,False,Upper Midwest,Florida-So Georgia,3.06
reefers,region,False,Upper Midwest,Southeast,3.38
reefers,region,False,Upper Midwest,Ohio River,3.86
reefers,region,False,Upper Midwest,Great Lakes,3.6
reefers,region,False,Upper Midwest,Upper Midwest,3.85
reefers,region,False,Upper Midwest,Lower Midwest,4.1
reefers,region,False,Upper Midwest,South Central,3.15
reefers,region,False,Upper Midwest,Upper Mountain,2.54
reefers,region,False,Upper Midwest,Lower Mountain,2.44
reefers,region,False,Upper Midwest,California,1.88
reefers,region,False,Upper Midwest,Pacific Northwest,2.14
reefers,region,False,Upper Midwest,Canada Central,2.37
reefers,region,False,Upper Midwest,Canada West,2.42
reefers,region,False,Lower Midwest,Dest - New England,3.03
reefers,region,False,Lower Midwest,Upper Atlantic,3.09
reefers,region,False,Lower Midwest,Lower Atlantic,3.15
reefers,region,False,Lower Midwest,Carolinas,3.32
reefers,region,False,Lower Midwest,Florida-So Georgia,3.2
reefers,region,False,Lower Midwest,Southeast,3.43
reefers,region,False,Lower Midwest,Ohio River,3.54
reefers,region,False,Lower Midwest,Great Lakes,2.9
reefers,region,False,Lower Midwest,Upper Midwest,2.65
reefers,region,False,Lower Midwest,Lower Midwest,3.88
reefers,region,False,Lower Midwest,South Central,3.18
reefers,region,False,Lower Midwest,Upper Mountain,2.42
reefers,region,False,Lower Midwest,Lower Mountain,2.62
reefers,region,False,Lower Midwest,California,1.81
reefers,region,False,Lower Midwest,Pacific Northwest,1.95
reefers,region,False,Lower Midwest,Canada Central,2.16
reefers,region,False,Lower Midwest,Canada West,2.22
reefers,region,False,South Central,Dest - New England,2.53
reefers,region,False,South Central,Upper Atlantic,2.48
reefers,region,False,South Central,Lower Atlantic,2.62
reefers,region,False,South Central,Carolinas,2.78
reefers,region,False,South Central,Florida-So Georgia,2.83
reefers,region,False,South Central,Southeast,2.89
reefers,region,False,South Central,Ohio River,2.51
reefers,region,False,South Central,Great Lakes,2.11
reefers,region,False,South Central,Upper Midwest,1.94
reefers,region,False,South Central,Lower Midwest,2.38
reefers,region,False,South Central,South Central,3.05
reefers,region,False,South Central,Upper Mountain,2.01
reefers,region,False,South Central,Lower Mountain,1.9
reefers,region,False,South Central,California,1.4
reefers,region,False,South Central,Pacific Northwest,1.72
reefers,region,False,South Central,Canada Central,1.86
reefers,region,False,South Central,Canada West,1.94
reefers,region,False,Upper Mountain,Dest - New England,2.54
reefers,region,False,Upper Mountain,Upper Atlantic,2.52
reefers,region,False,Upper Mountain,Lower Atlantic,2.54
reefers,region,False,Upper Mountain,Carolinas,2.56
reefers,region,False,Upper Mountain,Florida-So Georgia,2.69
reefers,region,False,Upper Mountain,Southeast,2.58
reefers,region,False,Upper Mountain,Ohio River,2.38
reefers,region,False,Upper Mountain,Great Lakes,2.42
reefers,region,False,Upper Mountain,Upper Midwest,2.51
reefers,region,False,Upper Mountain,Lower Midwest,2.6
reefers,region,False,Upper Mountain,South Central,2.69
reefers,region,False,Upper Mountain,Upper Mountain,3.43
reefers,region,False,Upper Mountain,Lower Mountain,3.15
reefers,region,False,Upper Mountain,California,2.54
reefers,region,False,Upper Mountain,Pacific Northwest,3.05
reefers,region,False,Upper Mountain,Canada Central,1.86
reefers,region,False,Upper Mountain,Canada West,3.21
reefers,region,False,Lower Mountain,Dest - New England,2.5
reefers,region,False,Lower Mountain,Upper Atlantic,2.57
reefers,region,False,Lower Mountain,Lower Atlantic,2.45
reefers,region,False,Lower Mountain,Carolinas,2.56
reefers,region,False,Lower Mountain,Florida-So Georgia,2.59
reefers,region,False,Lower Mountain,Southeast,2.58
reefers,region,False,Lower Mountain,Ohio River,2.46
reefers,region,False,Lower Mountain,Great Lakes,2.3
reefers,region,False,Lower Mountain,Upper Midwest,2.12
reefers,region,False,Lower Mountain,Lower Midwest,2.22
reefers,region,False,Lower Mountain,South Central,2.62
reefers,region,False,Lower Mountain,Upper Mountain,2.64
reefers,region,False,Lower Mountain,Lower Mountain,2.82
reefers,region,False,Lower Mountain,California,2.26
reefers,region,False,Lower Mountain,Pacific Northwest,2.41
reefers,region,False,Lower Mountain,Canada Central,2.44
reefers,region,False,Lower Mountain,Canada West,2.54
reefers,region,False,California,Dest - New England,2.12
reefers,region,False,California,Upper Atlantic,2.12
reefers,region,False,California,Lower Atlantic,2.15
reefers,region,False,California,Carolinas,2.13
reefers,region,False,California,Florida-So Georgia,2.23
reefers,region,False,California,Southeast,2.11
reefers,region,False,California,Ohio River,2.04
reefers,region,False,California,Great Lakes,1.93
reefers,region,False,California,Upper Midwest,2.01
reefers,region,False,California,Lower Midwest,2.12
reefers,region,False,California,South Central,2.2
reefers,region,False,California,Upper Mountain,3.12
reefers,region,False,California,Lower Mountain,2.82
reefers,region,False,California,California,2.94
reefers,region,False,California,Pacific Northwest,2.56
reefers,region,False,California,Canada Central,2.03
reefers,region,False,California,Canada West,2.7
reefers,region,False,Pacific Northwest,Dest - New England,2.3
reefers,region,False,Pacific Northwest,Upper Atlantic,2.29
reefers,region,False,Pacific Northwest,Lower Atlantic,2.36
reefers,region,False,Pacific Northwest,Carolinas,2.35
reefers,region,False,Pacific Northwest,Florida-So Georgia,2.29
reefers,region,False,Pacific Northwest,Southeast,2.34
reefers,region,False,Pacific Northwest,Ohio River,2.19
reefers,region,False,Pacific Northwest,Great Lakes,2.19
reefers,region,False,Pacific Northwest,Upper Midwest,2.38
reefers,region,False,Pacific Northwest,Lower Midwest,2.29
reefers,region,False,Pacific Northwest,South Central,2.33
reefers,region,False,Pacific Northwest,Upper Mountain,2.58
reefers,region,False,Pacific Northwest,Lower Mountain,2.29
reefers,region,False,Pacific Northwest,California,1.78
reefers,region,False,Pacific Northwest,Pacific Northwest,4.03
reefers,region,False,Pacific Northwest,Canada Central,1.7
reefers,region,False,Pacific Northwest,Canada West,3.12
reefers,region,False,Canada East,Upper Atlantic,4.2
reefers,region,False,Canada East,Great Lakes,2.06
reefers,region,False,Canada East,Canada Central,1.39
reefers,region,False,Canada Central,Dest - New England,4.49
reefers,region,False,Canada Central,Upper Atlantic,3.68
reefers,region,False,Canada Central,Lower Atlantic,3.79
reefers,region,False,Canada Central,Carolinas,3.24
reefers,region,False,Canada Central,Florida-So Georgia,2.67
reefers,region,False,Canada Central,Southeast,2.45
reefers,region,False,Canada Central,Ohio River,2.71
reefers,region,False,Canada Central,Great Lakes,3.0
reefers,region,False,Canada Central,Upper Midwest,2.42
reefers,region,False,Canada Central,Lower Midwest,2.23
reefers,region,False,Canada Central,South Central,1.58
reefers,region,False,Canada Central,Upper Mountain,1.87
reefers,region,False,Canada Central,Lower Mountain,1.65
reefers,region,False,Canada Central,California,1.32
reefers,region,False,Canada Central,Pacific Northwest,2.02
reefers,region,False,Canada Central,Canada East,2.51
reefers,region,False,Canada Central,Canada Central,2.44
reefers,region,False,Canada Central,Canada West,2.3
reefers,region,False,Canada West,Upper Atlantic,2.09
reefers,region,False,Canada West,Lower Atlantic,2.08
reefers,region,False,Canada West,Florida-So Georgia,1.87
reefers,region,False,Canada West,Southeast,1.93
reefers,region,False,Canada West,Great Lakes,2.36
reefers,region,False,Canada West,Upper Midwest,3.66
reefers,region,False,Canada West,South Central,2.19
reefers,region,False,Canada West,Upper Mountain,2.41
reefers,region,False,Canada West,Lower Mountain,1.44
reefers,region,False,Canada West,California,0.9
reefers,region,False,Canada West,Pacific Northwest,2.68
reefers,region,False,Canada West,Canada Central,1.4
reefers,region,False,Canada West,Canada West,2.74
reefers,region,True,Origin - New England,Dest - New England,5.49
reefers,region,True,Origin - New England,Upper Atlantic,3.45
reefers,region,True,Origin - New England,Lower Atlantic,3.0
reefers,region,True,Origin - New England,Carolinas,2.92
reefers,region,True,Origin - New England,Florida-So Georgia,2.69
reefers,region,True,Origin - New England,Southeast,2.46
reefers,region,True,Origin - New England,Ohio River,2.11
reefers,region,True,Origin - New England,Great Lakes,1.8
reefers,region,True,Origin - New England,Upper Midwest,1.9
reefers,region,True,Origin - New England,Lower Midwest,1.94
reefers,region,True,Origin - New England,South Central,2.03
reefers,region,True,Origin - New England,Upper Mountain,1.87
reefers,region,True,Origin - New England,Lower Mountain,1.82
reefers,region,True,Origin - New England,California,1.46
reefers,region,True,Origin - New England,Pacific Northwest,1.82
reefers,region,True,Origin - New England,Canada Central,2.33
reefers,region,True,Upper Atlantic,Dest - New England,4.98
reefers,region,True,Upper Atlantic,Upper Atlantic,4.93
reefers,region,True,Upper Atlantic,Lower Atlantic,4.8
reefers,region,True,Upper Atlantic,Carolinas,3.47
reefers,region,True,Upper Atlantic,Florida-So Georgia,2.94
reefers,region,True,Upper Atlantic,Southeast,2.85
reefers,region,True,Upper Atlantic,Ohio River,2.54
reefers,region,True,Upper Atlantic,Great Lakes,2.15
reefers,region,True,Upper Atlantic,Upper Midwest,1.93
reefers,region,True,Upper Atlantic,Lower Midwest,2.0
reefers,region,True,Upper Atlantic,South Central,2.01
reefers,region,True,Upper Atlantic,Upper Mountain,1.72
reefers,region,True,Upper Atlantic,Lower Mountain,1.86
reefers,region,True,Upper Atlantic,California,1.47
reefers,region,True,Upper Atlantic,Pacific Northwest,1.9
reefers,region,True,Upper Atlantic,Canada East,3.19
reefers,region,True,Upper Atlantic,Canada Central,2.55
reefers,region,True,Upper Atlantic,Canada West,2.13
reefers,region,True,Lower Atlantic,Dest - New England,4.32
reefers,region,True,Lower Atlantic,Upper Atlantic,4.43
reefers,region,True,Lower Atlantic,Lower Atlantic,5.24
reefers,region,True,Lower Atlantic,Carolinas,3.97
reefers,region,True,Lower Atlantic,Florida-So Georgia,3.05
reefers,region,True,Lower Atlantic,Southeast,2.91
reefers,region,True,Lower Atlantic,Ohio River,2.6
reefers,region,True,Lower Atlantic,Great Lakes,2.25
reefers,region,True,Lower Atlantic,Upper Midwest,1.89
reefers,region,True,Lower Atlantic,Lower Midwest,1.88
reefers,region,True,Lower Atlantic,South Central,1.86
reefers,region,True,Lower Atlantic,Upper Mountain,2.02
reefers,region,True,Lower Atlantic,Lower Mountain,1.64
reefers,region,True,Lower Atlantic,California,1.38
reefers,region,True,Lower Atlantic,Pacific Northwest,1.81
reefers,region,True,Lower Atlantic,Canada Central,2.37
reefers,region,True,Carolinas,Dest - New England,3.3
reefers,region,True,Carolinas,Upper Atlantic,3.23
reefers,region,True,Carolinas,Lower Atlantic,3.81
reefers,region,True,Carolinas,Carolinas,4.68
reefers,region,True,Carolinas,Florida-So Georgia,3.38
reefers,region,True,Carolinas,Southeast,3.24
reefers,region,True,Carolinas,Ohio River,2.44
reefers,region,True,Carolinas,Great Lakes,2.03
reefers,region,True,Carolinas,Upper Midwest,1.81
reefers,region,True,Carolinas,Lower Midwest,1.85
reefers,region,True,Carolinas,South Central,1.89
reefers,region,True,Carolinas,Upper Mountain,1.71
reefers,region,True,Carolinas,Lower Mountain,1.79
reefers,region,True,Carolinas,California,1.51
reefers,region,True,Carolinas,Pacific Northwest,1.86
reefers,region,True,Carolinas,Canada Central,2.16
reefers,region,True,Carolinas,Canada West,1.92
reefers,region,True,Florida-So Georgia,Dest - New England,2.65
reefers,region,True,Florida-So Georgia,Upper Atlantic,2.52
reefers,region,True,Florida-So Georgia,Lower Atlantic,2.56
reefers,region,True,Florida-So Georgia,Carolinas,2.52
reefers,region,True,Florida-So Georgia,Florida-So Georgia,3.93
reefers,region,True,Florida-So Georgia,Southeast,2.38
reefers,region,True,Florida-So Georgia,Ohio River,2.1
reefers,region,True,Florida-So Georgia,Great Lakes,1.84
reefers,region,True,Florida-So Georgia,Upper Midwest,1.73
reefers,region,True,Florida-So Georgia,Lower Midwest,1.77
reefers,region,True,Florida-So Georgia,South Central,1.8
reefers,region,True,Florida-So Georgia,Upper Mountain,1.69
reefers,region,True,Florida-So Georgia,Lower Mountain,1.64
reefers,region,True,Florida-So Georgia,California,1.3
reefers,region,True,Florida-So Georgia,Pacific Northwest,1.72
reefers,region,True,Florida-So Georgia,Canada Central,1.98
reefers,region,True,Florida-So Georgia,Canada West,1.9
reefers,region,True,Southeast,Dest - New England,2.96
reefers,region,True,Southeast,Upper Atlantic,3.0
reefers,region,True,Southeast,Lower Atlantic,3.4
reefers,region,True,Southeast,Carolinas,4.03
reefers,region,True,Southeast,Florida-So Georgia,3.74
reefers,region,True,Southeast,Southeast,4.16
reefers,region,True,Southeast,Ohio River,2.91
reefers,region,True,Southeast,Great Lakes,2.23
reefers,region,True,Southeast,Upper Midwest,2.12
reefers,region,True,Southeast,Lower Midwest,2.24
reefers,region,True,Southeast,South Central,2.39
reefers,region,True,Southeast,Upper Mountain,2.12
reefers,region,True,Southeast,Lower Mountain,2.03
reefers,region,True,Southeast,California,1.6
reefers,region,True,Southeast,Pacific Northwest,1.96
reefers,region,True,Southeast,Canada Central,2.4
reefers,region,True,Southeast,Canada West,2.38
reefers,region,True,Ohio River,Dest - New England,3.97
reefers,region,True,Ohio River,Upper Atlantic,4.16
reefers,region,True,Ohio River,Lower Atlantic,4.32
reefers,region,True,Ohio River,Carolinas,4.53
reefers,region,True,Ohio River,Florida-So Georgia,3.71
reefers,region,True,Ohio River,Southeast,4.43
reefers,region,True,Ohio River,Ohio River,4.59
reefers,region,True,Ohio River,Great Lakes,3.26
reefers,region,True,Ohio River,Upper Midwest,2.44
reefers,region,True,Ohio River,Lower Midwest,2.88
reefers,region,True,Ohio River,South Central,2.78
reefers,region,True,Ohio River,Upper Mountain,2.13
reefers,region,True,Ohio River,Lower Mountain,2.07
reefers,region,True,Ohio River,California,1.65
reefers,region,True,Ohio River,Pacific Northwest,1.94
reefers,region,True,Ohio River,Canada Central,2.55
reefers,region,True,Ohio River,Canada West,1.99
reefers,region,True,Great Lakes,Dest - New England,3.91
reefers,region,True,Great Lakes,Upper Atlantic,4.14
reefers,region,True,Great Lakes,Lower Atlantic,4.43
reefers,region,True,Great Lakes,Carolinas,4.16
reefers,region,True,Great Lakes,Florida-So Georgia,3.52
reefers,region,True,Great Lakes,Southeast,4.01
reefers,region,True,Great Lakes,Ohio River,4.72
reefers,region,True,Great Lakes,Great Lakes,4.38
reefers,region,True,Great Lakes,Upper Midwest,2.96
reefers,region,True,Great Lakes,Lower Midwest,3.23
reefers,region,True,Great Lakes,South Central,2.86
reefers,region,True,Great Lakes,Upper Mountain,2.22
reefers,region,True,Great Lakes,Lower Mountain,2.25
reefers,region,True,Great Lakes,California,1.84
reefers,region,True,Great Lakes,Pacific Northwest,2.17
reefers,region,True,Great Lakes,Canada Central,2.71
reefers,region,True,Great Lakes,Canada West,2.31
reefers,region,True,Upper Midwest,Dest - New England,3.58
reefers,region,True,Upper Midwest,Upper Atlantic,3.73
reefers,region,True,Upper Midwest,Lower Atlantic,3.72
reefers,region,True,Upper Midwest,Carolinas,3.65
reefers,region,True,Upper Midwest,Florida-So Georgia,3.47
reefers,region,True,Upper Midwest,Southeast,3.79
reefers,region,True,Upper Midwest,Ohio River,4.27
reefers,region,True,Upper Midwest,Great Lakes,4.01
reefers,region,True,Upper Midwest,Upper Midwest,4.26
reefers,region,True,Upper Midwest,Lower Midwest,4.51
reefers,region,True,Upper Midwest,South Central,3.56
reefers,region,True,Upper Midwest,Upper Mountain,2.95
reefers,region,True,Upper Midwest,Lower Mountain,2.85
reefers,region,True,Upper Midwest,California,2.29
reefers,region,True,Upper Midwest,Pacific Northwest,2.55
reefers,region,True,Upper Midwest,Canada Central,2.78
reefers,region,True,Upper Midwest,Canada West,2.83
reefers,region,True,Lower Midwest,Dest - New England,3.44
reefers,region,True,Lower Midwest,Upper Atlantic,3.5
reefers,region,True,Lower Midwest,Lower Atlantic,3.56
reefers,region,True,Lower Midwest,Carolinas,3.73
reefers,region,True,Lower Midwest,Florida-So Georgia,3.61
reefers,region,True,Lower Midwest,Southeast,3.84
reefers,region,True,Lower Midwest,Ohio River,3.95
reefers,region,True,Lower Midwest,Great Lakes,3.31
reefers,region,True,Lower Midwest,Upper Midwest,3.06
reefers,region,True,Lower Midwest,Lower Midwest,4.29
reefers,region,True,Lower Midwest,South Central,3.59
reefers,region,True,Lower Midwest,Upper Mountain,2.83
reefers,region,True,Lower Midwest,Lower Mountain,3.03
reefers,region,True,Lower Midwest,California,2.22
reefers,region,True,Lower Midwest,Pacific Northwest,2.36
reefers,region,True,Lower Midwest,Canada Central,2.57
reefers,region,True,Lower Midwest,Canada West,2.63
reefers,region,True,South Central,Dest - New England,2.94
reefers,region,True,South Central,Upper Atlantic,2.89
reefers,region,True,South Central,Lower Atlantic,3.03
reefers,region,True,South Central,Carolinas,3.19
reefers,region,True,South Central,Florida-So Georgia,3.24
reefers,region,True,South Central,Southeast,3.3
reefers,region,True,South Central,Ohio River,2.92
reefers,region,True,South Central,Great Lakes,2.52
reefers,region,True,South Central,Upper Midwest,2.35
reefers,region,True,South Central,Lower Midwest,2.79
reefers,region,True,South Central,South Central,3.46
reefers,region,True,South Central,Upper Mountain,2.42
reefers,region,True,South Central,Lower Mountain,2.31
reefers,region,True,South Central,California,1.81
reefers,region,True,South Central,Pacific Northwest,2.13
reefers,region,True,South Central,Canada Central,2.27
reefers,region,True,South Central,Canada West,2.35
reefers,region,True,Upper Mountain,Dest - New England,2.95
reefers,region,True,Upper Mountain,Upper Atlantic,2.93
reefers,region,True,Upper Mountain,Lower Atlantic,2.95
reefers,region,True,Upper Mountain,Carolinas,2.97
reefers,region,True,Upper Mountain,Florida-So Georgia,3.1
reefers,region,True,Upper Mountain,Southeast,2.99
reefers,region,True,Upper Mountain,Ohio River,2.79
reefers,region,True,Upper Mountain,Great Lakes,2.83
reefers,region,True,Upper Mountain,Upper Midwest,2.92
reefers,region,True,Upper Mountain,Lower Midwest,3.01
reefers,region,True,Upper Mountain,South Central,3.1
reefers,region,True,Upper Mountain,Upper Mountain,3.84
reefers,region,True,Upper Mountain,Lower Mountain,3.56
reefers,region,True,Upper Mountain,California,2.95
reefers,region,True,Upper Mountain,Pacific Northwest,3.46
reefers,region,True,Upper Mountain,Canada Central,2.27
reefers,region,True,Upper Mountain,Canada West,3.62
reefers,region,True,Lower Mountain,Dest - New England,2.91
reefers,region,True,Lower Mountain,Upper Atlantic,2.98
reefers,region,True,Lower Mountain,Lower Atlantic,2.86
reefers,region,True,Lower Mountain,Carolinas,2.97
reefers,region,True,Lower Mountain,Florida-So Georgia,3.0
reefers,region,True,Lower Mountain,Southeast,2.99
reefers,region,True,Lower Mountain,Ohio River,2.87
reefers,region,True,Lower Mountain,Great Lakes,2.71
reefers,region,True,Lower Mountain,Upper Midwest,2.53
reefers,region,True,Lower Mountain,Lower Midwest,2.63
reefers,region,True,Lower Mountain,South Central,3.03
reefers,region,True,Lower Mountain,Upper Mountain,3.05
reefers,region,True,Lower Mountain,Lower Mountain,3.23
reefers,region,True,Lower Mountain,California,2.67
reefers,region,True,Lower Mountain,Pacific Northwest,2.82
reefers,region,True,Lower Mountain,Canada Central,2.85
reefers,region,True,Lower Mountain,Canada West,2.95
reefers,region,True,California,Dest - New England,2.53
reefers,region,True,California,Upper Atlantic,2.53
reefers,region,True,California,Lower Atlantic,2.56
reefers,region,True,California,Carolinas,2.54
reefers,region,True,California,Florida-So Georgia,2.64
reefers,region,True,California,Southeast,2.52
reefers,region,True,California,Ohio River,2.45
reefers,region,True,California,Great Lakes,2.34
reefers,region,True,California,Upper Midwest,2.42
reefers,region,True,California,Lower Midwest,2.53
reefers,region,True,California,South Central,2.61
reefers,region,True,California,Upper Mountain,3.53
reefers,region,True,California,Lower Mountain,3.23
reefers,region,True,California,California,3.35
reefers,region,True,California,Pacific Northwest,2.97
reefers,region,True,California,Canada Central,2.44
reefers,region,True,California,Canada West,3.11
reefers,region,True,Pacific Northwest,Dest - New England,2.71
reefers,region,True,Pacific Northwest,Upper Atlantic,2.7
reefers,region,True,Pacific Northwest,Lower Atlantic,2.77
reefers,region,True,Pacific Northwest,Carolinas,2.76
reefers,region,True,Pacific Northwest,Florida-So Georgia,2.7
reefers,region,True,Pacific Northwest,Southeast,2.75
reefers,region,True,Pacific Northwest,Ohio River,2.6
reefers,region,True,Pacific Northwest,Great Lakes,2.6
reefers,region,True,Pacific Northwest,Upper Midwest,2.79
reefers,region,True,Pacific Northwest,Lower Midwest,2.7
reefers,region,True,Pacific Northwest,South Central,2.74
reefers,region,True,Pacific Northwest,Upper Mountain,2.99
reefers,region,True,Pacific Northwest,Lower Mountain,2.7
reefers,region,True,Pacific Northwest,California,2.19
reefers,region,True,Pacific Northwest,Pacific Northwest,4.44
reefers,region,True,Pacific Northwest,Canada Central,2.11
reefers,region,True,Pacific Northwest,Canada West,3.53
reefers,region,True,Canada East,Upper Atlantic,4.61
reefers,region,True,Canada East,Great Lakes,2.47
reefers,region,True,Canada East,Canada Central,1.8
reefers,region,True,Canada Central,Dest - New England,4.9
reefers,region,True,Canada Central,Upper Atlantic,4.09
reefers,region,True,Canada Central,Lower Atlantic,4.2
reefers,region,True,Canada Central,Carolinas,3.65
reefers,region,True,Canada Central,Florida-So Georgia,3.08
reefers,region,True,Canada Central,Southeast,2.86
reefers,region,True,Canada Central,Ohio River,3.12
reefers,region,True,Canada Central,Great Lakes,3.41
reefers,region,True,Canada Central,Upper Midwest,2.83
reefers,region,True,Canada Central,Lower Midwest,2.64
reefers,region,True,Canada Central,South Central,1.99
reefers,region,True,Canada Central,Upper Mountain,2.28
reefers,region,True,Canada Central,Lower Mountain,2.06
reefers,region,True,Canada Central,California,1.73
reefers,region,True,Canada Central,Pacific Northwest,2.43
reefers,region,True,Canada Central,Canada East,2.92
reefers,region,True,Canada Central,Canada Central,2.85
reefers,region,True,Canada Central,Canada West,2.71
reefers,region,True,Canada West,Upper Atlantic,2.5
reefers,region,True,Canada West,Lower Atlantic,2.49
reefers,region,True,Canada West,Florida-So Georgia,2.28
reefers,region,True,Canada West,Southeast,2.34
reefers,region,True,Canada West,Great Lakes,2.77
reefers,region,True,Canada West,Upper Midwest,4.07
reefers,region,True,Canada West,South Central,2.6
reefers,region,True,Canada West,Upper Mountain,2.82
reefers,region,True,Canada West,Lower Mountain,1.85
reefers,region,True,Canada West,California,1.31
reefers,region,True,Canada West,Pacific Northwest,3.09
reefers,region,True,Canada West,Canada Central,1.81
reefers,region,True,Canada West,Canada West,3.15
reefers,state,False,Origin - AB,Dest - AB,3.74
reefers,state,False,Origin - AB,BC,2.65
reefers,state,False,Origin - AB,CA,1.15
reefers,state,False,Origin - AB,FL,1.89
reefers,state,False,Origin - AB,IL,2.3
reefers,state,False,Origin - AB,MB,1.29
reefers,state,False,Origin - AB,ON,1.44
reefers,state,False,Origin - AB,PA,1.9
reefers,state,False,Origin - AB,SK,2.06
reefers,state,False,Origin - AB,TX,1.63
reefers,state,False,AL,AL,4.56
reefers,state,False,AL,AR,1.52
reefers,state,False,AL,AZ,1.51
reefers,state,False,AL,CA,1.2
reefers,state,False,AL,CO,1.75
reefers,state,False,AL,CT,2.99
reefers,state,False,AL,DE,2.79
reefers,state,False,AL,FL,3.43
reefers,state,False,AL,GA,4.01
reefers,state,False,AL,IA,1.53
reefers,state,False,AL,IL,1.78
reefers,state,False,AL,IN,1.85
reefers,state,False,AL,KS,1.77
reefers,state,False,AL,KY,2.85
reefers,state,False,AL,LA,2.96
reefers,state,False,AL,MA,2.23
reefers,state,False,AL,MD,2.65
reefers,state,False,AL,ME,2.41
reefers,state,False,AL,MI,2.16
reefers,state,False,AL,MN,1.79
reefers,state,False,AL,MO,1.7
reefers,state,False,AL,MS,3.42
reefers,state,False,AL,NC,3.05
reefers,state,False,AL,NJ,2.34
reefers,state,False,AL,NM,1.79
reefers,state,False,AL,NY,2.6
reefers,state,False,AL,OH,2.57
reefers,state,False,AL,OK,2.08
reefers,state,False,AL,ON,1.9
reefers,state,False,AL,OR,1.46
reefers,state,False,AL,PA,2.58
reefers,state,False,AL,SC,3.33
reefers,state,False,AL,TN,3.92
reefers,state,False,AL,TX,1.81
reefers,state,False,AL,UT,1.39
reefers,state,False,AL,VA,2.75
reefers,state,False,AL,WI,1.55
reefers,state,False,AL,WV,3.67
reefers,state,False,AR,AL,4.0
reefers,state,False,AR,AR,6.63
reefers,state,False,AR,AZ,1.88
reefers,state,False,AR,CA,1.52
reefers,state,False,AR,CO,3.1
reefers,state,False,AR,FL,3.39
reefers,state,False,AR,GA,3.56
reefers,state,False,AR,IA,2.35
reefers,state,False,AR,ID,1.98
reefers,state,False,AR,IL,2.59
reefers,state,False,AR,IN,2.8
reefers,state,False,AR,KS,3.27
reefers,state,False,AR,KY,3.62
reefers,state,False,AR,LA,3.81
reefers,state,False,AR,MA,2.62
reefers,state,False,AR,MD,3.04
reefers,state,False,AR,MI,2.6
reefers,state,False,AR,MN,2.31
reefers,state,False,AR,MO,3.55
reefers,state,False,AR,MS,4.39
reefers,state,False,AR,NC,3.33
reefers,state,False,AR,NE,2.23
reefers,state,False,AR,NH,2.75
reefers,state,False,AR,NJ,2.55
reefers,state,False,AR,NM,2.59
reefers,state,False,AR,NV,1.73
reefers,state,False,AR,NY,2.84
reefers,state,False,AR,OH,2.92
reefers,state,False,AR,OK,3.72
reefers,state,False,AR,OR,1.83
reefers,state,False,AR,PA,2.68
reefers,state,False,AR,SC,3.62
reefers,state,False,AR,TN,3.74
reefers,state,False,AR,TX,3.21
reefers,state,False,AR,UT,1.81
reefers,state,False,AR,VA,3.15
reefers,state,False,AR,WA,1.82
reefers,state,False,AR,WI,2.49
reefers,state,False,AR,WY,3.11
reefers,state,False,AZ,Dest - AB,2.54
reefers,state,False,AZ,AL,2.78
reefers,state,False,AZ,AR,2.47
reefers,state,False,AZ,AZ,4.5
reefers,state,False,AZ,BC,2.41
reefers,state,False,AZ,CA,2.81
reefers,state,False,AZ,CO,3.58
reefers,state,False,AZ,CT,2.55
reefers,state,False,AZ,FL,2.6
reefers,state,False,AZ,GA,2.63
reefers,state,False,AZ,IA,2.45
reefers,state,False,AZ,ID,2.36
reefers,state,False,AZ,IL,2.46
reefers,state,False,AZ,IN,2.47
reefers,state,False,AZ,KS,2.44
reefers,state,False,AZ,KY,2.61
reefers,state,False,AZ,LA,3.26
reefers,state,False,AZ,MA,2.5
reefers,state,False,AZ,MD,2.47
reefers,state,False,AZ,MI,2.39
reefers,state,False,AZ,MN,2.28
reefers,state,False,AZ,MO,2.37
reefers,state,False,AZ,NC,2.51
reefers,state,False,AZ,NE,2.38
reefers,state,False,AZ,NJ,2.59
reefers,state,False,AZ,NM,3.52
reefers,state,False,AZ,NV,2.97
reefers,state,False,AZ,NY,2.64
reefers,state,False,AZ,OH,2.56
reefers,state,False,AZ,OK,2.73
reefers,state,False,AZ,ON,2.58
reefers,state,False,AZ,OR,2.63
reefers,state,False,AZ,PA,2.68
reefers,state,False,AZ,PQ,2.2
reefers,state,False,AZ,SC,2.67
reefers,state,False,AZ,SK,2.77
reefers,state,False,AZ,TN,2.79
reefers,state,False,AZ,TX,2.8
reefers,state,False,AZ,UT,2.34
reefers,state,False,AZ,VA,2.6
reefers,state,False,AZ,WA,2.37
reefers,state,False,AZ,WI,2.28
reefers,state,False,BC,Dest - AB,2.44
reefers,state,False,BC,CA,0.67
reefers,state,False,BC,ON,1.44
reefers,state,False,BC,PQ,1.3
reefers,state,False,BC,WA,2.55
reefers,state,False,CA,Dest - AB,2.72
reefers,state,False,CA,AL,2.06
reefers,state,False,CA,AR,2.14
reefers,state,False,CA,AZ,2.93
reefers,state,False,CA,BC,2.74
reefers,state,False,CA,CA,2.94
reefers,state,False,CA,CO,3.01
reefers,state,False,CA,CT,2.09
reefers,state,False,CA,DE,2.0
reefers,state,False,CA,FL,2.23
reefers,state,False,CA,GA,2.1
reefers,state,False,CA,IA,1.96
reefers,state,False,CA,ID,2.55
reefers,state,False,CA,IL,1.93
reefers,state,False,CA,IN,2.01
reefers,state,False,CA,KS,1.93
reefers,state,False,CA,KY,2.15
reefers,state,False,CA,LA,2.14
reefers,state,False,CA,MA,2.12
reefers,state,False,CA,MD,2.14
reefers,state,False,CA,ME,2.14
reefers,state,False,CA,MI,1.94
reefers,state,False,CA,MN,2.01
reefers,state,False,CA,MO,2.14
reefers,state,False,CA,MS,2.23
reefers,state,False,CA,MT,3.38
reefers,state,False,CA,NC,2.13
reefers,state,False,CA,NE,2.38
reefers,state,False,CA,NH,2.13
reefers,state,False,CA,NJ,2.1
reefers,state,False,CA,NM,2.87
reefers,state,False,CA,NV,3.73
reefers,state,False,CA,NY,2.14
reefers,state,False,CA,OH,1.97
reefers,state,False,CA,OK,2.25
reefers,state,False,CA,ON,2.1
reefers,state,False,CA,OR,2.73
reefers,state,False,CA,PA,2.14
reefers,state,False,CA,PQ,1.9
reefers,state,False,CA,SC,2.13
reefers,state,False,CA,SD,2.1
reefers,state,False,CA,SK,2.59
reefers,state,False,CA,TN,2.16
reefers,state,False,CA,TX,2.21
reefers,state,False,CA,UT,2.48
reefers,state,False,CA,VA,2.15
reefers,state,False,CA,WA,2.49
reefers,state,False,CA,WI,1.85
reefers,state,False,CA,WY,2.88
reefers,state,False,CO,AL,2.59
reefers,state,False,CO,AR,2.76
reefers,state,False,CO,AZ,1.52
reefers,state,False,CO,CA,1.4
reefers,state,False,CO,CO,4.6
reefers,state,False,CO,CT,2.73
reefers,state,False,CO,FL,2.39
reefers,state,False,CO,GA,2.27
reefers,state,False,CO,IA,1.7
reefers,state,False,CO,ID,1.13
reefers,state,False,CO,IL,1.74
reefers,state,False,CO,IN,1.78
reefers,state,False,CO,KS,1.77
reefers,state,False,CO,KY,1.89
reefers,state,False,CO,LA,2.52
reefers,state,False,CO,MA,1.98
reefers,state,False,CO,MD,2.03
reefers,state,False,CO,MI,2.27
reefers,state,False,CO,MN,1.67
reefers,state,False,CO,MO,1.79
reefers,state,False,CO,MT,2.41
reefers,state,False,CO,NC,2.24
reefers,state,False,CO,ND,1.85
reefers,state,False,CO,NE,1.86
reefers,state,False,CO,NJ,2.28
reefers,state,False,CO,NM,2.56
reefers,state,False,CO,NV,1.7
reefers,state,False,CO,NY,2.18
reefers,state,False,CO,OH,2.09
reefers,state,False,CO,OK,2.43
reefers,state,False,CO,OR,1.72
reefers,state,False,CO,PA,2.18
reefers,state,False,CO,SC,2.72
reefers,state,False,CO,SD,1.45
reefers,state,False,CO,TN,2.22
reefers,state,False,CO,TX,1.94
reefers,state,False,CO,UT,1.41
reefers,state,False,CO,VA,2.11
reefers,state,False,CO,WA,1.73
reefers,state,False,CO,WI,1.7
reefers,state,False,CO,WY,3.69
reefers,state,False,CT,CA,1.02
reefers,state,False,CT,FL,2.22
reefers,state,False,CT,GA,2.37
reefers,state,False,CT,IL,1.45
reefers,state,False,CT,IN,1.78
reefers,state,False,CT,MD,2.48
reefers,state,False,CT,MO,1.7
reefers,state,False,CT,NC,2.46
reefers,state,False,CT,NJ,4.02
reefers,state,False,CT,NY,4.57
reefers,state,False,CT,OH,1.73
reefers,state,False,CT,PA,3.34
reefers,state,False,CT,TX,1.5
reefers,state,False,CT,VA,2.76
reefers,state,False,DE,AR,1.43
reefers,state,False,DE,CA,0.94
reefers,state,False,DE,CT,5.65
reefers,state,False,DE,FL,2.52
reefers,state,False,DE,GA,2.77
reefers,state,False,DE,IA,1.41
reefers,state,False,DE,IL,1.75
reefers,state,False,DE,IN,2.12
reefers,state,False,DE,KY,1.95
reefers,state,False,DE,MA,4.81
reefers,state,False,DE,MI,2.39
reefers,state,False,DE,MN,1.31
reefers,state,False,DE,MO,1.47
reefers,state,False,DE,NC,3.15
reefers,state,False,DE,NE,1.28
reefers,state,False,DE,NH,4.7
reefers,state,False,DE,NY,5.06
reefers,state,False,DE,OH,2.21
reefers,state,False,DE,PA,5.46
reefers,state,False,DE,SC,2.56
reefers,state,False,DE,TN,2.21
reefers,state,False,DE,TX,1.38
reefers,state,False,DE,VA,4.54
reefers,state,False,DE,WI,1.94
reefers,state,False,FL,AL,1.87
reefers,state,False,FL,AR,1.67
reefers,state,False,FL,AZ,1.0
reefers,state,False,FL,CA,0.87
reefers,state,False,FL,CO,1.5
reefers,state,False,FL,CT,2.16
reefers,state,False,FL,DE,1.79
reefers,state,False,FL,FL,3.48
reefers,state,False,FL,GA,1.69
reefers,state,False,FL,IA,1.39
reefers,state,False,FL,ID,1.33
reefers,state,False,FL,IL,1.21
reefers,state,False,FL,IN,1.53
reefers,state,False,FL,KS,1.42
reefers,state,False,FL,KY,1.82
reefers,state,False,FL,LA,1.88
reefers,state,False,FL,MA,2.23
reefers,state,False,FL,MD,2.23
reefers,state,False,FL,ME,2.17
reefers,state,False,FL,MI,1.56
reefers,state,False,FL,MN,1.34
reefers,state,False,FL,MO,1.37
reefers,state,False,FL,MS,1.66
reefers,state,False,FL,NC,1.97
reefers,state,False,FL,NE,1.19
reefers,state,False,FL,NH,2.17
reefers,state,False,FL,NJ,2.08
reefers,state,False,FL,NM,1.38
reefers,state,False,FL,NV,1.11
reefers,state,False,FL,NY,2.19
reefers,state,False,FL,OH,1.66
reefers,state,False,FL,OK,1.29
reefers,state,False,FL,ON,1.53
reefers,state,False,FL,OR,1.37
reefers,state,False,FL,PA,2.02
reefers,state,False,FL,PQ,1.8
reefers,state,False,FL,RI,2.46
reefers,state,False,FL,SC,1.97
reefers,state,False,FL,TN,1.7
reefers,state,False,FL,TX,1.29
reefers,state,False,FL,UT,1.17
reefers,state,False,FL,VA,2.07
reefers,state,False,FL,WA,1.28
reefers,state,False,FL,WI,1.48
reefers,state,False,FL,WY,1.43
reefers,state,False,GA,Dest - AB,1.84
reefers,state,False,GA,AL,3.95
reefers,state,False,GA,AR,1.61
reefers,state,False,GA,AZ,1.21
reefers,state,False,GA,CA,1.08
reefers,state,False,GA,CO,1.8
reefers,state,False,GA,CT,2.58
reefers,state,False,GA,DE,3.21
reefers,state,False,GA,FL,3.31
reefers,state,False,GA,GA,3.81
reefers,state,False,GA,IA,1.26
reefers,state,False,GA,ID,1.45
reefers,state,False,GA,IL,1.47
reefers,state,False,GA,IN,1.54
reefers,state,False,GA,KS,1.65
reefers,state,False,GA,KY,2.39
reefers,state,False,GA,LA,2.47
reefers,state,False,GA,MA,2.41
reefers,state,False,GA,MB,2.22
reefers,state,False,GA,MD,2.63
reefers,state,False,GA,ME,2.34
reefers,state,False,GA,MI,1.81
reefers,state,False,GA,MN,1.4
reefers,state,False,GA,MO,1.57
reefers,state,False,GA,MS,2.63
reefers,state,False,GA,NC,3.4
reefers,state,False,GA,ND,1.37
reefers,state,False,GA,NE,1.29
reefers,state,False,GA,NH,2.31
reefers,state,False,GA,NJ,2.35
reefers,state,False,GA,NM,1.67
reefers,state,False,GA,NV,1.35
reefers,state,False,GA,NY,2.66
reefers,state,False,GA,OH,1.84
reefers,state,False,GA,OK,1.54
reefers,state,False,GA,ON,1.62
reefers,state,False,GA,OR,1.39
reefers,state,False,GA,PA,2.43
reefers,state,False,GA,PQ,1.56
reefers,state,False,GA,RI,2.2
reefers,state,False,GA,SC,4.09
reefers,state,False,GA,SK,1.42
reefers,state,False,GA,TN,3.08
reefers,state,False,GA,TX,1.51
reefers,state,False,GA,UT,1.27
reefers,state,False,GA,VA,2.94
reefers,state,False,GA,WA,1.42
reefers,state,False,GA,WI,1.48
reefers,state,False,GA,WV,2.41
reefers,state,False,GA,WY,1.74
reefers,state,False,IA,AL,3.78
reefers,state,False,IA,AR,3.98
reefers,state,False,IA,AZ,2.16
reefers,state,False,IA,CA,1.92
reefers,state,False,IA,CO,3.86
reefers,state,False,IA,CT,3.35
reefers,state,False,IA,FL,3.17
reefers,state,False,IA,GA,3.6
reefers,state,False,IA,IA,3.89
reefers,state,False,IA,ID,2.13
reefers,state,False,IA,IL,4.22
reefers,state,False,IA,IN,4.24
reefers,state,False,IA,KS,4.64
reefers,state,False,IA,KY,3.9
reefers,state,False,IA,LA,3.56
reefers,state,False,IA,MA,3.24
reefers,state,False,IA,MD,3.25
reefers,state,False,IA,ME,3.66
reefers,state,False,IA,MI,4.13
reefers,state,False,IA,MN,4.08
reefers,state,False,IA,MO,4.78
reefers,state,False,IA,MS,4.06
reefers,state,False,IA,NC,3.45
reefers,state,False,IA,ND,3.09
reefers,state,False,IA,NE,4.33
reefers,state,False,IA,NJ,3.37
reefers,state,False,IA,NM,3.25
reefers,state,False,IA,NV,2.24
reefers,state,False,IA,NY,3.85
reefers,state,False,IA,OH,4.09
reefers,state,False,IA,OK,4.01
reefers,state,False,IA,ON,2.59
reefers,state,False,IA,OR,2.12
reefers,state,False,IA,PA,3.53
reefers,state,False,IA,SC,3.37
reefers,state,False,IA,SD,3.19
reefers,state,False,IA,TN,3.76
reefers,state,False,IA,TX,3.21
reefers,state,False,IA,UT,2.26
reefers,state,False,IA,VA,4.12
reefers,state,False,IA,WA,2.07
reefers,state,False,IA,WI,3.95
reefers,state,False,ID,AL,2.79
reefers,state,False,ID,AR,2.53
reefers,state,False,ID,AZ,2.6
reefers,state,False,ID,CA,2.55
reefers,state,False,ID,CO,3.88
reefers,state,False,ID,CT,2.67
reefers,state,False,ID,FL,2.73
reefers,state,False,ID,GA,2.73
reefers,state,False,ID,IA,2.59
reefers,state,False,ID,ID,4.11
reefers,state,False,ID,IL,2.56
reefers,state,False,ID,IN,2.65
reefers,state,False,ID,KS,2.8
reefers,state,False,ID,KY,2.4
reefers,state,False,ID,LA,2.86
reefers,state,False,ID,MA,2.54
reefers,state,False,ID,MD,2.68
reefers,state,False,ID,ME,2.56
reefers,state,False,ID,MI,2.42
reefers,state,False,ID,MN,2.61
reefers,state,False,ID,MO,2.64
reefers,state,False,ID,MS,2.84
reefers,state,False,ID,MT,3.92
reefers,state,False,ID,NC,2.62
reefers,state,False,ID,NE,2.82
reefers,state,False,ID,NH,2.51
reefers,state,False,ID,NJ,2.53
reefers,state,False,ID,NM,3.95
reefers,state,False,ID,NV,3.13
reefers,state,False,ID,NY,2.56
reefers,state,False,ID,OH,2.38
reefers,state,False,ID,OK,2.9
reefers,state,False,ID,ON,1.7
reefers,state,False,ID,OR,3.2
reefers,state,False,ID,PA,2.53
reefers,state,False,ID,SC,2.55
reefers,state,False,ID,TN,2.48
reefers,state,False,ID,TX,2.77
reefers,state,False,ID,UT,3.88
reefers,state,False,ID,VA,2.55
reefers,state,False,ID,WA,3.29
reefers,state,False,ID,WI,2.41
reefers,state,False,ID,WY,4.63
reefers,state,False,IL,Dest - AB,2.03
reefers,state,False,IL,AL,3.56
reefers,state,False,IL,AR,3.1
reefers,state,False,IL,AZ,1.54
reefers,state,False,IL,BC,1.71
reefers,state,False,IL,CA,1.44
reefers,state,False,IL,CO,2.81
reefers,state,False,IL,CT,3.57
reefers,state,False,IL,DE,4.05
reefers,state,False,IL,FL,3.19
reefers,state,False,IL,GA,3.86
reefers,state,False,IL,IA,3.13
reefers,state,False,IL,ID,1.7
reefers,state,False,IL,IL,4.85
reefers,state,False,IL,IN,5.35
reefers,state,False,IL,KS,2.93
reefers,state,False,IL,KY,4.41
reefers,state,False,IL,LA,3.24
reefers,state,False,IL,MA,3.43
reefers,state,False,IL,MD,3.79
reefers,state,False,IL,ME,3.28
reefers,state,False,IL,MI,4.77
reefers,state,False,IL,MN,2.62
reefers,state,False,IL,MO,3.65
reefers,state,False,IL,MS,3.33
reefers,state,False,IL,MT,2.41
reefers,state,False,IL,NC,3.86
reefers,state,False,IL,ND,2.46
reefers,state,False,IL,NE,2.47
reefers,state,False,IL,NH,3.64
reefers,state,False,IL,NJ,3.45
reefers,state,False,IL,NM,2.18
reefers,state,False,IL,NV,1.68
reefers,state,False,IL,NY,3.92
reefers,state,False,IL,OH,4.49
reefers,state,False,IL,OK,2.86
reefers,state,False,IL,ON,2.09
reefers,state,False,IL,OR,1.73
reefers,state,False,IL,PA,4.01
reefers,state,False,IL,PQ,2.01
reefers,state,False,IL,SC,3.87
reefers,state,False,IL,SD,2.15
reefers,state,False,IL,TN,3.92
reefers,state,False,IL,TX,2.53
reefers,state,False,IL,UT,1.77
reefers,state,False,IL,VA,4.09
reefers,state,False,IL,WA,1.73
reefers,state,False,IL,WI,3.64
reefers,state,False,IL,WV,4.37
reefers,state,False,IL,WY,2.85
reefers,state,False,IN,AL,4.13
reefers,state,False,IN,AR,2.84
reefers,state,False,IN,AZ,1.39
reefers,state,False,IN,CA,1.26
reefers,state,False,IN,CO,2.36
reefers,state,False,IN,CT,3.47
reefers,state,False,IN,FL,3.32
reefers,state,False,IN,GA,3.75
reefers,state,False,IN,IA,2.33
reefers,state,False,IN,ID,1.64
reefers,state,False,IN,IL,3.88
reefers,state,False,IN,IN,5.19
reefers,state,False,IN,KS,2.11
reefers,state,False,IN,KY,5.12
reefers,state,False,IN,LA,3.35
reefers,state,False,IN,MA,3.52
reefers,state,False,IN,MD,3.91
reefers,state,False,IN,ME,3.08
reefers,state,False,IN,MI,4.08
reefers,state,False,IN,MN,2.07
reefers,state,False,IN,MO,2.9
reefers,state,False,IN,MS,3.85
reefers,state,False,IN,NC,4.09
reefers,state,False,IN,ND,1.71
reefers,state,False,IN,NE,2.09
reefers,state,False,IN,NH,3.05
reefers,state,False,IN,NJ,3.28
reefers,state,False,IN,NM,1.84
reefers,state,False,IN,NV,1.51
reefers,state,False,IN,NY,3.78
reefers,state,False,IN,OH,4.89
reefers,state,False,IN,OK,2.52
reefers,state,False,IN,ON,1.52
reefers,state,False,IN,OR,1.82
reefers,state,False,IN,PA,4.03
reefers,state,False,IN,PQ,1.7
reefers,state,False,IN,SC,4.54
reefers,state,False,IN,SD,1.9
reefers,state,False,IN,TN,4.28
reefers,state,False,IN,TX,2.27
reefers,state,False,IN,UT,1.61
reefers,state,False,IN,VA,4.49
reefers,state,False,IN,WA,1.66
reefers,state,False,IN,WI,2.58
reefers,state,False,IN,WY,2.76
reefers,state,False,KS,AL,3.09
reefers,state,False,KS,AR,4.35
reefers,state,False,KS,AZ,2.01
reefers,state,False,KS,CA,1.77
reefers,state,False,KS,CO,3.43
reefers,state,False,KS,FL,3.14
reefers,state,False,KS,GA,3.31
reefers,state,False,KS,IA,3.15
reefers,state,False,KS,IL,2.75
reefers,state,False,KS,IN,2.74
reefers,state,False,KS,KS,5.12
reefers,state,False,KS,KY,3.31
reefers,state,False,KS,LA,3.12
reefers,state,False,KS,MA,3.05
reefers,state,False,KS,MD,3.21
reefers,state,False,KS,ME,3.2
reefers,state,False,KS,MI,3.07
reefers,state,False,KS,MN,2.4
reefers,state,False,KS,MO,4.39
reefers,state,False,KS,MS,3.72
reefers,state,False,KS,MT,2.72
reefers,state,False,KS,NC,3.1
reefers,state,False,KS,ND,3.13
reefers,state,False,KS,NE,4.02
reefers,state,False,KS,NH,2.94
reefers,state,False,KS,NJ,2.97
reefers,state,False,KS,NM,3.4
reefers,state,False,KS,NV,2.18
reefers,state,False,KS,NY,3.06
reefers,state,False,KS,OH,3.05
reefers,state,False,KS,OK,4.75
reefers,state,False,KS,ON,2.37
reefers,state,False,KS,OR,1.92
reefers,state,False,KS,PA,2.98
reefers,state,False,KS,SC,3.65
reefers,state,False,KS,TN,3.32
reefers,state,False,KS,TX,3.52
reefers,state,False,KS,UT,2.11
reefers,state,False,KS,VA,2.98
reefers,state,False,KS,WA,1.9
reefers,state,False,KS,WI,2.24
reefers,state,False,KS,WY,3.7
reefers,state,False,KY,AL,4.53
reefers,state,False,KY,AR,2.49
reefers,state,False,KY,AZ,1.34
reefers,state,False,KY,CA,1.23
reefers,state,False,KY,CO,2.1
reefers,state,False,KY,CT,2.91
reefers,state,False,KY,FL,3.3
reefers,state,False,KY,GA,4.18
reefers,state,False,KY,IA,2.17
reefers,state,False,KY,IL,2.33
reefers,state,False,KY,IN,3.89
reefers,state,False,KY,KS,2.75
reefers,state,False,KY,KY,4.97
reefers,state,False,KY,LA,3.08
reefers,state,False,KY,MA,3.7
reefers,state,False,KY,MD,3.8
reefers,state,False,KY,ME,3.44
reefers,state,False,KY,MI,3.34
reefers,state,False,KY,MN,2.04
reefers,state,False,KY,MO,2.61
reefers,state,False,KY,MS,3.18
reefers,state,False,KY,NC,3.88
reefers,state,False,KY,NE,1.71
reefers,state,False,KY,NJ,3.24
reefers,state,False,KY,NM,2.27
reefers,state,False,KY,NV,1.58
reefers,state,False,KY,NY,3.69
reefers,state,False,KY,OH,4.24
reefers,state,False,KY,OK,2.21
reefers,state,False,KY,ON,1.73
reefers,state,False,KY,OR,1.43
reefers,state,False,KY,PA,3.41
reefers,state,False,KY,SC,3.97
reefers,state,False,KY,TN,4.6
reefers,state,False,KY,TX,2.33
reefers,state,False,KY,UT,1.45
reefers,state,False,KY,VA,3.65
reefers,state,False,KY,WA,1.5
reefers,state,False,KY,WI,2.13
reefers,state,False,KY,WY,2.36
reefers,state,False,LA,AL,3.29
reefers,state,False,LA,AR,3.3
reefers,state,False,LA,AZ,1.62
reefers,state,False,LA,CA,1.23
reefers,state,False,LA,CO,2.0
reefers,state,False,LA,CT,2.15
reefers,state,False,LA,FL,3.07
reefers,state,False,LA,GA,2.91
reefers,state,False,LA,IL,1.85
reefers,state,False,LA,KY,1.81
reefers,state,False,LA,LA,4.72
reefers,state,False,LA,MI,1.9
reefers,state,False,LA,MN,1.38
reefers,state,False,LA,MO,1.76
reefers,state,False,LA,MS,4.62
reefers,state,False,LA,NC,2.54
reefers,state,False,LA,NJ,2.17
reefers,state,False,LA,NV,2.44
reefers,state,False,LA,NY,2.19
reefers,state,False,LA,OH,1.96
reefers,state,False,LA,OK,2.35
reefers,state,False,LA,ON,1.58
reefers,state,False,LA,OR,1.82
reefers,state,False,LA,PA,2.2
reefers,state,False,LA,SC,2.7
reefers,state,False,LA,TN,2.41
reefers,state,False,LA,TX,2.61
reefers,state,False,LA,VA,2.81
reefers,state,False,LA,WA,1.6
reefers,state,False,MA,AL,1.88
reefers,state,False,MA,AR,1.73
reefers,state,False,MA,AZ,1.29
reefers,state,False,MA,CA,1.08
reefers,state,False,MA,CO,1.6
reefers,state,False,MA,DE,2.51
reefers,state,False,MA,FL,2.3
reefers,state,False,MA,GA,2.19
reefers,state,False,MA,IA,1.49
reefers,state,False,MA,IL,1.24
reefers,state,False,MA,IN,1.36
reefers,state,False,MA,KS,1.52
reefers,state,False,MA,KY,1.74
reefers,state,False,MA,LA,1.66
reefers,state,False,MA,MD,2.53
reefers,state,False,MA,ME,5.06
reefers,state,False,MA,MI,1.75
reefers,state,False,MA,MN,1.65
reefers,state,False,MA,MO,1.47
reefers,state,False,MA,MS,2.06
reefers,state,False,MA,NC,2.53
reefers,state,False,MA,NE,1.62
reefers,state,False,MA,NJ,3.28
reefers,state,False,MA,NV,1.35
reefers,state,False,MA,NY,3.57
reefers,state,False,MA,OH,1.87
reefers,state,False,MA,OK,1.86
reefers,state,False,MA,OR,1.62
reefers,state,False,MA,PA,2.58
reefers,state,False,MA,SC,2.21
reefers,state,False,MA,TN,1.86
reefers,state,False,MA,TX,1.63
reefers,state,False,MA,UT,1.41
reefers,state,False,MA,VA,2.45
reefers,state,False,MA,WA,1.42
reefers,state,False,MA,WI,1.53
reefers,state,False,MB,FL,2.04
reefers,state,False,MB,GA,2.08
reefers,state,False,MB,ID,2.84
reefers,state,False,MB,ND,5.25
reefers,state,False,MB,ON,1.94
reefers,state,False,MB,OR,2.85
reefers,state,False,MB,PA,2.6
reefers,state,False,MB,SK,4.96
reefers,state,False,MB,TX,2.45
reefers,state,False,MD,AL,2.49
reefers,state,False,MD,AZ,1.08
reefers,state,False,MD,CA,0.96
reefers,state,False,MD,CO,1.5
reefers,state,False,MD,CT,5.19
reefers,state,False,MD,FL,2.57
reefers,state,False,MD,GA,2.49
reefers,state,False,MD,IA,1.61
reefers,state,False,MD,IL,1.6
reefers,state,False,MD,IN,1.59
reefers,state,False,MD,KS,1.47
reefers,state,False,MD,KY,2.23
reefers,state,False,MD,LA,2.25
reefers,state,False,MD,MA,4.39
reefers,state,False,MD,ME,3.78
reefers,state,False,MD,MI,2.02
reefers,state,False,MD,MN,1.38
reefers,state,False,MD,MO,1.74
reefers,state,False,MD,NC,3.63
reefers,state,False,MD,NH,4.37
reefers,state,False,MD,NJ,4.96
reefers,state,False,MD,NY,4.8
reefers,state,False,MD,OH,2.5
reefers,state,False,MD,PA,5.03
reefers,state,False,MD,SC,3.05
reefers,state,False,MD,TN,2.62
reefers,state,False,MD,TX,1.38
reefers,state,False,MD,UT,1.24
reefers,state,False,MD,VA,5.64
reefers,state,False,MD,WA,1.24
reefers,state,False,MD,WI,1.63
reefers,state,False,MD,WV,4.02
reefers,state,False,ME,CA,1.12
reefers,state,False,ME,CT,3.54
reefers,state,False,ME,FL,2.17
reefers,state,False,ME,GA,1.95
reefers,state,False,ME,IL,1.5
reefers,state,False,ME,KY,1.75
reefers,state,False,ME,MA,4.4
reefers,state,False,ME,NJ,2.9
reefers,state,False,ME,NY,3.15
reefers,state,False,ME,OH,1.8
reefers,state,False,ME,PA,2.59
reefers,state,False,ME,TN,1.48
reefers,state,False,ME,TX,1.53
reefers,state,False,ME,VA,2.34
reefers,state,False,MI,AL,3.35
reefers,state,False,MI,AR,2.61
reefers,state,False,MI,AZ,1.62
reefers,state,False,MI,CA,1.45
reefers,state,False,MI,CO,2.33
reefers,state,False,MI,CT,3.44
reefers,state,False,MI,FL,2.88
reefers,state,False,MI,GA,3.56
reefers,state,False,MI,IA,2.1
reefers,state,False,MI,ID,1.53
reefers,state,False,MI,IL,3.37
reefers,state,False,MI,IN,3.76
reefers,state,False,MI,KS,2.21
reefers,state,False,MI,KY,3.38
reefers,state,False,MI,LA,2.54
reefers,state,False,MI,MA,3.58
reefers,state,False,MI,MD,4.06
reefers,state,False,MI,ME,3.72
reefers,state,False,MI,MI,4.45
reefers,state,False,MI,MN,2.22
reefers,state,False,MI,MO,2.34
reefers,state,False,MI,MS,3.09
reefers,state,False,MI,NC,3.68
reefers,state,False,MI,NE,2.07
reefers,state,False,MI,NJ,3.3
reefers,state,False,MI,NV,1.73
reefers,state,False,MI,NY,3.95
reefers,state,False,MI,OH,4.31
reefers,state,False,MI,OK,2.4
reefers,state,False,MI,ON,3.19
reefers,state,False,MI,OR,1.82
reefers,state,False,MI,PA,3.82
reefers,state,False,MI,PQ,2.64
reefers,state,False,MI,SC,3.59
reefers,state,False,MI,SD,2.31
reefers,state,False,MI,TN,3.77
reefers,state,False,MI,TX,2.11
reefers,state,False,MI,UT,1.69
reefers,state,False,MI,VA,3.86
reefers,state,False,MI,WA,1.68
reefers,state,False,MI,WI,2.76
reefers,state,False,MN,AL,3.12
reefers,state,False,MN,AR,3.59
reefers,state,False,MN,AZ,2.07
reefers,state,False,MN,CA,1.78
reefers,state,False,MN,CO,3.3
reefers,state,False,MN,CT,3.22
reefers,state,False,MN,FL,2.98
reefers,state,False,MN,GA,3.01
reefers,state,False,MN,IA,4.23
reefers,state,False,MN,ID,2.21
reefers,state,False,MN,IL,3.39
reefers,state,False,MN,IN,3.51
reefers,state,False,MN,KS,3.93
reefers,state,False,MN,KY,3.63
reefers,state,False,MN,LA,3.17
reefers,state,False,MN,MA,2.98
reefers,state,False,MN,MD,3.17
reefers,state,False,MN,MI,3.46
reefers,state,False,MN,MN,4.34
reefers,state,False,MN,MO,4.08
reefers,state,False,MN,MS,3.63
reefers,state,False,MN,MT,3.12
reefers,state,False,MN,NC,3.15
reefers,state,False,MN,ND,3.26
reefers,state,False,MN,NE,3.51
reefers,state,False,MN,NJ,3.01
reefers,state,False,MN,NV,2.15
reefers,state,False,MN,NY,3.52
reefers,state,False,MN,OH,3.76
reefers,state,False,MN,OK,3.87
reefers,state,False,MN,ON,2.31
reefers,state,False,MN,OR,2.09
reefers,state,False,MN,PA,3.12
reefers,state,False,MN,SC,3.05
reefers,state,False,MN,SD,3.51
reefers,state,False,MN,TN,3.54
reefers,state,False,MN,TX,2.9
reefers,state,False,MN,UT,2.15
reefers,state,False,MN,VA,3.32
reefers,state,False,MN,WA,2.24
reefers,state,False,MN,WI,3.66
reefers,state,False,MN,WY,3.97
reefers,state,False,MO,AL,3.62
reefers,state,False,MO,AR,3.89
reefers,state,False,MO,AZ,1.9
reefers,state,False,MO,CA,1.69
reefers,state,False,MO,CO,2.85
reefers,state,False,MO,CT,3.33
reefers,state,False,MO,FL,3.28
reefers,state,False,MO,GA,3.24
reefers,state,False,MO,IA,3.11
reefers,state,False,MO,ID,2.06
reefers,state,False,MO,IL,3.0
reefers,state,False,MO,IN,3.01
reefers,state,False,MO,KS,4.52
reefers,state,False,MO,KY,3.95
reefers,state,False,MO,LA,3.36
reefers,state,False,MO,MA,2.75
reefers,state,False,MO,MD,3.07
reefers,state,False,MO,ME,3.01
reefers,state,False,MO,MI,2.98
reefers,state,False,MO,MN,2.23
reefers,state,False,MO,MO,4.42
reefers,state,False,MO,MS,3.91
reefers,state,False,MO,MT,2.54
reefers,state,False,MO,NC,3.24
reefers,state,False,MO,ND,2.56
reefers,state,False,MO,NE,2.98
reefers,state,False,MO,NH,3.5
reefers,state,False,MO,NJ,3.02
reefers,state,False,MO,NM,2.9
reefers,state,False,MO,NV,2.18
reefers,state,False,MO,NY,3.02
reefers,state,False,MO,OH,3.31
reefers,state,False,MO,OK,3.75
reefers,state,False,MO,ON,2.01
reefers,state,False,MO,OR,2.04
reefers,state,False,MO,PA,3.09
reefers,state,False,MO,SC,3.57
reefers,state,False,MO,SD,2.73
reefers,state,False,MO,TN,3.79
reefers,state,False,MO,TX,2.94
reefers,state,False,MO,UT,2.02
reefers,state,False,MO,VA,3.23
reefers,state,False,MO,WA,1.97
reefers,state,False,MO,WI,2.34
reefers,state,False,MS,AL,4.13
reefers,state,False,MS,AR,3.49
reefers,state,False,MS,AZ,1.56
reefers,state,False,MS,CA,1.32
reefers,state,False,MS,CO,1.87
reefers,state,False,MS,FL,3.47
reefers,state,False,MS,GA,3.4
reefers,state,False,MS,IA,2.06
reefers,state,False,MS,IL,2.21
reefers,state,False,MS,IN,2.07
reefers,state,False,MS,KS,1.94
reefers,state,False,MS,KY,2.43
reefers,state,False,MS,LA,4.65
reefers,state,False,MS,MA,2.62
reefers,state,False,MS,MD,3.03
reefers,state,False,MS,MI,2.18
reefers,state,False,MS,MN,1.94
reefers,state,False,MS,MO,2.04
reefers,state,False,MS,MS,3.86
reefers,state,False,MS,NC,3.41
reefers,state,False,MS,NJ,2.53
reefers,state,False,MS,NM,2.3
reefers,state,False,MS,NY,2.48
reefers,state,False,MS,OH,2.47
reefers,state,False,MS,OK,2.81
reefers,state,False,MS,OR,1.84
reefers,state,False,MS,PA,2.85
reefers,state,False,MS,SC,3.8
reefers,state,False,MS,TN,3.56
reefers,state,False,MS,TX,2.43
reefers,state,False,MS,UT,1.7
reefers,state,False,MS,VA,3.24
reefers,state,False,MS,WA,1.73
reefers,state,False,MS,WI,1.94
reefers,state,False,MT,ID,2.37
reefers,state,False,MT,OR,2.48
reefers,state,False,MT,UT,2.6
reefers,state,False,MT,WA,2.41
reefers,state,False,NB,NY,4.27
reefers,state,False,NB,PA,4.34
reefers,state,False,NC,AL,2.61
reefers,state,False,NC,AR,1.48
reefers,state,False,NC,AZ,1.14
reefers,state,False,NC,BC,1.5
reefers,state,False,NC,CA,1.1
reefers,state,False,NC,CO,1.6
reefers,state,False,NC,CT,3.11
reefers,state,False,NC,DE,3.08
reefers,state,False,NC,FL,2.78
reefers,state,False,NC,GA,2.81
reefers,state,False,NC,IA,1.39
reefers,state,False,NC,IL,1.46
reefers,state,False,NC,IN,1.74
reefers,state,False,NC,KS,1.55
reefers,state,False,NC,KY,2.16
reefers,state,False,NC,LA,2.06
reefers,state,False,NC,MA,2.81
reefers,state,False,NC,MD,3.23
reefers,state,False,NC,ME,2.86
reefers,state,False,NC,MI,1.8
reefers,state,False,NC,MN,1.2
reefers,state,False,NC,MO,1.4
reefers,state,False,NC,MS,2.1
reefers,state,False,NC,NC,4.68
reefers,state,False,NC,NE,1.27
reefers,state,False,NC,NJ,2.64
reefers,state,False,NC,NV,1.17
reefers,state,False,NC,NY,2.93
reefers,state,False,NC,OH,2.1
reefers,state,False,NC,OK,1.58
reefers,state,False,NC,ON,1.73
reefers,state,False,NC,OR,1.51
reefers,state,False,NC,PA,2.85
reefers,state,False,NC,PQ,1.75
reefers,state,False,NC,SC,3.89
reefers,state,False,NC,TN,2.38
reefers,state,False,NC,TX,1.38
reefers,state,False,NC,UT,1.35
reefers,state,False,NC,VA,3.9
reefers,state,False,NC,WA,1.46
reefers,state,False,NC,WI,1.46
reefers,state,False,ND,AR,3.28
reefers,state,False,ND,CA,2.11
reefers,state,False,ND,CO,3.63
reefers,state,False,ND,CT,3.33
reefers,state,False,ND,FL,3.02
reefers,state,False,ND,GA,3.31
reefers,state,False,ND,IA,3.47
reefers,state,False,ND,IL,3.44
reefers,state,False,ND,IN,3.4
reefers,state,False,ND,MI,3.99
reefers,state,False,ND,MN,3.72
reefers,state,False,ND,MO,3.7
reefers,state,False,ND,NC,3.29
reefers,state,False,ND,ND,6.11
reefers,state,False,ND,NJ,3.09
reefers,state,False,ND,NY,3.32
reefers,state,False,ND,OH,3.72
reefers,state,False,ND,PA,3.46
reefers,state,False,ND,TN,3.42
reefers,state,False,ND,TX,3.32
reefers,state,False,ND,WI,3.57
reefers,state,False,NE,AL,3.56
reefers,state,False,NE,AR,2.81
reefers,state,False,NE,AZ,2.17
reefers,state,False,NE,CA,1.98
reefers,state,False,NE,CO,5.04
reefers,state,False,NE,FL,3.12
reefers,state,False,NE,GA,3.52
reefers,state,False,NE,IA,3.85
reefers,state,False,NE,ID,1.94
reefers,state,False,NE,IL,3.33
reefers,state,False,NE,IN,3.92
reefers,state,False,NE,KS,3.41
reefers,state,False,NE,KY,3.64
reefers,state,False,NE,LA,3.35
reefers,state,False,NE,MA,3.23
reefers,state,False,NE,MD,3.19
reefers,state,False,NE,MI,3.69
reefers,state,False,NE,MN,3.46
reefers,state,False,NE,MO,4.16
reefers,state,False,NE,MS,3.62
reefers,state,False,NE,NC,3.21
reefers,state,False,NE,NE,3.57
reefers,state,False,NE,NH,3.62
reefers,state,False,NE,NJ,3.57
reefers,state,False,NE,NM,3.55
reefers,state,False,NE,NV,2.67
reefers,state,False,NE,NY,3.34
reefers,state,False,NE,OH,3.67
reefers,state,False,NE,OK,4.44
reefers,state,False,NE,ON,2.21
reefers,state,False,NE,OR,2.51
reefers,state,False,NE,PA,3.18
reefers,state,False,NE,SC,3.93
reefers,state,False,NE,SD,5.57
reefers,state,False,NE,TN,3.97
reefers,state,False,NE,TX,3.21
reefers,state,False,NE,UT,2.52
reefers,state,False,NE,VA,3.25
reefers,state,False,NE,WA,1.94
reefers,state,False,NE,WI,3.4
reefers,state,False,NH,CA,0.92
reefers,state,False,NH,GA,1.93
reefers,state,False,NH,IL,1.55
reefers,state,False,NH,MA,6.67
reefers,state,False,NH,MD,2.96
reefers,state,False,NH,NC,3.07
reefers,state,False,NH,NJ,2.94
reefers,state,False,NH,NY,4.03
reefers,state,False,NH,OH,1.59
reefers,state,False,NH,ON,1.26
reefers,state,False,NH,PA,2.69
reefers,state,False,NH,TX,1.52
reefers,state,False,NJ,Dest - AB,1.84
reefers,state,False,NJ,AL,2.31
reefers,state,False,NJ,AR,1.51
reefers,state,False,NJ,AZ,1.16
reefers,state,False,NJ,CA,1.03
reefers,state,False,NJ,CO,1.75
reefers,state,False,NJ,CT,5.52
reefers,state,False,NJ,FL,2.42
reefers,state,False,NJ,GA,2.53
reefers,state,False,NJ,IA,1.47
reefers,state,False,NJ,ID,1.26
reefers,state,False,NJ,IL,1.53
reefers,state,False,NJ,IN,1.82
reefers,state,False,NJ,KS,1.5
reefers,state,False,NJ,KY,2.06
reefers,state,False,NJ,LA,1.93
reefers,state,False,NJ,MA,5.02
reefers,state,False,NJ,MD,4.89
reefers,state,False,NJ,ME,3.94
reefers,state,False,NJ,MI,1.99
reefers,state,False,NJ,MN,1.46
reefers,state,False,NJ,MO,1.5
reefers,state,False,NJ,MS,2.04
reefers,state,False,NJ,NC,3.06
reefers,state,False,NJ,ND,1.8
reefers,state,False,NJ,NE,1.47
reefers,state,False,NJ,NH,4.91
reefers,state,False,NJ,NV,1.12
reefers,state,False,NJ,NY,4.19
reefers,state,False,NJ,OH,2.13
reefers,state,False,NJ,OK,1.56
reefers,state,False,NJ,ON,2.0
reefers,state,False,NJ,OR,1.35
reefers,state,False,NJ,PA,4.68
reefers,state,False,NJ,PQ,2.58
reefers,state,False,NJ,RI,5.77
reefers,state,False,NJ,SC,2.73
reefers,state,False,NJ,TN,2.15
reefers,state,False,NJ,TX,1.48
reefers,state,False,NJ,UT,1.34
reefers,state,False,NJ,VA,4.35
reefers,state,False,NJ,VT,4.86
reefers,state,False,NJ,WA,1.57
reefers,state,False,NJ,WI,1.43
reefers,state,False,NJ,WY,1.7
reefers,state,False,NM,AZ,1.76
reefers,state,False,NM,CA,1.45
reefers,state,False,NM,CO,3.68
reefers,state,False,NM,IL,2.23
reefers,state,False,NM,MI,2.56
reefers,state,False,NM,NV,2.43
reefers,state,False,NM,OH,2.05
reefers,state,False,NM,PA,2.41
reefers,state,False,NM,TN,2.32
reefers,state,False,NM,TX,2.66
reefers,state,False,NM,UT,1.9
reefers,state,False,NM,WI,2.07
reefers,state,False,NV,AZ,2.9
reefers,state,False,NV,BC,3.61
reefers,state,False,NV,CA,2.57
reefers,state,False,NV,CO,3.2
reefers,state,False,NV,FL,2.36
reefers,state,False,NV,GA,2.11
reefers,state,False,NV,ID,2.34
reefers,state,False,NV,IL,1.85
reefers,state,False,NV,IN,2.15
reefers,state,False,NV,KS,2.05
reefers,state,False,NV,MD,2.04
reefers,state,False,NV,MI,2.25
reefers,state,False,NV,MN,2.06
reefers,state,False,NV,NM,4.1
reefers,state,False,NV,NV,3.19
reefers,state,False,NV,NY,2.18
reefers,state,False,NV,OR,2.88
reefers,state,False,NV,PA,2.35
reefers,state,False,NV,TN,2.28
reefers,state,False,NV,TX,2.38
reefers,state,False,NV,UT,2.52
reefers,state,False,NV,WA,2.71
reefers,state,False,NV,WI,1.86
reefers,state,False,NY,Dest - AB,1.8
reefers,state,False,NY,AL,2.32
reefers,state,False,NY,AZ,1.38
reefers,state,False,NY,CA,1.1
reefers,state,False,NY,CO,1.65
reefers,state,False,NY,CT,5.15
reefers,state,False,NY,FL,2.63
reefers,state,False,NY,GA,2.71
reefers,state,False,NY,IA,1.77
reefers,state,False,NY,IL,1.68
reefers,state,False,NY,IN,2.06
reefers,state,False,NY,KS,1.45
reefers,state,False,NY,KY,2.47
reefers,state,False,NY,LA,2.22
reefers,state,False,NY,MA,4.68
reefers,state,False,NY,MD,4.53
reefers,state,False,NY,ME,3.93
reefers,state,False,NY,MI,2.16
reefers,state,False,NY,MN,1.78
reefers,state,False,NY,MO,1.98
reefers,state,False,NY,MS,3.36
reefers,state,False,NY,NC,3.27
reefers,state,False,NY,NE,1.74
reefers,state,False,NY,NH,5.03
reefers,state,False,NY,NJ,4.79
reefers,state,False,NY,NV,1.46
reefers,state,False,NY,NY,5.05
reefers,state,False,NY,OH,2.55
reefers,state,False,NY,OK,1.77
reefers,state,False,NY,ON,2.88
reefers,state,False,NY,OR,1.43
reefers,state,False,NY,PA,4.58
reefers,state,False,NY,PQ,3.11
reefers,state,False,NY,RI,5.19
reefers,state,False,NY,SC,2.96
reefers,state,False,NY,TN,2.61
reefers,state,False,NY,TX,1.7
reefers,state,False,NY,UT,1.41
reefers,state,False,NY,VA,4.04
reefers,state,False,NY,VT,5.09
reefers,state,False,NY,WA,1.5
reefers,state,False,NY,WI,1.59
reefers,state,False,NY,WV,4.25
reefers,state,False,OH,Dest - AB,1.93
reefers,state,False,OH,AL,3.83
reefers,state,False,OH,AR,2.36
reefers,state,False,OH,AZ,1.43
reefers,state,False,OH,CA,1.24
reefers,state,False,OH,CO,2.07
reefers,state,False,OH,CT,3.87
reefers,state,False,OH,DE,4.46
reefers,state,False,OH,FL,3.14
reefers,state,False,OH,GA,3.52
reefers,state,False,OH,IA,1.94
reefers,state,False,OH,ID,1.6
reefers,state,False,OH,IL,2.35
reefers,state,False,OH,IN,3.89
reefers,state,False,OH,KS,1.96
reefers,state,False,OH,KY,3.93
reefers,state,False,OH,LA,3.01
reefers,state,False,OH,MA,3.94
reefers,state,False,OH,MD,4.51
reefers,state,False,OH,ME,3.68
reefers,state,False,OH,MI,3.8
reefers,state,False,OH,MN,1.93
reefers,state,False,OH,MO,2.35
reefers,state,False,OH,MS,2.94
reefers,state,False,OH,NC,4.16
reefers,state,False,OH,ND,2.31
reefers,state,False,OH,NE,1.81
reefers,state,False,OH,NH,3.94
reefers,state,False,OH,NJ,3.76
reefers,state,False,OH,NM,2.01
reefers,state,False,OH,NV,1.71
reefers,state,False,OH,NY,4.22
reefers,state,False,OH,OH,4.83
reefers,state,False,OH,OK,2.29
reefers,state,False,OH,ON,2.6
reefers,state,False,OH,OR,1.65
reefers,state,False,OH,PA,4.33
reefers,state,False,OH,PQ,2.11
reefers,state,False,OH,SC,3.9
reefers,state,False,OH,TN,3.66
reefers,state,False,OH,TX,2.06
reefers,state,False,OH,UT,1.51
reefers,state,False,OH,VA,4.46
reefers,state,False,OH,VT,4.09
reefers,state,False,OH,WA,1.55
reefers,state,False,OH,WI,2.11
reefers,state,False,OH,WV,5.09
reefers,state,False,OH,WY,2.22
reefers,state,False,OK,AL,3.22
reefers,state,False,OK,AR,4.65
reefers,state,False,OK,AZ,1.76
reefers,state,False,OK,CA,1.49
reefers,state,False,OK,CO,2.87
reefers,state,False,OK,FL,2.99
reefers,state,False,OK,GA,3.28
reefers,state,False,OK,IA,1.76
reefers,state,False,OK,ID,2.01
reefers,state,False,OK,IL,2.38
reefers,state,False,OK,IN,2.82
reefers,state,False,OK,KS,3.32
reefers,state,False,OK,KY,2.46
reefers,state,False,OK,LA,2.99
reefers,state,False,OK,MI,2.45
reefers,state,False,OK,MN,1.75
reefers,state,False,OK,MO,2.78
reefers,state,False,OK,MS,4.29
reefers,state,False,OK,NC,2.3
reefers,state,False,OK,NE,2.12
reefers,state,False,OK,NJ,2.72
reefers,state,False,OK,NM,3.16
reefers,state,False,OK,NV,1.74
reefers,state,False,OK,NY,2.88
reefers,state,False,OK,OH,2.48
reefers,state,False,OK,OK,3.52
reefers,state,False,OK,OR,1.78
reefers,state,False,OK,PA,2.51
reefers,state,False,OK,TN,3.57
reefers,state,False,OK,TX,3.14
reefers,state,False,OK,UT,1.74
reefers,state,False,OK,WA,1.82
reefers,state,False,OK,WI,2.04
reefers,state,False,OK,WY,2.98
reefers,state,False,ON,Dest - AB,2.38
reefers,state,False,ON,AL,2.59
reefers,state,False,ON,AR,2.24
reefers,state,False,ON,AZ,1.4
reefers,state,False,ON,BC,2.35
reefers,state,False,ON,CA,1.35
reefers,state,False,ON,CO,2.4
reefers,state,False,ON,CT,3.99
reefers,state,False,ON,FL,2.75
reefers,state,False,ON,GA,2.47
reefers,state,False,ON,IA,2.39
reefers,state,False,ON,IL,2.74
reefers,state,False,ON,IN,2.7
reefers,state,False,ON,KS,1.95
reefers,state,False,ON,KY,3.38
reefers,state,False,ON,LA,2.55
reefers,state,False,ON,MA,3.93
reefers,state,False,ON,MB,2.56
reefers,state,False,ON,MD,4.03
reefers,state,False,ON,MI,3.73
reefers,state,False,ON,MN,2.45
reefers,state,False,ON,MO,2.35
reefers,state,False,ON,NB,2.53
reefers,state,False,ON,NC,3.2
reefers,state,False,ON,NJ,3.57
reefers,state,False,ON,NS,2.29
reefers,state,False,ON,NY,4.3
reefers,state,False,ON,OH,3.47
reefers,state,False,ON,ON,3.46
reefers,state,False,ON,OR,2.21
reefers,state,False,ON,PA,3.42
reefers,state,False,ON,PQ,2.51
reefers,state,False,ON,SC,4.31
reefers,state,False,ON,SK,3.19
reefers,state,False,ON,TN,3.2
reefers,state,False,ON,TX,1.49
reefers,state,False,ON,UT,2.22
reefers,state,False,ON,VA,3.68
reefers,state,False,ON,WA,1.94
reefers,state,False,ON,WI,3.17
reefers,state,False,OR,Dest - AB,2.52
reefers,state,False,OR,AZ,2.26
reefers,state,False,OR,BC,3.47
reefers,state,False,OR,CA,1.84
reefers,state,False,OR,CO,2.78
reefers,state,False,OR,CT,2.4
reefers,state,False,OR,FL,2.36
reefers,state,False,OR,GA,2.43
reefers,state,False,OR,IA,2.04
reefers,state,False,OR,ID,2.54
reefers,state,False,OR,IL,2.18
reefers,state,False,OR,IN,2.22
reefers,state,False,OR,KS,2.24
reefers,state,False,OR,KY,2.2
reefers,state,False,OR,LA,2.41
reefers,state,False,OR,MA,2.34
reefers,state,False,OR,MD,2.4
reefers,state,False,OR,MI,2.2
reefers,state,False,OR,MN,2.31
reefers,state,False,OR,MO,2.05
reefers,state,False,OR,MT,2.86
reefers,state,False,OR,NC,2.37
reefers,state,False,OR,NJ,2.19
reefers,state,False,OR,NV,2.61
reefers,state,False,OR,NY,2.24
reefers,state,False,OR,OH,2.24
reefers,state,False,OR,OK,2.35
reefers,state,False,OR,ON,1.91
reefers,state,False,OR,OR,4.57
reefers,state,False,OR,PA,2.33
reefers,state,False,OR,PQ,1.6
reefers,state,False,OR,SC,2.33
reefers,state,False,OR,TN,2.34
reefers,state,False,OR,TX,2.33
reefers,state,False,OR,UT,2.3
reefers,state,False,OR,VA,2.33
reefers,state,False,OR,WA,4.12
reefers,state,False,OR,WI,2.24
reefers,state,False,OR,WY,3.19
reefers,state,False,PA,Dest - AB,1.85
reefers,state,False,PA,AL,2.26
reefers,state,False,PA,AR,1.53
reefers,state,False,PA,AZ,1.2
reefers,state,False,PA,BC,1.55
reefers,state,False,PA,CA,1.07
reefers,state,False,PA,CO,1.76
reefers,state,False,PA,CT,5.19
reefers,state,False,PA,DE,4.63
reefers,state,False,PA,FL,2.61
reefers,state,False,PA,GA,2.63
reefers,state,False,PA,IA,1.45
reefers,state,False,PA,ID,1.17
reefers,state,False,PA,IL,1.58
reefers,state,False,PA,IN,1.88
reefers,state,False,PA,KS,1.48
reefers,state,False,PA,KY,2.08
reefers,state,False,PA,LA,2.1
reefers,state,False,PA,MA,4.44
reefers,state,False,PA,MD,5.49
reefers,state,False,PA,ME,3.73
reefers,state,False,PA,MI,1.98
reefers,state,False,PA,MN,1.48
reefers,state,False,PA,MO,1.63
reefers,state,False,PA,MS,2.16
reefers,state,False,PA,MT,1.49
reefers,state,False,PA,NC,3.25
reefers,state,False,PA,ND,1.42
reefers,state,False,PA,NE,1.49
reefers,state,False,PA,NH,4.26
reefers,state,False,PA,NJ,4.69
reefers,state,False,PA,NM,1.69
reefers,state,False,PA,NV,1.25
reefers,state,False,PA,NY,4.51
reefers,state,False,PA,OH,2.44
reefers,state,False,PA,OK,1.69
reefers,state,False,PA,ON,2.17
reefers,state,False,PA,OR,1.49
reefers,state,False,PA,PA,4.45
reefers,state,False,PA,PQ,2.08
reefers,state,False,PA,RI,4.72
reefers,state,False,PA,SC,2.93
reefers,state,False,PA,SD,1.45
reefers,state,False,PA,TN,2.28
reefers,state,False,PA,TX,1.57
reefers,state,False,PA,UT,1.34
reefers,state,False,PA,VA,4.31
reefers,state,False,PA,VT,4.58
reefers,state,False,PA,WA,1.47
reefers,state,False,PA,WI,1.55
reefers,state,False,PA,WV,3.67
reefers,state,False,PA,WY,1.67
reefers,state,False,PQ,Dest - AB,1.9
reefers,state,False,PQ,CA,1.34
reefers,state,False,PQ,FL,2.32
reefers,state,False,PQ,IL,2.34
reefers,state,False,PQ,IN,2.28
reefers,state,False,PQ,MS,1.8
reefers,state,False,PQ,NB,2.91
reefers,state,False,PQ,NY,4.49
reefers,state,False,PQ,OH,2.08
reefers,state,False,PQ,ON,1.85
reefers,state,False,PQ,PA,4.34
reefers,state,False,PQ,PQ,3.28
reefers,state,False,PQ,TN,2.63
reefers,state,False,PQ,TX,1.72
reefers,state,False,PQ,VA,3.14
reefers,state,False,RI,FL,2.2
reefers,state,False,RI,MD,2.85
reefers,state,False,RI,NJ,4.1
reefers,state,False,RI,PA,2.59
reefers,state,False,RI,TX,1.1
reefers,state,False,RI,WA,1.07
reefers,state,False,SC,AL,3.09
reefers,state,False,SC,AR,1.59
reefers,state,False,SC,AZ,1.27
reefers,state,False,SC,CA,1.09
reefers,state,False,SC,CO,1.73
reefers,state,False,SC,CT,2.78
reefers,state,False,SC,FL,3.23
reefers,state,False,SC,GA,3.91
reefers,state,False,SC,IA,1.75
reefers,state,False,SC,IL,1.59
reefers,state,False,SC,IN,1.7
reefers,state,False,SC,KS,1.62
reefers,state,False,SC,KY,2.3
reefers,state,False,SC,LA,2.14
reefers,state,False,SC,MA,2.94
reefers,state,False,SC,MD,3.06
reefers,state,False,SC,MI,1.91
reefers,state,False,SC,MN,1.6
reefers,state,False,SC,MO,1.5
reefers,state,False,SC,MS,2.14
reefers,state,False,SC,NC,4.46
reefers,state,False,SC,NJ,2.67
reefers,state,False,SC,NV,1.22
reefers,state,False,SC,NY,3.06
reefers,state,False,SC,OH,1.95
reefers,state,False,SC,OK,1.81
reefers,state,False,SC,ON,1.84
reefers,state,False,SC,PA,2.74
reefers,state,False,SC,SC,4.22
reefers,state,False,SC,TN,2.63
reefers,state,False,SC,TX,1.48
reefers,state,False,SC,UT,1.31
reefers,state,False,SC,VA,3.56
reefers,state,False,SC,WA,1.38
reefers,state,False,SC,WI,1.48
reefers,state,False,SC,WV,3.58
reefers,state,False,SD,AZ,2.5
reefers,state,False,SD,CA,2.21
reefers,state,False,SD,CO,4.21
reefers,state,False,SD,FL,3.1
reefers,state,False,SD,GA,3.51
reefers,state,False,SD,IA,4.58
reefers,state,False,SD,IL,3.84
reefers,state,False,SD,IN,3.07
reefers,state,False,SD,KS,4.39
reefers,state,False,SD,KY,4.1
reefers,state,False,SD,MI,3.61
reefers,state,False,SD,MN,4.61
reefers,state,False,SD,MO,4.25
reefers,state,False,SD,NC,3.55
reefers,state,False,SD,NH,3.16
reefers,state,False,SD,NJ,3.05
reefers,state,False,SD,OH,3.75
reefers,state,False,SD,OK,4.24
reefers,state,False,SD,OR,2.34
reefers,state,False,SD,PA,3.77
reefers,state,False,SD,SC,2.55
reefers,state,False,SD,TN,3.61
reefers,state,False,SD,TX,3.31
reefers,state,False,SD,UT,2.75
reefers,state,False,SD,WA,2.21
reefers,state,False,SD,WI,4.1
reefers,state,False,TN,AL,4.37
reefers,state,False,TN,AR,2.99
reefers,state,False,TN,AZ,1.49
reefers,state,False,TN,CA,1.27
reefers,state,False,TN,CO,2.17
reefers,state,False,TN,CT,3.04
reefers,state,False,TN,FL,3.28
reefers,state,False,TN,GA,4.08
reefers,state,False,TN,IA,2.12
reefers,state,False,TN,IL,2.01
reefers,state,False,TN,IN,2.78
reefers,state,False,TN,KS,2.12
reefers,state,False,TN,KY,3.89
reefers,state,False,TN,LA,2.96
reefers,state,False,TN,MA,3.05
reefers,state,False,TN,MD,3.41
reefers,state,False,TN,MI,2.79
reefers,state,False,TN,MN,1.77
reefers,state,False,TN,MO,2.17
reefers,state,False,TN,MS,3.51
reefers,state,False,TN,NC,3.67
reefers,state,False,TN,NE,2.2
reefers,state,False,TN,NJ,2.86
reefers,state,False,TN,NM,1.87
reefers,state,False,TN,NV,1.55
reefers,state,False,TN,NY,2.93
reefers,state,False,TN,OH,2.94
reefers,state,False,TN,OK,2.23
reefers,state,False,TN,ON,2.32
reefers,state,False,TN,PA,2.91
reefers,state,False,TN,SC,4.25
reefers,state,False,TN,TN,4.36
reefers,state,False,TN,TX,2.16
reefers,state,False,TN,UT,1.44
reefers,state,False,TN,VA,3.44
reefers,state,False,TN,WA,1.64
reefers,state,False,TN,WI,2.03
reefers,state,False,TN,WV,3.31
reefers,state,False,TN,WY,2.21
reefers,state,False,TX,Dest - AB,2.02
reefers,state,False,TX,AL,2.83
reefers,state,False,TX,AR,2.71
reefers,state,False,TX,AZ,1.41
reefers,state,False,TX,BC,1.96
reefers,state,False,TX,CA,1.39
reefers,state,False,TX,CO,2.38
reefers,state,False,TX,CT,2.57
reefers,state,False,TX,DE,2.34
reefers,state,False,TX,FL,2.73
reefers,state,False,TX,GA,2.62
reefers,state,False,TX,IA,1.96
reefers,state,False,TX,ID,1.66
reefers,state,False,TX,IL,2.06
reefers,state,False,TX,IN,2.14
reefers,state,False,TX,KS,2.27
reefers,state,False,TX,KY,2.55
reefers,state,False,TX,LA,3.24
reefers,state,False,TX,MA,2.48
reefers,state,False,TX,MD,2.53
reefers,state,False,TX,ME,2.59
reefers,state,False,TX,MI,2.13
reefers,state,False,TX,MN,1.9
reefers,state,False,TX,MO,2.39
reefers,state,False,TX,MS,2.83
reefers,state,False,TX,MT,2.72
reefers,state,False,TX,NC,2.63
reefers,state,False,TX,ND,1.65
reefers,state,False,TX,NE,1.93
reefers,state,False,TX,NH,2.14
reefers,state,False,TX,NJ,2.41
reefers,state,False,TX,NM,2.28
reefers,state,False,TX,NV,1.71
reefers,state,False,TX,NY,2.71
reefers,state,False,TX,OH,2.3
reefers,state,False,TX,OK,3.2
reefers,state,False,TX,ON,1.89
reefers,state,False,TX,OR,1.71
reefers,state,False,TX,PA,2.36
reefers,state,False,TX,PQ,1.78
reefers,state,False,TX,RI,2.41
reefers,state,False,TX,SC,2.75
reefers,state,False,TX,SD,1.8
reefers,state,False,TX,TN,2.65
reefers,state,False,TX,TX,3.01
reefers,state,False,TX,UT,1.63
reefers,state,False,TX,VA,2.63
reefers,state,False,TX,VT,2.14
reefers,state,False,TX,WA,1.73
reefers,state,False,TX,WI,1.83
reefers,state,False,TX,WV,2.19
reefers,state,False,TX,WY,2.67
reefers,state,False,UT,AL,2.59
reefers,state,False,UT,AR,2.93
reefers,state,False,UT,AZ,2.85
reefers,state,False,UT,CA,2.28
reefers,state,False,UT,CO,4.14
reefers,state,False,UT,FL,2.85
reefers,state,False,UT,GA,2.68
reefers,state,False,UT,IA,2.34
reefers,state,False,UT,ID,2.37
reefers,state,False,UT,IL,2.59
reefers,state,False,UT,IN,2.62
reefers,state,False,UT,KS,3.34
reefers,state,False,UT,KY,2.65
reefers,state,False,UT,MA,2.96
reefers,state,False,UT,MD,2.67
reefers,state,False,UT,ME,2.58
reefers,state,False,UT,MI,2.67
reefers,state,False,UT,MN,2.54
reefers,state,False,UT,MO,2.87
reefers,state,False,UT,MS,2.93
reefers,state,False,UT,MT,3.42
reefers,state,False,UT,NC,2.75
reefers,state,False,UT,NE,3.78
reefers,state,False,UT,NJ,2.56
reefers,state,False,UT,NM,4.24
reefers,state,False,UT,NV,2.99
reefers,state,False,UT,NY,2.65
reefers,state,False,UT,OH,2.5
reefers,state,False,UT,OK,3.28
reefers,state,False,UT,OR,2.72
reefers,state,False,UT,PA,2.62
reefers,state,False,UT,SC,2.78
reefers,state,False,UT,TN,2.68
reefers,state,False,UT,TX,3.0
reefers,state,False,UT,UT,4.06
reefers,state,False,UT,VA,2.71
reefers,state,False,UT,WA,2.66
reefers,state,False,UT,WI,2.38
reefers,state,False,UT,WY,4.82
reefers,state,False,VA,AL,2.27
reefers,state,False,VA,AR,1.43
reefers,state,False,VA,AZ,1.06
reefers,state,False,VA,CA,0.94
reefers,state,False,VA,CO,1.49
reefers,state,False,VA,CT,3.84
reefers,state,False,VA,DE,3.72
reefers,state,False,VA,FL,2.6
reefers,state,False,VA,GA,2.61
reefers,state,False,VA,IA,1.21
reefers,state,False,VA,IL,1.62
reefers,state,False,VA,IN,1.72
reefers,state,False,VA,KS,1.36
reefers,state,False,VA,KY,2.46
reefers,state,False,VA,LA,1.9
reefers,state,False,VA,MA,3.38
reefers,state,False,VA,MD,4.69
reefers,state,False,VA,ME,3.36
reefers,state,False,VA,MI,2.19
reefers,state,False,VA,MN,1.55
reefers,state,False,VA,MO,1.29
reefers,state,False,VA,MS,2.09
reefers,state,False,VA,NC,3.93
reefers,state,False,VA,NE,1.41
reefers,state,False,VA,NH,3.51
reefers,state,False,VA,NJ,3.41
reefers,state,False,VA,NM,1.4
reefers,state,False,VA,NV,1.66
reefers,state,False,VA,NY,3.55
reefers,state,False,VA,OH,2.38
reefers,state,False,VA,OK,1.67
reefers,state,False,VA,OR,1.46
reefers,state,False,VA,PA,3.62
reefers,state,False,VA,SC,3.74
reefers,state,False,VA,TN,2.35
reefers,state,False,VA,TX,1.38
reefers,state,False,VA,UT,1.25
reefers,state,False,VA,VA,5.2
reefers,state,False,VA,WA,1.43
reefers,state,False,VA,WI,1.48
reefers,state,False,VT,CA,1.14
reefers,state,False,VT,FL,2.39
reefers,state,False,VT,GA,2.07
reefers,state,False,VT,MD,4.22
reefers,state,False,VT,MO,1.39
reefers,state,False,VT,NC,3.31
reefers,state,False,VT,NJ,4.45
reefers,state,False,VT,NY,4.38
reefers,state,False,VT,OH,1.78
reefers,state,False,VT,PA,3.13
reefers,state,False,VT,WI,1.5
reefers,state,False,WA,Dest - AB,3.29
reefers,state,False,WA,AL,2.33
reefers,state,False,WA,AR,2.24
reefers,state,False,WA,AZ,1.91
reefers,state,False,WA,BC,3.47
reefers,state,False,WA,CA,1.77
reefers,state,False,WA,CO,2.71
reefers,state,False,WA,CT,2.42
reefers,state,False,WA,FL,2.28
reefers,state,False,WA,GA,2.31
reefers,state,False,WA,IA,2.19
reefers,state,False,WA,ID,2.42
reefers,state,False,WA,IL,2.16
reefers,state,False,WA,IN,2.19
reefers,state,False,WA,KS,2.31
reefers,state,False,WA,KY,2.3
reefers,state,False,WA,LA,2.25
reefers,state,False,WA,MA,2.26
reefers,state,False,WA,MD,2.32
reefers,state,False,WA,ME,2.44
reefers,state,False,WA,MI,2.22
reefers,state,False,WA,MN,2.47
reefers,state,False,WA,MO,2.32
reefers,state,False,WA,MT,3.25
reefers,state,False,WA,NC,2.32
reefers,state,False,WA,ND,2.9
reefers,state,False,WA,NE,2.38
reefers,state,False,WA,NJ,2.38
reefers,state,False,WA,NM,2.67
reefers,state,False,WA,NV,2.23
reefers,state,False,WA,NY,2.14
reefers,state,False,WA,OH,2.11
reefers,state,False,WA,OK,2.45
reefers,state,False,WA,ON,1.53
reefers,state,False,WA,OR,3.74
reefers,state,False,WA,PA,2.27
reefers,state,False,WA,PQ,1.66
reefers,state,False,WA,SC,2.43
reefers,state,False,WA,SD,1.91
reefers,state,False,WA,TN,2.35
reefers,state,False,WA,TX,2.34
reefers,state,False,WA,UT,2.33
reefers,state,False,WA,VA,2.39
reefers,state,False,WA,WA,4.51
reefers,state,False,WA,WI,2.23
reefers,state,False,WA,WY,3.12
reefers,state,False,WI,AL,3.51
reefers,state,False,WI,AR,3.39
reefers,state,False,WI,AZ,1.71
reefers,state,False,WI,BC,1.88
reefers,state,False,WI,CA,1.57
reefers,state,False,WI,CO,2.72
reefers,state,False,WI,CT,3.54
reefers,state,False,WI,FL,3.02
reefers,state,False,WI,GA,3.39
reefers,state,False,WI,IA,2.94
reefers,state,False,WI,ID,1.73
reefers,state,False,WI,IL,4.57
reefers,state,False,WI,IN,4.64
reefers,state,False,WI,KS,2.91
reefers,state,False,WI,KY,4.14
reefers,state,False,WI,LA,3.21
reefers,state,False,WI,MA,3.23
reefers,state,False,WI,MD,4.07
reefers,state,False,WI,ME,3.32
reefers,state,False,WI,MI,4.43
reefers,state,False,WI,MN,2.86
reefers,state,False,WI,MO,3.39
reefers,state,False,WI,MS,3.71
reefers,state,False,WI,MT,2.46
reefers,state,False,WI,NC,3.57
reefers,state,False,WI,ND,2.48
reefers,state,False,WI,NE,2.63
reefers,state,False,WI,NH,3.34
reefers,state,False,WI,NJ,3.45
reefers,state,False,WI,NM,2.56
reefers,state,False,WI,NV,1.91
reefers,state,False,WI,NY,3.85
reefers,state,False,WI,OH,4.26
reefers,state,False,WI,OK,3.02
reefers,state,False,WI,ON,2.01
reefers,state,False,WI,OR,1.87
reefers,state,False,WI,PA,3.63
reefers,state,False,WI,PQ,2.41
reefers,state,False,WI,SC,3.47
reefers,state,False,WI,SD,2.38
reefers,state,False,WI,TN,3.53
reefers,state,False,WI,TX,2.52
reefers,state,False,WI,UT,1.82
reefers,state,False,WI,VA,3.73
reefers,state,False,WI,WA,1.88
reefers,state,False,WI,WI,4.2
reefers,state,False,WI,WY,2.8
reefers,state,False,WV,CA,1.07
reefers,state,False,WV,FL,3.22
reefers,state,False,WV,GA,2.79
reefers,state,False,WV,IL,1.85
reefers,state,False,WV,IN,2.52
reefers,state,False,WV,MA,3.51
reefers,state,False,WV,MI,2.75
reefers,state,False,WV,MN,1.63
reefers,state,False,WV,MO,2.17
reefers,state,False,WV,NC,3.79
reefers,state,False,WV,NJ,3.51
reefers,state,False,WV,NY,4.14
reefers,state,False,WV,PA,3.7
reefers,state,False,WV,TX,1.56
reefers,state,False,WV,WI,1.85
reefers,state,True,Origin - AB,Dest - AB,4.15
reefers,state,True,Origin - AB,BC,3.06
reefers,state,True,Origin - AB,CA,1.56
reefers,state,True,Origin - AB,FL,2.3
reefers,state,True,Origin - AB,IL,2.71
reefers,state,True,Origin - AB,MB,1.7
reefers,state,True,Origin - AB,ON,1.85
reefers,state,True,Origin - AB,PA,2.31
reefers,state,True,Origin - AB,SK,2.47
reefers,state,True,Origin - AB,TX,2.04
reefers,state,True,AL,AL,4.97
reefers,state,True,AL,AR,1.93
reefers,state,True,AL,AZ,1.92
reefers,state,True,AL,CA,1.61
reefers,state,True,AL,CO,2.16
reefers,state,True,AL,CT,3.4
reefers,state,True,AL,DE,3.2
reefers,state,True,AL,FL,3.84
reefers,state,True,AL,GA,4.42
reefers,state,True,AL,IA,1.94
reefers,state,True,AL,IL,2.19
reefers,state,True,AL,IN,2.26
reefers,state,True,AL,KS,2.18
reefers,state,True,AL,KY,3.26
reefers,state,True,AL,LA,3.37
reefers,state,True,AL,MA,2.64
reefers,state,True,AL,MD,3.06
reefers,state,True,AL,ME,2.82
reefers,state,True,AL,MI,2.57
reefers,state,True,AL,MN,2.2
reefers,state,True,AL,MO,2.11
reefers,state,True,AL,MS,3.83
reefers,state,True,AL,NC,3.46
reefers,state,True,AL,NJ,2.75
reefers,state,True,AL,NM,2.2
reefers,state,True,AL,NY,3.01
reefers,state,True,AL,OH,2.98
reefers,state,True,AL,OK,2.49
reefers,state,True,AL,ON,2.31
reefers,state,True,AL,OR,1.87
reefers,state,True,AL,PA,2.99
reefers,state,True,AL,SC,3.74
reefers,state,True,AL,TN,4.33
reefers,state,True,AL,TX,2.22
reefers,state,True,AL,UT,1.8
reefers,state,True,AL,VA,3.16
reefers,state,True,AL,WI,1.96
reefers,state,True,AL,WV,4.08
reefers,state,True,AR,AL,4.41
reefers,state,True,AR,AR,7.04
reefers,state,True,AR,AZ,2.29
reefers,state,True,AR,CA,1.93
reefers,state,True,AR,CO,3.51
reefers,state,True,AR,FL,3.8
reefers,state,True,AR,GA,3.97
reefers,state,True,AR,IA,2.76
reefers,state,True,AR,ID,2.39
reefers,state,True,AR,IL,3.0
reefers,state,True,AR,IN,3.21
reefers,state,True,AR,KS,3.68
reefers,state,True,AR,KY,4.03
reefers,state,True,AR,LA,4.22
reefers,state,True,AR,MA,3.03
reefers,state,True,AR,MD,3.45
reefers,state,True,AR,MI,3.01
reefers,state,True,AR,MN,2.72
reefers,state,True,AR,MO,3.96
reefers,state,True,AR,MS,4.8
reefers,state,True,AR,NC,3.74
reefers,state,True,AR,NE,2.64
reefers,state,True,AR,NH,3.16
reefers,state,True,AR,NJ,2.96
reefers,state,True,AR,NM,3.0
reefers,state,True,AR,NV,2.14
reefers,state,True,AR,NY,3.25
reefers,state,True,AR,OH,3.33
reefers,state,True,AR,OK,4.13
reefers,state,True,AR,OR,2.24
reefers,state,True,AR,PA,3.09
reefers,state,True,AR,SC,4.03
reefers,state,True,AR,TN,4.15
reefers,state,True,AR,TX,3.62
reefers,state,True,AR,UT,2.22
reefers,state,True,AR,VA,3.56
reefers,state,True,AR,WA,2.23
reefers,state,True,AR,WI,2.9
reefers,state,True,AR,WY,3.52
reefers,state,True,AZ,Dest - AB,2.95
reefers,state,True,AZ,AL,3.19
reefers,state,True,AZ,AR,2.88
reefers,state,True,AZ,AZ,4.91
reefers,state,True,AZ,BC,2.82
reefers,state,True,AZ,CA,3.22
reefers,state,True,AZ,CO,3.99
reefers,state,True,AZ,CT,2.96
reefers,state,True,AZ,FL,3.01
reefers,state,True,AZ,GA,3.04
reefers,state,True,AZ,IA,2.86
reefers,state,True,AZ,ID,2.77
reefers,state,True,AZ,IL,2.87
reefers,state,True,AZ,IN,2.88
reefers,state,True,AZ,KS,2.85
reefers,state,True,AZ,KY,3.02
reefers,state,True,AZ,LA,3.67
reefers,state,True,AZ,MA,2.91
reefers,state,True,AZ,MD,2.88
reefers,state,True,AZ,MI,2.8
reefers,state,True,AZ,MN,2.69
reefers,state,True,AZ,MO,2.78
reefers,state,True,AZ,NC,2.92
reefers,state,True,AZ,NE,2.79
reefers,state,True,AZ,NJ,3.0
reefers,state,True,AZ,NM,3.93
reefers,state,True,AZ,NV,3.38
reefers,state,True,AZ,NY,3.05
reefers,state,True,AZ,OH,2.97
reefers,state,True,AZ,OK,3.14
reefers,state,True,AZ,ON,2.99
reefers,state,True,AZ,OR,3.04
reefers,state,True,AZ,PA,3.09
reefers,state,True,AZ,PQ,2.61
reefers,state,True,AZ,SC,3.08
reefers,state,True,AZ,SK,3.18
reefers,state,True,AZ,TN,3.2
reefers,state,True,AZ,TX,3.21
reefers,state,True,AZ,UT,2.75
reefers,state,True,AZ,VA,3.01
reefers,state,True,AZ,WA,2.78
reefers,state,True,AZ,WI,2.69
reefers,state,True,BC,Dest - AB,2.85
reefers,state,True,BC,CA,1.08
reefers,state,True,BC,ON,1.85
reefers,state,True,BC,PQ,1.71
reefers,state,True,BC,WA,2.96
reefers,state,True,CA,Dest - AB,3.13
reefers,state,True,CA,AL,2.47
reefers,state,True,CA,AR,2.55
reefers,state,True,CA,AZ,3.34
reefers,state,True,CA,BC,3.15
reefers,state,True,CA,CA,3.35
reefers,state,True,CA,CO,3.42
reefers,state,True,CA,CT,2.5
reefers,state,True,CA,DE,2.41
reefers,state,True,CA,FL,2.64
reefers,state,True,CA,GA,2.51
reefers,state,True,CA,IA,2.37
reefers,state,True,CA,ID,2.96
reefers,state,True,CA,IL,2.34
reefers,state,True,CA,IN,2.42
reefers,state,True,CA,KS,2.34
reefers,state,True,CA,KY,2.56
reefers,state,True,CA,LA,2.55
reefers,state,True,CA,MA,2.53
reefers,state,True,CA,MD,2.55
reefers,state,True,CA,ME,2.55
reefers,state,True,CA,MI,2.35
reefers,state,True,CA,MN,2.42
reefers,state,True,CA,MO,2.55
reefers,state,True,CA,MS,2.64
reefers,state,True,CA,MT,3.79
reefers,state,True,CA,NC,2.54
reefers,state,True,CA,NE,2.79
reefers,state,True,CA,NH,2.54
reefers,state,True,CA,NJ,2.51
reefers,state,True,CA,NM,3.28
reefers,state,True,CA,NV,4.14
reefers,state,True,CA,NY,2.55
reefers,state,True,CA,OH,2.38
reefers,state,True,CA,OK,2.66
reefers,state,True,CA,ON,2.51
reefers,state,True,CA,OR,3.14
reefers,state,True,CA,PA,2.55
reefers,state,True,CA,PQ,2.31
reefers,state,True,CA,SC,2.54
reefers,state,True,CA,SD,2.51
reefers,state,True,CA,SK,3.0
reefers,state,True,CA,TN,2.57
reefers,state,True,CA,TX,2.62
reefers,state,True,CA,UT,2.89
reefers,state,True,CA,VA,2.56
reefers,state,True,CA,WA,2.9
reefers,state,True,CA,WI,2.26
reefers,state,True,CA,WY,3.29
reefers,state,True,CO,AL,3.0
reefers,state,True,CO,AR,3.17
reefers,state,True,CO,AZ,1.93
reefers,state,True,CO,CA,1.81
reefers,state,True,CO,CO,5.01
reefers,state,True,CO,CT,3.14
reefers,state,True,CO,FL,2.8
reefers,state,True,CO,GA,2.68
reefers,state,True,CO,IA,2.11
reefers,state,True,CO,ID,1.54
reefers,state,True,CO,IL,2.15
reefers,state,True,CO,IN,2.19
reefers,state,True,CO,KS,2.18
reefers,state,True,CO,KY,2.3
reefers,state,True,CO,LA,2.93
reefers,state,True,CO,MA,2.39
reefers,state,True,CO,MD,2.44
reefers,state,True,CO,MI,2.68
reefers,state,True,CO,MN,2.08
reefers,state,True,CO,MO,2.2
reefers,state,True,CO,MT,2.82
reefers,state,True,CO,NC,2.65
reefers,state,True,CO,ND,2.26
reefers,state,True,CO,NE,2.27
reefers,state,True,CO,NJ,2.69
reefers,state,True,CO,NM,2.97
reefers,state,True,CO,NV,2.11
reefers,state,True,CO,NY,2.59
reefers,state,True,CO,OH,2.5
reefers,state,True,CO,OK,2.84
reefers,state,True,CO,OR,2.13
reefers,state,True,CO,PA,2.59
reefers,state,True,CO,SC,3.13
reefers,state,True,CO,SD,1.86
reefers,state,True,CO,TN,2.63
reefers,state,True,CO,TX,2.35
reefers,state,True,CO,UT,1.82
reefers,state,True,CO,VA,2.52
reefers,state,True,CO,WA,2.14
reefers,state,True,CO,WI,2.11
reefers,state,True,CO,WY,4.1
reefers,state,True,CT,CA,1.43
reefers,state,True,CT,FL,2.63
reefers,state,True,CT,GA,2.78
reefers,state,True,CT,IL,1.86
reefers,state,True,CT,IN,2.19
reefers,state,True,CT,MD,2.89
reefers,state,True,CT,MO,2.11
reefers,state,True,CT,NC,2.87
reefers,state,True,CT,NJ,4.43
reefers,state,True,CT,NY,4.98
reefers,state,True,CT,OH,2.14
reefers,state,True,CT,PA,3.75
reefers,state,True,CT,TX,1.91
reefers,state,True,CT,VA,3.17
reefers,state,True,DE,AR,1.84
reefers,state,True,DE,CA,1.35
reefers,state,True,DE,CT,6.06
reefers,state,True,DE,FL,2.93
reefers,state,True,DE,GA,3.18
reefers,state,True,DE,IA,1.82
reefers,state,True,DE,IL,2.16
reefers,state,True,DE,IN,2.53
reefers,state,True,DE,KY,2.36
reefers,state,True,DE,MA,5.22
reefers,state,True,DE,MI,2.8
reefers,state,True,DE,MN,1.72
reefers,state,True,DE,MO,1.88
reefers,state,True,DE,NC,3.56
reefers,state,True,DE,NE,1.69
reefers,state,True,DE,NH,5.11
reefers,state,True,DE,NY,5.47
reefers,state,True,DE,OH,2.62
reefers,state,True,DE,PA,5.87
reefers,state,True,DE,SC,2.97
reefers,state,True,DE,TN,2.62
reefers,state,True,DE,TX,1.79
reefers,state,True,DE,VA,4.95
reefers,state,True,DE,WI,2.35
reefers,state,True,FL,AL,2.28
reefers,state,True,FL,AR,2.08
reefers,state,True,FL,AZ,1.41
reefers,state,True,FL,CA,1.28
reefers,state,True,FL,CO,1.91
reefers,state,True,FL,CT,2.57
reefers,state,True,FL,DE,2.2
reefers,state,True,FL,FL,3.89
reefers,state,True,FL,GA,2.1
reefers,state,True,FL,IA,1.8
reefers,state,True,FL,ID,1.74
reefers,state,True,FL,IL,1.62
reefers,state,True,FL,IN,1.94
reefers,state,True,FL,KS,1.83
reefers,state,True,FL,KY,2.23
reefers,state,True,FL,LA,2.29
reefers,state,True,FL,MA,2.64
reefers,state,True,FL,MD,2.64
reefers,state,True,FL,ME,2.58
reefers,state,True,FL,MI,1.97
reefers,state,True,FL,MN,1.75
reefers,state,True,FL,MO,1.78
reefers,state,True,FL,MS,2.07
reefers,state,True,FL,NC,2.38
reefers,state,True,FL,NE,1.6
reefers,state,True,FL,NH,2.58
reefers,state,True,FL,NJ,2.49
reefers,state,True,FL,NM,1.79
reefers,state,True,FL,NV,1.52
reefers,state,True,FL,NY,2.6
reefers,state,True,FL,OH,2.07
reefers,state,True,FL,OK,1.7
reefers,state,True,FL,ON,1.94
reefers,state,True,FL,OR,1.78
reefers,state,True,FL,PA,2.43
reefers,state,True,FL,PQ,2.21
reefers,state,True,FL,RI,2.87
reefers,state,True,FL,SC,2.38
reefers,state,True,FL,TN,2.11
reefers,state,True,FL,TX,1.7
reefers,state,True,FL,UT,1.58
reefers,state,True,FL,VA,2.48
reefers,state,True,FL,WA,1.69
reefers,state,True,FL,WI,1.89
reefers,state,True,FL,WY,1.84
reefers,state,True,GA,Dest - AB,2.25
reefers,state,True,GA,AL,4.36
reefers,state,True,GA,AR,2.02
reefers,state,True,GA,AZ,1.62
reefers,state,True,GA,CA,1.49
reefers,state,True,GA,CO,2.21
reefers,state,True,GA,CT,2.99
reefers,state,True,GA,DE,3.62
reefers,state,True,GA,FL,3.72
reefers,state,True,GA,GA,4.22
reefers,state,True,GA,IA,1.67
reefers,state,True,GA,ID,1.86
reefers,state,True,GA,IL,1.88
reefers,state,True,GA,IN,1.95
reefers,state,True,GA,KS,2.06
reefers,state,True,GA,KY,2.8
reefers,state,True,GA,LA,2.88
reefers,state,True,GA,MA,2.82
reefers,state,True,GA,MB,2.63
reefers,state,True,GA,MD,3.04
reefers,state,True,GA,ME,2.75
reefers,state,True,GA,MI,2.22
reefers,state,True,GA,MN,1.81
reefers,state,True,GA,MO,1.98
reefers,state,True,GA,MS,3.04
reefers,state,True,GA,NC,3.81
reefers,state,True,GA,ND,1.78
reefers,state,True,GA,NE,1.7
reefers,state,True,GA,NH,2.72
reefers,state,True,GA,NJ,2.76
reefers,state,True,GA,NM,2.08
reefers,state,True,GA,NV,1.76
reefers,state,True,GA,NY,3.07
reefers,state,True,GA,OH,2.25
reefers,state,True,GA,OK,1.95
reefers,state,True,GA,ON,2.03
reefers,state,True,GA,OR,1.8
reefers,state,True,GA,PA,2.84
reefers,state,True,GA,PQ,1.97
reefers,state,True,GA,RI,2.61
reefers,state,True,GA,SC,4.5
reefers,state,True,GA,SK,1.83
reefers,state,True,GA,TN,3.49
reefers,state,True,GA,TX,1.92
reefers,state,True,GA,UT,1.68
reefers,state,True,GA,VA,3.35
reefers,state,True,GA,WA,1.83
reefers,state,True,GA,WI,1.89
reefers,state,True,GA,WV,2.82
reefers,state,True,GA,WY,2.15
reefers,state,True,IA,AL,4.19
reefers,state,True,IA,AR,4.39
reefers,state,True,IA,AZ,2.57
reefers,state,True,IA,CA,2.33
reefers,state,True,IA,CO,4.27
reefers,state,True,IA,CT,3.76
reefers,state,True,IA,FL,3.58
reefers,state,True,IA,GA,4.01
reefers,state,True,IA,IA,4.3
reefers,state,True,IA,ID,2.54
reefers,state,True,IA,IL,4.63
reefers,state,True,IA,IN,4.65
reefers,state,True,IA,KS,5.05
reefers,state,True,IA,KY,4.31
reefers,state,True,IA,LA,3.97
reefers,state,True,IA,MA,3.65
reefers,state,True,IA,MD,3.66
reefers,state,True,IA,ME,4.07
reefers,state,True,IA,MI,4.54
reefers,state,True,IA,MN,4.49
reefers,state,True,IA,MO,5.19
reefers,state,True,IA,MS,4.47
reefers,state,True,IA,NC,3.86
reefers,state,True,IA,ND,3.5
reefers,state,True,IA,NE,4.74
reefers,state,True,IA,NJ,3.78
reefers,state,True,IA,NM,3.66
reefers,state,True,IA,NV,2.65
reefers,state,True,IA,NY,4.26
reefers,state,True,IA,OH,4.5
reefers,state,True,IA,OK,4.42
reefers,state,True,IA,ON,3.0
reefers,state,True,IA,OR,2.53
reefers,state,True,IA,PA,3.94
reefers,state,True,IA,SC,3.78
reefers,state,True,IA,SD,3.6
reefers,state,True,IA,TN,4.17
reefers,state,True,IA,TX,3.62
reefers,state,True,IA,UT,2.67
reefers,state,True,IA,VA,4.53
reefers,state,True,IA,WA,2.48
reefers,state,True,IA,WI,4.36
reefers,state,True,ID,AL,3.2
reefers,state,True,ID,AR,2.94
reefers,state,True,ID,AZ,3.01
reefers,state,True,ID,CA,2.96
reefers,state,True,ID,CO,4.29
reefers,state,True,ID,CT,3.08
reefers,state,True,ID,FL,3.14
reefers,state,True,ID,GA,3.14
reefers,state,True,ID,IA,3.0
reefers,state,True,ID,ID,4.52
reefers,state,True,ID,IL,2.97
reefers,state,True,ID,IN,3.06
reefers,state,True,ID,KS,3.21
reefers,state,True,ID,KY,2.81
reefers,state,True,ID,LA,3.27
reefers,state,True,ID,MA,2.95
reefers,state,True,ID,MD,3.09
reefers,state,True,ID,ME,2.97
reefers,state,True,ID,MI,2.83
reefers,state,True,ID,MN,3.02
reefers,state,True,ID,MO,3.05
reefers,state,True,ID,MS,3.25
reefers,state,True,ID,MT,4.33
reefers,state,True,ID,NC,3.03
reefers,state,True,ID,NE,3.23
reefers,state,True,ID,NH,2.92
reefers,state,True,ID,NJ,2.94
reefers,state,True,ID,NM,4.36
reefers,state,True,ID,NV,3.54
reefers,state,True,ID,NY,2.97
reefers,state,True,ID,OH,2.79
reefers,state,True,ID,OK,3.31
reefers,state,True,ID,ON,2.11
reefers,state,True,ID,OR,3.61
reefers,state,True,ID,PA,2.94
reefers,state,True,ID,SC,2.96
reefers,state,True,ID,TN,2.89
reefers,state,True,ID,TX,3.18
reefers,state,True,ID,UT,4.29
reefers,state,True,ID,VA,2.96
reefers,state,True,ID,WA,3.7
reefers,state,True,ID,WI,2.82
reefers,state,True,ID,WY,5.04
reefers,state,True,IL,Dest - AB,2.44
reefers,state,True,IL,AL,3.97
reefers,state,True,IL,AR,3.51
reefers,state,True,IL,AZ,1.95
reefers,state,True,IL,BC,2.12
reefers,state,True,IL,CA,1.85
reefers,state,True,IL,CO,3.22
reefers,state,True,IL,CT,3.98
reefers,state,True,IL,DE,4.46
reefers,state,True,IL,FL,3.6
reefers,state,True,IL,GA,4.27
reefers,state,True,IL,IA,3.54
reefers,state,True,IL,ID,2.11
reefers,state,True,IL,IL,5.26
reefers,state,True,IL,IN,5.76
reefers,state,True,IL,KS,3.34
reefers,state,True,IL,KY,4.82
reefers,state,True,IL,LA,3.65
reefers,state,True,IL,MA,3.84
reefers,state,True,IL,MD,4.2
reefers,state,True,IL,ME,3.69
reefers,state,True,IL,MI,5.18
reefers,state,True,IL,MN,3.03
reefers,state,True,IL,MO,4.06
reefers,state,True,IL,MS,3.74
reefers,state,True,IL,MT,2.82
reefers,state,True,IL,NC,4.27
reefers,state,True,IL,ND,2.87
reefers,state,True,IL,NE,2.88
reefers,state,True,IL,NH,4.05
reefers,state,True,IL,NJ,3.86
reefers,state,True,IL,NM,2.59
reefers,state,True,IL,NV,2.09
reefers,state,True,IL,NY,4.33
reefers,state,True,IL,OH,4.9
reefers,state,True,IL,OK,3.27
reefers,state,True,IL,ON,2.5
reefers,state,True,IL,OR,2.14
reefers,state,True,IL,PA,4.42
reefers,state,True,IL,PQ,2.42
reefers,state,True,IL,SC,4.28
reefers,state,True,IL,SD,2.56
reefers,state,True,IL,TN,4.33
reefers,state,True,IL,TX,2.94
reefers,state,True,IL,UT,2.18
reefers,state,True,IL,VA,4.5
reefers,state,True,IL,WA,2.14
reefers,state,True,IL,WI,4.05
reefers,state,True,IL,WV,4.78
reefers,state,True,IL,WY,3.26
reefers,state,True,IN,AL,4.54
reefers,state,True,IN,AR,3.25
reefers,state,True,IN,AZ,1.8
reefers,state,True,IN,CA,1.67
reefers,state,True,IN,CO,2.77
reefers,state,True,IN,CT,3.88
reefers,state,True,IN,FL,3.73
reefers,state,True,IN,GA,4.16
reefers,state,True,IN,IA,2.74
reefers,state,True,IN,ID,2.05
reefers,state,True,IN,IL,4.29
reefers,state,True,IN,IN,5.6
reefers,state,True,IN,KS,2.52
reefers,state,True,IN,KY,5.53
reefers,state,True,IN,LA,3.76
reefers,state,True,IN,MA,3.93
reefers,state,True,IN,MD,4.32
reefers,state,True,IN,ME,3.49
reefers,state,True,IN,MI,4.49
reefers,state,True,IN,MN,2.48
reefers,state,True,IN,MO,3.31
reefers,state,True,IN,MS,4.26
reefers,state,True,IN,NC,4.5
reefers,state,True,IN,ND,2.12
reefers,state,True,IN,NE,2.5
reefers,state,True,IN,NH,3.46
reefers,state,True,IN,NJ,3.69
reefers,state,True,IN,NM,2.25
reefers,state,True,IN,NV,1.92
reefers,state,True,IN,NY,4.19
reefers,state,True,IN,OH,5.3
reefers,state,True,IN,OK,2.93
reefers,state,True,IN,ON,1.93
reefers,state,True,IN,OR,2.23
reefers,state,True,IN,PA,4.44
reefers,state,True,IN,PQ,2.11
reefers,state,True,IN,SC,4.95
reefers,state,True,IN,SD,2.31
reefers,state,True,IN,TN,4.69
reefers,state,True,IN,TX,2.68
reefers,state,True,IN,UT,2.02
reefers,state,True,IN,VA,4.9
reefers,state,True,IN,WA,2.07
reefers,state,True,IN,WI,2.99
reefers,state,True,IN,WY,3.17
reefers,state,True,KS,AL,3.5
reefers,state,True,KS,AR,4.76
reefers,state,True,KS,AZ,2.42
reefers,state,True,KS,CA,2.18
reefers,state,True,KS,CO,3.84
reefers,state,True,KS,FL,3.55
reefers,state,True,KS,GA,3.72
reefers,state,True,KS,IA,3.56
reefers,state,True,KS,IL,3.16
reefers,state,True,KS,IN,3.15
reefers,state,True,KS,KS,5.53
reefers,state,True,KS,KY,3.72
reefers,state,True,KS,LA,3.53
reefers,state,True,KS,MA,3.46
reefers,state,True,KS,MD,3.62
reefers,state,True,KS,ME,3.61
reefers,state,True,KS,MI,3.48
reefers,state,True,KS,MN,2.81
reefers,state,True,KS,MO,4.8
reefers,state,True,KS,MS,4.13
reefers,state,True,KS,MT,3.13
reefers,state,True,KS,NC,3.51
reefers,state,True,KS,ND,3.54
reefers,state,True,KS,NE,4.43
reefers,state,True,KS,NH,3.35
reefers,state,True,KS,NJ,3.38
reefers,state,True,KS,NM,3.81
reefers,state,True,KS,NV,2.59
reefers,state,True,KS,NY,3.47
reefers,state,True,KS,OH,3.46
reefers,state,True,KS,OK,5.16
reefers,state,True,KS,ON,2.78
reefers,state,True,KS,OR,2.33
reefers,state,True,KS,PA,3.39
reefers,state,True,KS,SC,4.06
reefers,state,True,KS,TN,3.73
reefers,state,True,KS,TX,3.93
reefers,state,True,KS,UT,2.52
reefers,state,True,KS,VA,3.39
reefers,state,True,KS,WA,2.31
reefers,state,True,KS,WI,2.65
reefers,state,True,KS,WY,4.11
reefers,state,True,KY,AL,4.94
reefers,state,True,KY,AR,2.9
reefers,state,True,KY,AZ,1.75
reefers,state,True,KY,CA,1.64
reefers,state,True,KY,CO,2.51
reefers,state,True,KY,CT,3.32
reefers,state,True,KY,FL,3.71
reefers,state,True,KY,GA,4.59
reefers,state,True,KY,IA,2.58
reefers,state,True,KY,IL,2.74
reefers,state,True,KY,IN,4.3
reefers,state,True,KY,KS,3.16
reefers,state,True,KY,KY,5.38
reefers,state,True,KY,LA,3.49
reefers,state,True,KY,MA,4.11
reefers,state,True,KY,MD,4.21
reefers,state,True,KY,ME,3.85
reefers,state,True,KY,MI,3.75
reefers,state,True,KY,MN,2.45
reefers,state,True,KY,MO,3.02
reefers,state,True,KY,MS,3.59
reefers,state,True,KY,NC,4.29
reefers,state,True,KY,NE,2.12
reefers,state,True,KY,NJ,3.65
reefers,state,True,KY,NM,2.68
reefers,state,True,KY,NV,1.99
reefers,state,True,KY,NY,4.1
reefers,state,True,KY,OH,4.65
reefers,state,True,KY,OK,2.62
reefers,state,True,KY,ON,2.14
reefers,state,True,KY,OR,1.84
reefers,state,True,KY,PA,3.82
reefers,state,True,KY,SC,4.38
reefers,state,True,KY,TN,5.01
reefers,state,True,KY,TX,2.74
reefers,state,True,KY,UT,1.86
reefers,state,True,KY,VA,4.06
reefers,state,True,KY,WA,1.91
reefers,state,True,KY,WI,2.54
reefers,state,True,KY,WY,2.77
reefers,state,True,LA,AL,3.7
reefers,state,True,LA,AR,3.71
reefers,state,True,LA,AZ,2.03
reefers,state,True,LA,CA,1.64
reefers,state,True,LA,CO,2.41
reefers,state,True,LA,CT,2.56
reefers,state,True,LA,FL,3.48
reefers,state,True,LA,GA,3.32
reefers,state,True,LA,IL,2.26
reefers,state,True,LA,KY,2.22
reefers,state,True,LA,LA,5.13
reefers,state,True,LA,MI,2.31
reefers,state,True,LA,MN,1.79
reefers,state,True,LA,MO,2.17
reefers,state,True,LA,MS,5.03
reefers,state,True,LA,NC,2.95
reefers,state,True,LA,NJ,2.58
reefers,state,True,LA,NV,2.85
reefers,state,True,LA,NY,2.6
reefers,state,True,LA,OH,2.37
reefers,state,True,LA,OK,2.76
reefers,state,True,LA,ON,1.99
reefers,state,True,LA,OR,2.23
reefers,state,True,LA,PA,2.61
reefers,state,True,LA,SC,3.11
reefers,state,True,LA,TN,2.82
reefers,state,True,LA,TX,3.02
reefers,state,True,LA,VA,3.22
reefers,state,True,LA,WA,2.01
reefers,state,True,MA,AL,2.29
reefers,state,True,MA,AR,2.14
reefers,state,True,MA,AZ,1.7
reefers,state,True,MA,CA,1.49
reefers,state,True,MA,CO,2.01
reefers,state,True,MA,DE,2.92
reefers,state,True,MA,FL,2.71
reefers,state,True,MA,GA,2.6
reefers,state,True,MA,IA,1.9
reefers,state,True,MA,IL,1.65
reefers,state,True,MA,IN,1.77
reefers,state,True,MA,KS,1.93
reefers,state,True,MA,KY,2.15
reefers,state,True,MA,LA,2.07
reefers,state,True,MA,MD,2.94
reefers,state,True,MA,ME,5.47
reefers,state,True,MA,MI,2.16
reefers,state,True,MA,MN,2.06
reefers,state,True,MA,MO,1.88
reefers,state,True,MA,MS,2.47
reefers,state,True,MA,NC,2.94
reefers,state,True,MA,NE,2.03
reefers,state,True,MA,NJ,3.69
reefers,state,True,MA,NV,1.76
reefers,state,True,MA,NY,3.98
reefers,state,True,MA,OH,2.28
reefers,state,True,MA,OK,2.27
reefers,state,True,MA,OR,2.03
reefers,state,True,MA,PA,2.99
reefers,state,True,MA,SC,2.62
reefers,state,True,MA,TN,2.27
reefers,state,True,MA,TX,2.04
reefers,state,True,MA,UT,1.82
reefers,state,True,MA,VA,2.86
reefers,state,True,MA,WA,1.83
reefers,state,True,MA,WI,1.94
reefers,state,True,MB,FL,2.45
reefers,state,True,MB,GA,2.49
reefers,state,True,MB,ID,3.25
reefers,state,True,MB,ND,5.66
reefers,state,True,MB,ON,2.35
reefers,state,True,MB,OR,3.26
reefers,state,True,MB,PA,3.01
reefers,state,True,MB,SK,5.37
reefers,state,True,MB,TX,2.86
reefers,state,True,MD,AL,2.9
reefers,state,True,MD,AZ,1.49
reefers,state,True,MD,CA,1.37
reefers,state,True,MD,CO,1.91
reefers,state,True,MD,CT,5.6
reefers,state,True,MD,FL,2.98
reefers,state,True,MD,GA,2.9
reefers,state,True,MD,IA,2.02
reefers,state,True,MD,IL,2.01
reefers,state,True,MD,IN,2.0
reefers,state,True,MD,KS,1.88
reefers,state,True,MD,KY,2.64
reefers,state,True,MD,LA,2.66
reefers,state,True,MD,MA,4.8
reefers,state,True,MD,ME,4.19
reefers,state,True,MD,MI,2.43
reefers,state,True,MD,MN,1.79
reefers,state,True,MD,MO,2.15
reefers,state,True,MD,NC,4.04
reefers,state,True,MD,NH,4.78
reefers,state,True,MD,NJ,5.37
reefers,state,True,MD,NY,5.21
reefers,state,True,MD,OH,2.91
reefers,state,True,MD,PA,5.44
reefers,state,True,MD,SC,3.46
reefers,state,True,MD,TN,3.03
reefers,state,True,MD,TX,1.79
reefers,state,True,MD,UT,1.65
reefers,state,True,MD,VA,6.05
reefers,state,True,MD,WA,1.65
reefers,state,True,MD,WI,2.04
reefers,state,True,MD,WV,4.43
reefers,state,True,ME,CA,1.53
reefers,state,True,ME,CT,3.95
reefers,state,True,ME,FL,2.58
reefers,state,True,ME,GA,2.36
reefers,state,True,ME,IL,1.91
reefers,state,True,ME,KY,2.16
reefers,state,True,ME,MA,4.81
reefers,state,True,ME,NJ,3.31
reefers,state,True,ME,NY,3.56
reefers,state,True,ME,OH,2.21
reefers,state,True,ME,PA,3.0
reefers,state,True,ME,TN,1.89
reefers,state,True,ME,TX,1.94
reefers,state,True,ME,VA,2.75
reefers,state,True,MI,AL,3.76
reefers,state,True,MI,AR,3.02
reefers,state,True,MI,AZ,2.03
reefers,state,True,MI,CA,1.86
reefers,state,True,MI,CO,2.74
reefers,state,True,MI,CT,3.85
reefers,state,True,MI,FL,3.29
reefers,state,True,MI,GA,3.97
reefers,state,True,MI,IA,2.51
reefers,state,True,MI,ID,1.94
reefers,state,True,MI,IL,3.78
reefers,state,True,MI,IN,4.17
reefers,state,True,MI,KS,2.62
reefers,state,True,MI,KY,3.79
reefers,state,True,MI,LA,2.95
reefers,state,True,MI,MA,3.99
reefers,state,True,MI,MD,4.47
reefers,state,True,MI,ME,4.13
reefers,state,True,MI,MI,4.86
reefers,state,True,MI,MN,2.63
reefers,state,True,MI,MO,2.75
reefers,state,True,MI,MS,3.5
reefers,state,True,MI,NC,4.09
reefers,state,True,MI,NE,2.48
reefers,state,True,MI,NJ,3.71
reefers,state,True,MI,NV,2.14
reefers,state,True,MI,NY,4.36
reefers,state,True,MI,OH,4.72
reefers,state,True,MI,OK,2.81
reefers,state,True,MI,ON,3.6
reefers,state,True,MI,OR,2.23
reefers,state,True,MI,PA,4.23
reefers,state,True,MI,PQ,3.05
reefers,state,True,MI,SC,4.0
reefers,state,True,MI,SD,2.72
reefers,state,True,MI,TN,4.18
reefers,state,True,MI,TX,2.52
reefers,state,True,MI,UT,2.1
reefers,state,True,MI,VA,4.27
reefers,state,True,MI,WA,2.09
reefers,state,True,MI,WI,3.17
reefers,state,True,MN,AL,3.53
reefers,state,True,MN,AR,4.0
reefers,state,True,MN,AZ,2.48
reefers,state,True,MN,CA,2.19
reefers,state,True,MN,CO,3.71
reefers,state,True,MN,CT,3.63
reefers,state,True,MN,FL,3.39
reefers,state,True,MN,GA,3.42
reefers,state,True,MN,IA,4.64
reefers,state,True,MN,ID,2.62
reefers,state,True,MN,IL,3.8
reefers,state,True,MN,IN,3.92
reefers,state,True,MN,KS,4.34
reefers,state,True,MN,KY,4.04
reefers,state,True,MN,LA,3.58
reefers,state,True,MN,MA,3.39
reefers,state,True,MN,MD,3.58
reefers,state,True,MN,MI,3.87
reefers,state,True,MN,MN,4.75
reefers,state,True,MN,MO,4.49
reefers,state,True,MN,MS,4.04
reefers,state,True,MN,MT,3.53
reefers,state,True,MN,NC,3.56
reefers,state,True,MN,ND,3.67
reefers,state,True,MN,NE,3.92
reefers,state,True,MN,NJ,3.42
reefers,state,True,MN,NV,2.56
reefers,state,True,MN,NY,3.93
reefers,state,True,MN,OH,4.17
reefers,state,True,MN,OK,4.28
reefers,state,True,MN,ON,2.72
reefers,state,True,MN,OR,2.5
reefers,state,True,MN,PA,3.53
reefers,state,True,MN,SC,3.46
reefers,state,True,MN,SD,3.92
reefers,state,True,MN,TN,3.95
reefers,state,True,MN,TX,3.31
reefers,state,True,MN,UT,2.56
reefers,state,True,MN,VA,3.73
reefers,state,True,MN,WA,2.65
reefers,state,True,MN,WI,4.07
reefers,state,True,MN,WY,4.38
reefers,state,True,MO,AL,4.03
reefers,state,True,MO,AR,4.3
reefers,state,True,MO,AZ,2.31
reefers,state,True,MO,CA,2.1
reefers,state,True,MO,CO,3.26
reefers,state,True,MO,CT,3.74
reefers,state,True,MO,FL,3.69
reefers,state,True,MO,GA,3.65
reefers,state,True,MO,IA,3.52
reefers,state,True,MO,ID,2.47
reefers,state,True,MO,IL,3.41
reefers,state,True,MO,IN,3.42
reefers,state,True,MO,KS,4.93
reefers,state,True,MO,KY,4.36
reefers,state,True,MO,LA,3.77
reefers,state,True,MO,MA,3.16
reefers,state,True,MO,MD,3.48
reefers,state,True,MO,ME,3.42
reefers,state,True,MO,MI,3.39
reefers,state,True,MO,MN,2.64
reefers,state,True,MO,MO,4.83
reefers,state,True,MO,MS,4.32
reefers,state,True,MO,MT,2.95
reefers,state,True,MO,NC,3.65
reefers,state,True,MO,ND,2.97
reefers,state,True,MO,NE,3.39
reefers,state,True,MO,NH,3.91
reefers,state,True,MO,NJ,3.43
reefers,state,True,MO,NM,3.31
reefers,state,True,MO,NV,2.59
reefers,state,True,MO,NY,3.43
reefers,state,True,MO,OH,3.72
reefers,state,True,MO,OK,4.16
reefers,state,True,MO,ON,2.42
reefers,state,True,MO,OR,2.45
reefers,state,True,MO,PA,3.5
reefers,state,True,MO,SC,3.98
reefers,state,True,MO,SD,3.14
reefers,state,True,MO,TN,4.2
reefers,state,True,MO,TX,3.35
reefers,state,True,MO,UT,2.43
reefers,state,True,MO,VA,3.64
reefers,state,True,MO,WA,2.38
reefers,state,True,MO,WI,2.75
reefers,state,True,MS,AL,4.54
reefers,state,True,MS,AR,3.9
reefers,state,True,MS,AZ,1.97
reefers,state,True,MS,CA,1.73
reefers,state,True,MS,CO,2.28
reefers,state,True,MS,FL,3.88
reefers,state,True,MS,GA,3.81
reefers,state,True,MS,IA,2.47
reefers,state,True,MS,IL,2.62
reefers,state,True,MS,IN,2.48
reefers,state,True,MS,KS,2.35
reefers,state,True,MS,KY,2.84
reefers,state,True,MS,LA,5.06
reefers,state,True,MS,MA,3.03
reefers,state,True,MS,MD,3.44
reefers,state,True,MS,MI,2.59
reefers,state,True,MS,MN,2.35
reefers,state,True,MS,MO,2.45
reefers,state,True,MS,MS,4.27
reefers,state,True,MS,NC,3.82
reefers,state,True,MS,NJ,2.94
reefers,state,True,MS,NM,2.71
reefers,state,True,MS,NY,2.89
reefers,state,True,MS,OH,2.88
reefers,state,True,MS,OK,3.22
reefers,state,True,MS,OR,2.25
reefers,state,True,MS,PA,3.26
reefers,state,True,MS,SC,4.21
reefers,state,True,MS,TN,3.97
reefers,state,True,MS,TX,2.84
reefers,state,True,MS,UT,2.11
reefers,state,True,MS,VA,3.65
reefers,state,True,MS,WA,2.14
reefers,state,True,MS,WI,2.35
reefers,state,True,MT,ID,2.78
reefers,state,True,MT,OR,2.89
reefers,state,True,MT,UT,3.01
reefers,state,True,MT,WA,2.82
reefers,state,True,NB,NY,4.68
reefers,state,True,NB,PA,4.75
reefers,state,True,NC,AL,3.02
reefers,state,True,NC,AR,1.89
reefers,state,True,NC,AZ,1.55
reefers,state,True,NC,BC,1.91
reefers,state,True,NC,CA,1.51
reefers,state,True,NC,CO,2.01
reefers,state,True,NC,CT,3.52
reefers,state,True,NC,DE,3.49
reefers,state,True,NC,FL,3.19
reefers,state,True,NC,GA,3.22
reefers,state,True,NC,IA,1.8
reefers,state,True,NC,IL,1.87
reefers,state,True,NC,IN,2.15
reefers,state,True,NC,KS,1.96
reefers,state,True,NC,KY,2.57
reefers,state,True,NC,LA,2.47
reefers,state,True,NC,MA,3.22
reefers,state,True,NC,MD,3.64
reefers,state,True,NC,ME,3.27
reefers,state,True,NC,MI,2.21
reefers,state,True,NC,MN,1.61
reefers,state,True,NC,MO,1.81
reefers,state,True,NC,MS,2.51
reefers,state,True,NC,NC,5.09
reefers,state,True,NC,NE,1.68
reefers,state,True,NC,NJ,3.05
reefers,state,True,NC,NV,1.58
reefers,state,True,NC,NY,3.34
reefers,state,True,NC,OH,2.51
reefers,state,True,NC,OK,1.99
reefers,state,True,NC,ON,2.14
reefers,state,True,NC,OR,1.92
reefers,state,True,NC,PA,3.26
reefers,state,True,NC,PQ,2.16
reefers,state,True,NC,SC,4.3
reefers,state,True,NC,TN,2.79
reefers,state,True,NC,TX,1.79
reefers,state,True,NC,UT,1.76
reefers,state,True,NC,VA,4.31
reefers,state,True,NC,WA,1.87
reefers,state,True,NC,WI,1.87
reefers,state,True,ND,AR,3.69
reefers,state,True,ND,CA,2.52
reefers,state,True,ND,CO,4.04
reefers,state,True,ND,CT,3.74
reefers,state,True,ND,FL,3.43
reefers,state,True,ND,GA,3.72
reefers,state,True,ND,IA,3.88
reefers,state,True,ND,IL,3.85
reefers,state,True,ND,IN,3.81
reefers,state,True,ND,MI,4.4
reefers,state,True,ND,MN,4.13
reefers,state,True,ND,MO,4.11
reefers,state,True,ND,NC,3.7
reefers,state,True,ND,ND,6.52
reefers,state,True,ND,NJ,3.5
reefers,state,True,ND,NY,3.73
reefers,state,True,ND,OH,4.13
reefers,state,True,ND,PA,3.87
reefers,state,True,ND,TN,3.83
reefers,state,True,ND,TX,3.73
reefers,state,True,ND,WI,3.98
reefers,state,True,NE,AL,3.97
reefers,state,True,NE,AR,3.22
reefers,state,True,NE,AZ,2.58
reefers,state,True,NE,CA,2.39
reefers,state,True,NE,CO,5.45
reefers,state,True,NE,FL,3.53
reefers,state,True,NE,GA,3.93
reefers,state,True,NE,IA,4.26
reefers,state,True,NE,ID,2.35
reefers,state,True,NE,IL,3.74
reefers,state,True,NE,IN,4.33
reefers,state,True,NE,KS,3.82
reefers,state,True,NE,KY,4.05
reefers,state,True,NE,LA,3.76
reefers,state,True,NE,MA,3.64
reefers,state,True,NE,MD,3.6
reefers,state,True,NE,MI,4.1
reefers,state,True,NE,MN,3.87
reefers,state,True,NE,MO,4.57
reefers,state,True,NE,MS,4.03
reefers,state,True,NE,NC,3.62
reefers,state,True,NE,NE,3.98
reefers,state,True,NE,NH,4.03
reefers,state,True,NE,NJ,3.98
reefers,state,True,NE,NM,3.96
reefers,state,True,NE,NV,3.08
reefers,state,True,NE,NY,3.75
reefers,state,True,NE,OH,4.08
reefers,state,True,NE,OK,4.85
reefers,state,True,NE,ON,2.62
reefers,state,True,NE,OR,2.92
reefers,state,True,NE,PA,3.59
reefers,state,True,NE,SC,4.34
reefers,state,True,NE,SD,5.98
reefers,state,True,NE,TN,4.38
reefers,state,True,NE,TX,3.62
reefers,state,True,NE,UT,2.93
reefers,state,True,NE,VA,3.66
reefers,state,True,NE,WA,2.35
reefers,state,True,NE,WI,3.81
reefers,state,True,NH,CA,1.33
reefers,state,True,NH,GA,2.34
reefers,state,True,NH,IL,1.96
reefers,state,True,NH,MA,7.08
reefers,state,True,NH,MD,3.37
reefers,state,True,NH,NC,3.48
reefers,state,True,NH,NJ,3.35
reefers,state,True,NH,NY,4.44
reefers,state,True,NH,OH,2.0
reefers,state,True,NH,ON,1.67
reefers,state,True,NH,PA,3.1
reefers,state,True,NH,TX,1.93
reefers,state,True,NJ,Dest - AB,2.25
reefers,state,True,NJ,AL,2.72
reefers,state,True,NJ,AR,1.92
reefers,state,True,NJ,AZ,1.57
reefers,state,True,NJ,CA,1.44
reefers,state,True,NJ,CO,2.16
reefers,state,True,NJ,CT,5.93
reefers,state,True,NJ,FL,2.83
reefers,state,True,NJ,GA,2.94
reefers,state,True,NJ,IA,1.88
reefers,state,True,NJ,ID,1.67
reefers,state,True,NJ,IL,1.94
reefers,state,True,NJ,IN,2.23
reefers,state,True,NJ,KS,1.91
reefers,state,True,NJ,KY,2.47
reefers,state,True,NJ,LA,2.34
reefers,state,True,NJ,MA,5.43
reefers,state,True,NJ,MD,5.3
reefers,state,True,NJ,ME,4.35
reefers,state,True,NJ,MI,2.4
reefers,state,True,NJ,MN,1.87
reefers,state,True,NJ,MO,1.91
reefers,state,True,NJ,MS,2.45
reefers,state,True,NJ,NC,3.47
reefers,state,True,NJ,ND,2.21
reefers,state,True,NJ,NE,1.88
reefers,state,True,NJ,NH,5.32
reefers,state,True,NJ,NV,1.53
reefers,state,True,NJ,NY,4.6
reefers,state,True,NJ,OH,2.54
reefers,state,True,NJ,OK,1.97
reefers,state,True,NJ,ON,2.41
reefers,state,True,NJ,OR,1.76
reefers,state,True,NJ,PA,5.09
reefers,state,True,NJ,PQ,2.99
reefers,state,True,NJ,RI,6.18
reefers,state,True,NJ,SC,3.14
reefers,state,True,NJ,TN,2.56
reefers,state,True,NJ,TX,1.89
reefers,state,True,NJ,UT,1.75
reefers,state,True,NJ,VA,4.76
reefers,state,True,NJ,VT,5.27
reefers,state,True,NJ,WA,1.98
reefers,state,True,NJ,WI,1.84
reefers,state,True,NJ,WY,2.11
reefers,state,True,NM,AZ,2.17
reefers,state,True,NM,CA,1.86
reefers,state,True,NM,CO,4.09
reefers,state,True,NM,IL,2.64
reefers,state,True,NM,MI,2.97
reefers,state,True,NM,NV,2.84
reefers,state,True,NM,OH,2.46
reefers,state,True,NM,PA,2.82
reefers,state,True,NM,TN,2.73
reefers,state,True,NM,TX,3.07
reefers,state,True,NM,UT,2.31
reefers,state,True,NM,WI,2.48
reefers,state,True,NV,AZ,3.31
reefers,state,True,NV,BC,4.02
reefers,state,True,NV,CA,2.98
reefers,state,True,NV,CO,3.61
reefers,state,True,NV,FL,2.77
reefers,state,True,NV,GA,2.52
reefers,state,True,NV,ID,2.75
reefers,state,True,NV,IL,2.26
reefers,state,True,NV,IN,2.56
reefers,state,True,NV,KS,2.46
reefers,state,True,NV,MD,2.45
reefers,state,True,NV,MI,2.66
reefers,state,True,NV,MN,2.47
reefers,state,True,NV,NM,4.51
reefers,state,True,NV,NV,3.6
reefers,state,True,NV,NY,2.59
reefers,state,True,NV,OR,3.29
reefers,state,True,NV,PA,2.76
reefers,state,True,NV,TN,2.69
reefers,state,True,NV,TX,2.79
reefers,state,True,NV,UT,2.93
reefers,state,True,NV,WA,3.12
reefers,state,True,NV,WI,2.27
reefers,state,True,NY,Dest - AB,2.21
reefers,state,True,NY,AL,2.73
reefers,state,True,NY,AZ,1.79
reefers,state,True,NY,CA,1.51
reefers,state,True,NY,CO,2.06
reefers,state,True,NY,CT,5.56
reefers,state,True,NY,FL,3.04
reefers,state,True,NY,GA,3.12
reefers,state,True,NY,IA,2.18
reefers,state,True,NY,IL,2.09
reefers,state,True,NY,IN,2.47
reefers,state,True,NY,KS,1.86
reefers,state,True,NY,KY,2.88
reefers,state,True,NY,LA,2.63
reefers,state,True,NY,MA,5.09
reefers,state,True,NY,MD,4.94
reefers,state,True,NY,ME,4.34
reefers,state,True,NY,MI,2.57
reefers,state,True,NY,MN,2.19
reefers,state,True,NY,MO,2.39
reefers,state,True,NY,MS,3.77
reefers,state,True,NY,NC,3.68
reefers,state,True,NY,NE,2.15
reefers,state,True,NY,NH,5.44
reefers,state,True,NY,NJ,5.2
reefers,state,True,NY,NV,1.87
reefers,state,True,NY,NY,5.46
reefers,state,True,NY,OH,2.96
reefers,state,True,NY,OK,2.18
reefers,state,True,NY,ON,3.29
reefers,state,True,NY,OR,1.84
reefers,state,True,NY,PA,4.99
reefers,state,True,NY,PQ,3.52
reefers,state,True,NY,RI,5.6
reefers,state,True,NY,SC,3.37
reefers,state,True,NY,TN,3.02
reefers,state,True,NY,TX,2.11
reefers,state,True,NY,UT,1.82
reefers,state,True,NY,VA,4.45
reefers,state,True,NY,VT,5.5
reefers,state,True,NY,WA,1.91
reefers,state,True,NY,WI,2.0
reefers,state,True,NY,WV,4.66
reefers,state,True,OH,Dest - AB,2.34
reefers,state,True,OH,AL,4.24
reefers,state,True,OH,AR,2.77
reefers,state,True,OH,AZ,1.84
reefers,state,True,OH,CA,1.65
reefers,state,True,OH,CO,2.48
reefers,state,True,OH,CT,4.28
reefers,state,True,OH,DE,4.87
reefers,state,True,OH,FL,3.55
reefers,state,True,OH,GA,3.93
reefers,state,True,OH,IA,2.35
reefers,state,True,OH,ID,2.01
reefers,state,True,OH,IL,2.76
reefers,state,True,OH,IN,4.3
reefers,state,True,OH,KS,2.37
reefers,state,True,OH,KY,4.34
reefers,state,True,OH,LA,3.42
reefers,state,True,OH,MA,4.35
reefers,state,True,OH,MD,4.92
reefers,state,True,OH,ME,4.09
reefers,state,True,OH,MI,4.21
reefers,state,True,OH,MN,2.34
reefers,state,True,OH,MO,2.76
reefers,state,True,OH,MS,3.35
reefers,state,True,OH,NC,4.57
reefers,state,True,OH,ND,2.72
reefers,state,True,OH,NE,2.22
reefers,state,True,OH,NH,4.35
reefers,state,True,OH,NJ,4.17
reefers,state,True,OH,NM,2.42
reefers,state,True,OH,NV,2.12
reefers,state,True,OH,NY,4.63
reefers,state,True,OH,OH,5.24
reefers,state,True,OH,OK,2.7
reefers,state,True,OH,ON,3.01
reefers,state,True,OH,OR,2.06
reefers,state,True,OH,PA,4.74
reefers,state,True,OH,PQ,2.52
reefers,state,True,OH,SC,4.31
reefers,state,True,OH,TN,4.07
reefers,state,True,OH,TX,2.47
reefers,state,True,OH,UT,1.92
reefers,state,True,OH,VA,4.87
reefers,state,True,OH,VT,4.5
reefers,state,True,OH,WA,1.96
reefers,state,True,OH,WI,2.52
reefers,state,True,OH,WV,5.5
reefers,state,True,OH,WY,2.63
reefers,state,True,OK,AL,3.63
reefers,state,True,OK,AR,5.06
reefers,state,True,OK,AZ,2.17
reefers,state,True,OK,CA,1.9
reefers,state,True,OK,CO,3.28
reefers,state,True,OK,FL,3.4
reefers,state,True,OK,GA,3.69
reefers,state,True,OK,IA,2.17
reefers,state,True,OK,ID,2.42
reefers,state,True,OK,IL,2.79
reefers,state,True,OK,IN,3.23
reefers,state,True,OK,KS,3.73
reefers,state,True,OK,KY,2.87
reefers,state,True,OK,LA,3.4
reefers,state,True,OK,MI,2.86
reefers,state,True,OK,MN,2.16
reefers,state,True,OK,MO,3.19
reefers,state,True,OK,MS,4.7
reefers,state,True,OK,NC,2.71
reefers,state,True,OK,NE,2.53
reefers,state,True,OK,NJ,3.13
reefers,state,True,OK,NM,3.57
reefers,state,True,OK,NV,2.15
reefers,state,True,OK,NY,3.29
reefers,state,True,OK,OH,2.89
reefers,state,True,OK,OK,3.93
reefers,state,True,OK,OR,2.19
reefers,state,True,OK,PA,2.92
reefers,state,True,OK,TN,3.98
reefers,state,True,OK,TX,3.55
reefers,state,True,OK,UT,2.15
reefers,state,True,OK,WA,2.23
reefers,state,True,OK,WI,2.45
reefers,state,True,OK,WY,3.39
reefers,state,True,ON,Dest - AB,2.79
reefers,state,True,ON,AL,3.0
reefers,state,True,ON,AR,2.65
reefers,state,True,ON,AZ,1.81
reefers,state,True,ON,BC,2.76
reefers,state,True,ON,CA,1.76
reefers,state,True,ON,CO,2.81
reefers,state,True,ON,CT,4.4
reefers,state,True,ON,FL,3.16
reefers,state,True,ON,GA,2.88
reefers,state,True,ON,IA,2.8
reefers,state,True,ON,IL,3.15
reefers,state,True,ON,IN,3.11
reefers,state,True,ON,KS,2.36
reefers,state,True,ON,KY,3.79
reefers,state,True,ON,LA,2.96
reefers,state,True,ON,MA,4.34
reefers,state,True,ON,MB,2.97
reefers,state,True,ON,MD,4.44
reefers,state,True,ON,MI,4.14
reefers,state,True,ON,MN,2.86
reefers,state,True,ON,MO,2.76
reefers,state,True,ON,NB,2.94
reefers,state,True,ON,NC,3.61
reefers,state,True,ON,NJ,3.98
reefers,state,True,ON,NS,2.7
reefers,state,True,ON,NY,4.71
reefers,state,True,ON,OH,3.88
reefers,state,True,ON,ON,3.87
reefers,state,True,ON,OR,2.62
reefers,state,True,ON,PA,3.83
reefers,state,True,ON,PQ,2.92
reefers,state,True,ON,SC,4.72
reefers,state,True,ON,SK,3.6
reefers,state,True,ON,TN,3.61
reefers,state,True,ON,TX,1.9
reefers,state,True,ON,UT,2.63
reefers,state,True,ON,VA,4.09
reefers,state,True,ON,WA,2.35
reefers,state,True,ON,WI,3.58
reefers,state,True,OR,Dest - AB,2.93
reefers,state,True,OR,AZ,2.67
reefers,state,True,OR,BC,3.88
reefers,state,True,OR,CA,2.25
reefers,state,True,OR,CO,3.19
reefers,state,True,OR,CT,2.81
reefers,state,True,OR,FL,2.77
reefers,state,True,OR,GA,2.84
reefers,state,True,OR,IA,2.45
reefers,state,True,OR,ID,2.95
reefers,state,True,OR,IL,2.59
reefers,state,True,OR,IN,2.63
reefers,state,True,OR,KS,2.65
reefers,state,True,OR,KY,2.61
reefers,state,True,OR,LA,2.82
reefers,state,True,OR,MA,2.75
reefers,state,True,OR,MD,2.81
reefers,state,True,OR,MI,2.61
reefers,state,True,OR,MN,2.72
reefers,state,True,OR,MO,2.46
reefers,state,True,OR,MT,3.27
reefers,state,True,OR,NC,2.78
reefers,state,True,OR,NJ,2.6
reefers,state,True,OR,NV,3.02
reefers,state,True,OR,NY,2.65
reefers,state,True,OR,OH,2.65
reefers,state,True,OR,OK,2.76
reefers,state,True,OR,ON,2.32
reefers,state,True,OR,OR,4.98
reefers,state,True,OR,PA,2.74
reefers,state,True,OR,PQ,2.01
reefers,state,True,OR,SC,2.74
reefers,state,True,OR,TN,2.75
reefers,state,True,OR,TX,2.74
reefers,state,True,OR,UT,2.71
reefers,state,True,OR,VA,2.74
reefers,state,True,OR,WA,4.53
reefers,state,True,OR,WI,2.65
reefers,state,True,OR,WY,3.6
reefers,state,True,PA,Dest - AB,2.26
reefers,state,True,PA,AL,2.67
reefers,state,True,PA,AR,1.94
reefers,state,True,PA,AZ,1.61
reefers,state,True,PA,BC,1.96
reefers,state,True,PA,CA,1.48
reefers,state,True,PA,CO,2.17
reefers,state,True,PA,CT,5.6
reefers,state,True,PA,DE,5.04
reefers,state,True,PA,FL,3.02
reefers,state,True,PA,GA,3.04
reefers,state,True,PA,IA,1.86
reefers,state,True,PA,ID,1.58
reefers,state,True,PA,IL,1.99
reefers,state,True,PA,IN,2.29
reefers,state,True,PA,KS,1.89
reefers,state,True,PA,KY,2.49
reefers,state,True,PA,LA,2.51
reefers,state,True,PA,MA,4.85
reefers,state,True,PA,MD,5.9
reefers,state,True,PA,ME,4.14
reefers,state,True,PA,MI,2.39
reefers,state,True,PA,MN,1.89
reefers,state,True,PA,MO,2.04
reefers,state,True,PA,MS,2.57
reefers,state,True,PA,MT,1.9
reefers,state,True,PA,NC,3.66
reefers,state,True,PA,ND,1.83
reefers,state,True,PA,NE,1.9
reefers,state,True,PA,NH,4.67
reefers,state,True,PA,NJ,5.1
reefers,state,True,PA,NM,2.1
reefers,state,True,PA,NV,1.66
reefers,state,True,PA,NY,4.92
reefers,state,True,PA,OH,2.85
reefers,state,True,PA,OK,2.1
reefers,state,True,PA,ON,2.58
reefers,state,True,PA,OR,1.9
reefers,state,True,PA,PA,4.86
reefers,state,True,PA,PQ,2.49
reefers,state,True,PA,RI,5.13
reefers,state,True,PA,SC,3.34
reefers,state,True,PA,SD,1.86
reefers,state,True,PA,TN,2.69
reefers,state,True,PA,TX,1.98
reefers,state,True,PA,UT,1.75
reefers,state,True,PA,VA,4.72
reefers,state,True,PA,VT,4.99
reefers,state,True,PA,WA,1.88
reefers,state,True,PA,WI,1.96
reefers,state,True,PA,WV,4.08
reefers,state,True,PA,WY,2.08
reefers,state,True,PQ,Dest - AB,2.31
reefers,state,True,PQ,CA,1.75
reefers,state,True,PQ,FL,2.73
reefers,state,True,PQ,IL,2.75
reefers,state,True,PQ,IN,2.69
reefers,state,True,PQ,MS,2.21
reefers,state,True,PQ,NB,3.32
reefers,state,True,PQ,NY,4.9
reefers,state,True,PQ,OH,2.49
reefers,state,True,PQ,ON,2.26
reefers,state,True,PQ,PA,4.75
reefers,state,True,PQ,PQ,3.69
reefers,state,True,PQ,TN,3.04
reefers,state,True,PQ,TX,2.13
reefers,state,True,PQ,VA,3.55
reefers,state,True,RI,FL,2.61
reefers,state,True,RI,MD,3.26
reefers,state,True,RI,NJ,4.51
reefers,state,True,RI,PA,3.0
reefers,state,True,RI,TX,1.51
reefers,state,True,RI,WA,1.48
reefers,state,True,SC,AL,3.5
reefers,state,True,SC,AR,2.0
reefers,state,True,SC,AZ,1.68
reefers,state,True,SC,CA,1.5
reefers,state,True,SC,CO,2.14
reefers,state,True,SC,CT,3.19
reefers,state,True,SC,FL,3.64
reefers,state,True,SC,GA,4.32
reefers,state,True,SC,IA,2.16
reefers,state,True,SC,IL,2.0
reefers,state,True,SC,IN,2.11
reefers,state,True,SC,KS,2.03
reefers,state,True,SC,KY,2.71
reefers,state,True,SC,LA,2.55
reefers,state,True,SC,MA,3.35
reefers,state,True,SC,MD,3.47
reefers,state,True,SC,MI,2.32
reefers,state,True,SC,MN,2.01
reefers,state,True,SC,MO,1.91
reefers,state,True,SC,MS,2.55
reefers,state,True,SC,NC,4.87
reefers,state,True,SC,NJ,3.08
reefers,state,True,SC,NV,1.63
reefers,state,True,SC,NY,3.47
reefers,state,True,SC,OH,2.36
reefers,state,True,SC,OK,2.22
reefers,state,True,SC,ON,2.25
reefers,state,True,SC,PA,3.15
reefers,state,True,SC,SC,4.63
reefers,state,True,SC,TN,3.04
reefers,state,True,SC,TX,1.89
reefers,state,True,SC,UT,1.72
reefers,state,True,SC,VA,3.97
reefers,state,True,SC,WA,1.79
reefers,state,True,SC,WI,1.89
reefers,state,True,SC,WV,3.99
reefers,state,True,SD,AZ,2.91
reefers,state,True,SD,CA,2.62
reefers,state,True,SD,CO,4.62
reefers,state,True,SD,FL,3.51
reefers,state,True,SD,GA,3.92
reefers,state,True,SD,IA,4.99
reefers,state,True,SD,IL,4.25
reefers,state,True,SD,IN,3.48
reefers,state,True,SD,KS,4.8
reefers,state,True,SD,KY,4.51
reefers,state,True,SD,MI,4.02
reefers,state,True,SD,MN,5.02
reefers,state,True,SD,MO,4.66
reefers,state,True,SD,NC,3.96
reefers,state,True,SD,NH,3.57
reefers,state,True,SD,NJ,3.46
reefers,state,True,SD,OH,4.16
reefers,state,True,SD,OK,4.65
reefers,state,True,SD,OR,2.75
reefers,state,True,SD,PA,4.18
reefers,state,True,SD,SC,2.96
reefers,state,True,SD,TN,4.02
reefers,state,True,SD,TX,3.72
reefers,state,True,SD,UT,3.16
reefers,state,True,SD,WA,2.62
reefers,state,True,SD,WI,4.51
reefers,state,True,TN,AL,4.78
reefers,state,True,TN,AR,3.4
reefers,state,True,TN,AZ,1.9
reefers,state,True,TN,CA,1.68
reefers,state,True,TN,CO,2.58
reefers,state,True,TN,CT,3.45
reefers,state,True,TN,FL,3.69
reefers,state,True,TN,GA,4.49
reefers,state,True,TN,IA,2.53
reefers,state,True,TN,IL,2.42
reefers,state,True,TN,IN,3.19
reefers,state,True,TN,KS,2.53
reefers,state,True,TN,KY,4.3
reefers,state,True,TN,LA,3.37
reefers,state,True,TN,MA,3.46
reefers,state,True,TN,MD,3.82
reefers,state,True,TN,MI,3.2
reefers,state,True,TN,MN,2.18
reefers,state,True,TN,MO,2.58
reefers,state,True,TN,MS,3.92
reefers,state,True,TN,NC,4.08
reefers,state,True,TN,NE,2.61
reefers,state,True,TN,NJ,3.27
reefers,state,True,TN,NM,2.28
reefers,state,True,TN,NV,1.96
reefers,state,True,TN,NY,3.34
reefers,state,True,TN,OH,3.35
reefers,state,True,TN,OK,2.64
reefers,state,True,TN,ON,2.73
reefers,state,True,TN,PA,3.32
reefers,state,True,TN,SC,4.66
reefers,state,True,TN,TN,4.77
reefers,state,True,TN,TX,2.57
reefers,state,True,TN,UT,1.85
reefers,state,True,TN,VA,3.85
reefers,state,True,TN,WA,2.05
reefers,state,True,TN,WI,2.44
reefers,state,True,TN,WV,3.72
reefers,state,True,TN,WY,2.62
reefers,state,True,TX,Dest - AB,2.43
reefers,state,True,TX,AL,3.24
reefers,state,True,TX,AR,3.12
reefers,state,True,TX,AZ,1.82
reefers,state,True,TX,BC,2.37
reefers,state,True,TX,CA,1.8
reefers,state,True,TX,CO,2.79
reefers,state,True,TX,CT,2.98
reefers,state,True,TX,DE,2.75
reefers,state,True,TX,FL,3.14
reefers,state,True,TX,GA,3.03
reefers,state,True,TX,IA,2.37
reefers,state,True,TX,ID,2.07
reefers,state,True,TX,IL,2.47
reefers,state,True,TX,IN,2.55
reefers,state,True,TX,KS,2.68
reefers,state,True,TX,KY,2.96
reefers,state,True,TX,LA,3.65
reefers,state,True,TX,MA,2.89
reefers,state,True,TX,MD,2.94
reefers,state,True,TX,ME,3.0
reefers,state,True,TX,MI,2.54
reefers,state,True,TX,MN,2.31
reefers,state,True,TX,MO,2.8
reefers,state,True,TX,MS,3.24
reefers,state,True,TX,MT,3.13
reefers,state,True,TX,NC,3.04
reefers,state,True,TX,ND,2.06
reefers,state,True,TX,NE,2.34
reefers,state,True,TX,NH,2.55
reefers,state,True,TX,NJ,2.82
reefers,state,True,TX,NM,2.69
reefers,state,True,TX,NV,2.12
reefers,state,True,TX,NY,3.12
reefers,state,True,TX,OH,2.71
reefers,state,True,TX,OK,3.61
reefers,state,True,TX,ON,2.3
reefers,state,True,TX,OR,2.12
reefers,state,True,TX,PA,2.77
reefers,state,True,TX,PQ,2.19
reefers,state,True,TX,RI,2.82
reefers,state,True,TX,SC,3.16
reefers,state,True,TX,SD,2.21
reefers,state,True,TX,TN,3.06
reefers,state,True,TX,TX,3.42
reefers,state,True,TX,UT,2.04
reefers,state,True,TX,VA,3.04
reefers,state,True,TX,VT,2.55
reefers,state,True,TX,WA,2.14
reefers,state,True,TX,WI,2.24
reefers,state,True,TX,WV,2.6
reefers,state,True,TX,WY,3.08
reefers,state,True,UT,AL,3.0
reefers,state,True,UT,AR,3.34
reefers,state,True,UT,AZ,3.26
reefers,state,True,UT,CA,2.69
reefers,state,True,UT,CO,4.55
reefers,state,True,UT,FL,3.26
reefers,state,True,UT,GA,3.09
reefers,state,True,UT,IA,2.75
reefers,state,True,UT,ID,2.78
reefers,state,True,UT,IL,3.0
reefers,state,True,UT,IN,3.03
reefers,state,True,UT,KS,3.75
reefers,state,True,UT,KY,3.06
reefers,state,True,UT,MA,3.37
reefers,state,True,UT,MD,3.08
reefers,state,True,UT,ME,2.99
reefers,state,True,UT,MI,3.08
reefers,state,True,UT,MN,2.95
reefers,state,True,UT,MO,3.28
reefers,state,True,UT,MS,3.34
reefers,state,True,UT,MT,3.83
reefers,state,True,UT,NC,3.16
reefers,state,True,UT,NE,4.19
reefers,state,True,UT,NJ,2.97
reefers,state,True,UT,NM,4.65
reefers,state,True,UT,NV,3.4
reefers,state,True,UT,NY,3.06
reefers,state,True,UT,OH,2.91
reefers,state,True,UT,OK,3.69
reefers,state,True,UT,OR,3.13
reefers,state,True,UT,PA,3.03
reefers,state,True,UT,SC,3.19
reefers,state,True,UT,TN,3.09
reefers,state,True,UT,TX,3.41
reefers,state,True,UT,UT,4.47
reefers,state,True,UT,VA,3.12
reefers,state,True,UT,WA,3.07
reefers,state,True,UT,WI,2.79
reefers,state,True,UT,WY,5.23
reefers,state,True,VA,AL,2.68
reefers,state,True,VA,AR,1.84
reefers,state,True,VA,AZ,1.47
reefers,state,True,VA,CA,1.35
reefers,state,True,VA,CO,1.9
reefers,state,True,VA,CT,4.25
reefers,state,True,VA,DE,4.13
reefers,state,True,VA,FL,3.01
reefers,state,True,VA,GA,3.02
reefers,state,True,VA,IA,1.62
reefers,state,True,VA,IL,2.03
reefers,state,True,VA,IN,2.13
reefers,state,True,VA,KS,1.77
reefers,state,True,VA,KY,2.87
reefers,state,True,VA,LA,2.31
reefers,state,True,VA,MA,3.79
reefers,state,True,VA,MD,5.1
reefers,state,True,VA,ME,3.77
reefers,state,True,VA,MI,2.6
reefers,state,True,VA,MN,1.96
reefers,state,True,VA,MO,1.7
reefers,state,True,VA,MS,2.5
reefers,state,True,VA,NC,4.34
reefers,state,True,VA,NE,1.82
reefers,state,True,VA,NH,3.92
reefers,state,True,VA,NJ,3.82
reefers,state,True,VA,NM,1.81
reefers,state,True,VA,NV,2.07
reefers,state,True,VA,NY,3.96
reefers,state,True,VA,OH,2.79
reefers,state,True,VA,OK,2.08
reefers,state,True,VA,OR,1.87
reefers,state,True,VA,PA,4.03
reefers,state,True,VA,SC,4.15
reefers,state,True,VA,TN,2.76
reefers,state,True,VA,TX,1.79
reefers,state,True,VA,UT,1.66
reefers,state,True,VA,VA,5.61
reefers,state,True,VA,WA,1.84
reefers,state,True,VA,WI,1.89
reefers,state,True,VT,CA,1.55
reefers,state,True,VT,FL,2.8
reefers,state,True,VT,GA,2.48
reefers,state,True,VT,MD,4.63
reefers,state,True,VT,MO,1.8
reefers,state,True,VT,NC,3.72
reefers,state,True,VT,NJ,4.86
reefers,state,True,VT,NY,4.79
reefers,state,True,VT,OH,2.19
reefers,state,True,VT,PA,3.54
reefers,state,True,VT,WI,1.91
reefers,state,True,WA,Dest - AB,3.7
reefers,state,True,WA,AL,2.74
reefers,state,True,WA,AR,2.65
reefers,state,True,WA,AZ,2.32
reefers,state,True,WA,BC,3.88
reefers,state,True,WA,CA,2.18
reefers,state,True,WA,CO,3.12
reefers,state,True,WA,CT,2.83
reefers,state,True,WA,FL,2.69
reefers,state,True,WA,GA,2.72
reefers,state,True,WA,IA,2.6
reefers,state,True,WA,ID,2.83
reefers,state,True,WA,IL,2.57
reefers,state,True,WA,IN,2.6
reefers,state,True,WA,KS,2.72
reefers,state,True,WA,KY,2.71
reefers,state,True,WA,LA,2.66
reefers,state,True,WA,MA,2.67
reefers,state,True,WA,MD,2.73
reefers,state,True,WA,ME,2.85
reefers,state,True,WA,MI,2.63
reefers,state,True,WA,MN,2.88
reefers,state,True,WA,MO,2.73
reefers,state,True,WA,MT,3.66
reefers,state,True,WA,NC,2.73
reefers,state,True,WA,ND,3.31
reefers,state,True,WA,NE,2.79
reefers,state,True,WA,NJ,2.79
reefers,state,True,WA,NM,3.08
reefers,state,True,WA,NV,2.64
reefers,state,True,WA,NY,2.55
reefers,state,True,WA,OH,2.52
reefers,state,True,WA,OK,2.86
reefers,state,True,WA,ON,1.94
reefers,state,True,WA,OR,4.15
reefers,state,True,WA,PA,2.68
reefers,state,True,WA,PQ,2.07
reefers,state,True,WA,SC,2.84
reefers,state,True,WA,SD,2.32
reefers,state,True,WA,TN,2.76
reefers,state,True,WA,TX,2.75
reefers,state,True,WA,UT,2.74
reefers,state,True,WA,VA,2.8
reefers,state,True,WA,WA,4.92
reefers,state,True,WA,WI,2.64
reefers,state,True,WA,WY,3.53
reefers,state,True,WI,AL,3.92
reefers,state,True,WI,AR,3.8
reefers,state,True,WI,AZ,2.12
reefers,state,True,WI,BC,2.29
reefers,state,True,WI,CA,1.98
reefers,state,True,WI,CO,3.13
reefers,state,True,WI,CT,3.95
reefers,state,True,WI,FL,3.43
reefers,state,True,WI,GA,3.8
reefers,state,True,WI,IA,3.35
reefers,state,True,WI,ID,2.14
reefers,state,True,WI,IL,4.98
reefers,state,True,WI,IN,5.05
reefers,state,True,WI,KS,3.32
reefers,state,True,WI,KY,4.55
reefers,state,True,WI,LA,3.62
reefers,state,True,WI,MA,3.64
reefers,state,True,WI,MD,4.48
reefers,state,True,WI,ME,3.73
reefers,state,True,WI,MI,4.84
reefers,state,True,WI,MN,3.27
reefers,state,True,WI,MO,3.8
reefers,state,True,WI,MS,4.12
reefers,state,True,WI,MT,2.87
reefers,state,True,WI,NC,3.98
reefers,state,True,WI,ND,2.89
reefers,state,True,WI,NE,3.04
reefers,state,True,WI,NH,3.75
reefers,state,True,WI,NJ,3.86
reefers,state,True,WI,NM,2.97
reefers,state,True,WI,NV,2.32
reefers,state,True,WI,NY,4.26
reefers,state,True,WI,OH,4.67
reefers,state,True,WI,OK,3.43
reefers,state,True,WI,ON,2.42
reefers,state,True,WI,OR,2.28
reefers,state,True,WI,PA,4.04
reefers,state,True,WI,PQ,2.82
reefers,state,True,WI,SC,3.88
reefers,state,True,WI,SD,2.79
reefers,state,True,WI,TN,3.94
reefers,state,True,WI,TX,2.93
reefers,state,True,WI,UT,2.23
reefers,state,True,WI,VA,4.14
reefers,state,True,WI,WA,2.29
reefers,state,True,WI,WI,4.61
reefers,state,True,WI,WY,3.21
reefers,state,True,WV,CA,1.48
reefers,state,True,WV,FL,3.63
reefers,state,True,WV,GA,3.2
reefers,state,True,WV,IL,2.26
reefers,state,True,WV,IN,2.93
reefers,state,True,WV,MA,3.92
reefers,state,True,WV,MI,3.16
reefers,state,True,WV,MN,2.04
reefers,state,True,WV,MO,2.58
reefers,state,True,WV,NC,4.2
reefers,state,True,WV,NJ,3.92
reefers,state,True,WV,NY,4.55
reefers,state,True,WV,PA,4.11
reefers,state,True,WV,TX,1.97
reefers,state,True,WV,WI,2.26
vans,region,False,Origin - New England,Dest - New England,3.91
vans,region,False,Origin - New England,Upper Atlantic,2.47
vans,region,False,Origin - New England,Lower Atlantic,1.99
vans,region,False,Origin - New England,Carolinas,1.61
vans,region,False,Origin - New England,Florida-So Georgia,1.89
vans,region,False,Origin - New England,Southeast,1.56
vans,region,False,Origin - New England,Ohio River,1.28
vans,region,False,Origin - New England,Great Lakes,1.24
vans,region,False,Origin - New England,Upper Midwest,1.59
vans,region,False,Origin - New England,Lower Midwest,1.42
vans,region,False,Origin - New England,South Central,1.29
vans,region,False,Origin - New England,Upper Mountain,1.3
vans,region,False,Origin - New England,Lower Mountain,1.46
vans,region,False,Origin - New England,California,1.04
vans,region,False,Origin - New England,Pacific Northwest,1.36
vans,region,False,Origin - New England,Canada East,2.28
vans,region,False,Origin - New England,Canada Central,1.59
vans,region,False,Origin - New England,Canada West,1.46
vans,region,False,Upper Atlantic,Dest - New England,4.04
vans,region,False,Upper Atlantic,Upper Atlantic,3.74
vans,region,False,Upper Atlantic,Lower Atlantic,3.5
vans,region,False,Upper Atlantic,Carolinas,2.14
vans,region,False,Upper Atlantic,Florida-So Georgia,2.26
vans,region,False,Upper Atlantic,Southeast,1.83
vans,region,False,Upper Atlantic,Ohio River,1.73
vans,region,False,Upper Atlantic,Great Lakes,1.55
vans,region,False,Upper Atlantic,Upper Midwest,1.58
vans,region,False,Upper Atlantic,Lower Midwest,1.61
vans,region,False,Upper Atlantic,South Central,1.37
vans,region,False,Upper Atlantic,Upper Mountain,1.36
vans,region,False,Upper Atlantic,Lower Mountain,1.49
vans,region,False,Upper Atlantic,California,1.0
vans,region,False,Upper Atlantic,Pacific Northwest,1.46
vans,region,False,Upper Atlantic,Canada East,2.07
vans,region,False,Upper Atlantic,Canada Central,1.88
vans,region,False,Upper Atlantic,Canada West,1.57
vans,region,False,Lower Atlantic,Dest - New England,3.5
vans,region,False,Lower Atlantic,Upper Atlantic,3.3
vans,region,False,Lower Atlantic,Lower Atlantic,3.48
vans,region,False,Lower Atlantic,Carolinas,2.48
vans,region,False,Lower Atlantic,Florida-So Georgia,2.37
vans,region,False,Lower Atlantic,Southeast,1.86
vans,region,False,Lower Atlantic,Ohio River,1.79
vans,region,False,Lower Atlantic,Great Lakes,1.58
vans,region,False,Lower Atlantic,Upper Midwest,1.57
vans,region,False,Lower Atlantic,Lower Midwest,1.57
vans,region,False,Lower Atlantic,South Central,1.37
vans,region,False,Lower Atlantic,Upper Mountain,1.39
vans,region,False,Lower Atlantic,Lower Mountain,1.49
vans,region,False,Lower Atlantic,California,1.0
vans,region,False,Lower Atlantic,Pacific Northwest,1.47
vans,region,False,Lower Atlantic,Canada Central,1.73
vans,region,False,Lower Atlantic,Canada West,1.71
vans,region,False,Carolinas,Dest - New England,2.66
vans,region,False,Carolinas,Upper Atlantic,2.42
vans,region,False,Carolinas,Lower Atlantic,2.9
vans,region,False,Carolinas,Carolinas,3.1
vans,region,False,Carolinas,Florida-So Georgia,2.7
vans,region,False,Carolinas,Southeast,2.19
vans,region,False,Carolinas,Ohio River,1.86
vans,region,False,Carolinas,Great Lakes,1.58
vans,region,False,Carolinas,Upper Midwest,1.56
vans,region,False,Carolinas,Lower Midwest,1.62
vans,region,False,Carolinas,South Central,1.41
vans,region,False,Carolinas,Upper Mountain,1.38
vans,region,False,Carolinas,Lower Mountain,1.56
vans,region,False,Carolinas,California,1.04
vans,region,False,Carolinas,Pacific Northwest,1.47
vans,region,False,Carolinas,Canada East,2.14
vans,region,False,Carolinas,Canada Central,1.48
vans,region,False,Carolinas,Canada West,1.63
vans,region,False,Florida-So Georgia,Dest - New England,1.72
vans,region,False,Florida-So Georgia,Upper Atlantic,1.49
vans,region,False,Florida-So Georgia,Lower Atlantic,1.45
vans,region,False,Florida-So Georgia,Carolinas,1.38
vans,region,False,Florida-So Georgia,Florida-So Georgia,2.62
vans,region,False,Florida-So Georgia,Southeast,1.28
vans,region,False,Florida-So Georgia,Ohio River,1.21
vans,region,False,Florida-So Georgia,Great Lakes,1.09
vans,region,False,Florida-So Georgia,Upper Midwest,1.26
vans,region,False,Florida-So Georgia,Lower Midwest,1.26
vans,region,False,Florida-So Georgia,South Central,1.09
vans,region,False,Florida-So Georgia,Upper Mountain,1.23
vans,region,False,Florida-So Georgia,Lower Mountain,1.29
vans,region,False,Florida-So Georgia,California,0.88
vans,region,False,Florida-So Georgia,Pacific Northwest,1.31
vans,region,False,Florida-So Georgia,Canada Central,1.15
vans,region,False,Florida-So Georgia,Canada West,1.42
vans,region,False,Southeast,Dest - New England,2.3
vans,region,False,Southeast,Upper Atlantic,2.19
vans,region,False,Southeast,Lower Atlantic,2.35
vans,region,False,Southeast,Carolinas,2.57
vans,region,False,Southeast,Florida-So Georgia,2.84
vans,region,False,Southeast,Southeast,2.76
vans,region,False,Southeast,Ohio River,1.99
vans,region,False,Southeast,Great Lakes,1.59
vans,region,False,Southeast,Upper Midwest,1.7
vans,region,False,Southeast,Lower Midwest,1.81
vans,region,False,Southeast,South Central,1.63
vans,region,False,Southeast,Upper Mountain,1.59
vans,region,False,Southeast,Lower Mountain,1.6
vans,region,False,Southeast,California,1.08
vans,region,False,Southeast,Pacific Northwest,1.59
vans,region,False,Southeast,Canada East,2.06
vans,region,False,Southeast,Canada Central,1.36
vans,region,False,Southeast,Canada West,1.63
vans,region,False,Ohio River,Dest - New England,2.85
vans,region,False,Ohio River,Upper Atlantic,3.05
vans,region,False,Ohio River,Lower Atlantic,3.34
vans,region,False,Ohio River,Carolinas,2.83
vans,region,False,Ohio River,Florida-So Georgia,2.86
vans,region,False,Ohio River,Southeast,2.89
vans,region,False,Ohio River,Ohio River,3.09
vans,region,False,Ohio River,Great Lakes,2.37
vans,region,False,Ohio River,Upper Midwest,2.08
vans,region,False,Ohio River,Lower Midwest,2.27
vans,region,False,Ohio River,South Central,1.85
vans,region,False,Ohio River,Upper Mountain,1.62
vans,region,False,Ohio River,Lower Mountain,1.77
vans,region,False,Ohio River,California,1.2
vans,region,False,Ohio River,Pacific Northwest,1.7
vans,region,False,Ohio River,Canada East,1.53
vans,region,False,Ohio River,Canada Central,1.68
vans,region,False,Ohio River,Canada West,1.76
vans,region,False,Great Lakes,Dest - New England,2.9
vans,region,False,Great Lakes,Upper Atlantic,2.98
vans,region,False,Great Lakes,Lower Atlantic,3.14
vans,region,False,Great Lakes,Carolinas,2.66
vans,region,False,Great Lakes,Florida-So Georgia,2.62
vans,region,False,Great Lakes,Southeast,2.55
vans,region,False,Great Lakes,Ohio River,3.08
vans,region,False,Great Lakes,Great Lakes,2.92
vans,region,False,Great Lakes,Upper Midwest,2.46
vans,region,False,Great Lakes,Lower Midwest,2.48
vans,region,False,Great Lakes,South Central,1.78
vans,region,False,Great Lakes,Upper Mountain,1.66
vans,region,False,Great Lakes,Lower Mountain,1.85
vans,region,False,Great Lakes,California,1.21
vans,region,False,Great Lakes,Pacific Northwest,1.61
vans,region,False,Great Lakes,Canada East,2.0
vans,region,False,Great Lakes,Canada Central,1.73
vans,region,False,Great Lakes,Canada West,1.86
vans,region,False,Upper Midwest,Dest - New England,2.46
vans,region,False,Upper Midwest,Upper Atlantic,2.57
vans,region,False,Upper Midwest,Lower Atlantic,2.5
vans,region,False,Upper Midwest,Carolinas,2.32
vans,region,False,Upper Midwest,Florida-So Georgia,2.41
vans,region,False,Upper Midwest,Southeast,2.36
vans,region,False,Upper Midwest,Ohio River,2.37
vans,region,False,Upper Midwest,Great Lakes,2.38
vans,region,False,Upper Midwest,Upper Midwest,3.03
vans,region,False,Upper Midwest,Lower Midwest,2.86
vans,region,False,Upper Midwest,South Central,2.17
vans,region,False,Upper Midwest,Upper Mountain,2.2
vans,region,False,Upper Midwest,Lower Mountain,2.3
vans,region,False,Upper Midwest,California,1.6
vans,region,False,Upper Midwest,Pacific Northwest,2.16
vans,region,False,Upper Midwest,Canada Central,1.49
vans,region,False,Upper Midwest,Canada West,2.07
vans,region,False,Lower Midwest,Dest - New England,2.33
vans,region,False,Lower Midwest,Upper Atlantic,2.28
vans,region,False,Lower Midwest,Lower Atlantic,2.36
vans,region,False,Lower Midwest,Carolinas,2.14
vans,region,False,Lower Midwest,Florida-So Georgia,2.38
vans,region,False,Lower Midwest,Southeast,2.17
vans,region,False,Lower Midwest,Ohio River,2.17
vans,region,False,Lower Midwest,Great Lakes,1.89
vans,region,False,Lower Midwest,Upper Midwest,2.28
vans,region,False,Lower Midwest,Lower Midwest,3.1
vans,region,False,Lower Midwest,South Central,2.16
vans,region,False,Lower Midwest,Upper Mountain,1.96
vans,region,False,Lower Midwest,Lower Mountain,2.27
vans,region,False,Lower Midwest,California,1.43
vans,region,False,Lower Midwest,Pacific Northwest,1.97
vans,region,False,Lower Midwest,Canada Central,1.42
vans,region,False,Lower Midwest,Canada West,1.94
vans,region,False,South Central,Dest - New England,1.94
vans,region,False,South Central,Upper Atlantic,1.87
vans,region,False,South Central,Lower Atlantic,1.94
vans,region,False,South Central,Carolinas,1.82
vans,region,False,South Central,Florida-So Georgia,2.25
vans,region,False,South Central,Southeast,2.0
vans,region,False,South Central,Ohio River,1.76
vans,region,False,South Central,Great Lakes,1.59
vans,region,False,South Central,Upper Midwest,1.8
vans,region,False,South Central,Lower Midwest,2.02
vans,region,False,South Central,South Central,2.14
vans,region,False,South Central,Upper Mountain,1.62
vans,region,False,South Central,Lower Mountain,1.78
vans,region,False,South Central,California,1.16
vans,region,False,South Central,Pacific Northwest,1.71
vans,region,False,South Central,Canada East,1.62
vans,region,False,South Central,Canada Central,1.35
vans,region,False,South Central,Canada West,1.6
vans,region,False,Upper Mountain,Dest - New England,1.98
vans,region,False,Upper Mountain,Upper Atlantic,1.96
vans,region,False,Upper Mountain,Lower Atlantic,1.99
vans,region,False,Upper Mountain,Carolinas,1.79
vans,region,False,Upper Mountain,Florida-So Georgia,2.0
vans,region,False,Upper Mountain,Southeast,1.93
vans,region,False,Upper Mountain,Ohio River,1.78
vans,region,False,Upper Mountain,Great Lakes,1.79
vans,region,False,Upper Mountain,Upper Midwest,1.88
vans,region,False,Upper Mountain,Lower Midwest,1.94
vans,region,False,Upper Mountain,South Central,1.9
vans,region,False,Upper Mountain,Upper Mountain,2.41
vans,region,False,Upper Mountain,Lower Mountain,2.41
vans,region,False,Upper Mountain,California,1.74
vans,region,False,Upper Mountain,Pacific Northwest,2.66
vans,region,False,Upper Mountain,Canada Central,1.5
vans,region,False,Upper Mountain,Canada West,2.5
vans,region,False,Lower Mountain,Dest - New England,1.88
vans,region,False,Lower Mountain,Upper Atlantic,1.9
vans,region,False,Lower Mountain,Lower Atlantic,1.89
vans,region,False,Lower Mountain,Carolinas,1.8
vans,region,False,Lower Mountain,Florida-So Georgia,1.95
vans,region,False,Lower Mountain,Southeast,1.83
vans,region,False,Lower Mountain,Ohio River,1.56
vans,region,False,Lower Mountain,Great Lakes,1.59
vans,region,False,Lower Mountain,Upper Midwest,1.68
vans,region,False,Lower Mountain,Lower Midwest,1.72
vans,region,False,Lower Mountain,South Central,1.7
vans,region,False,Lower Mountain,Upper Mountain,2.17
vans,region,False,Lower Mountain,Lower Mountain,2.3
vans,region,False,Lower Mountain,California,1.25
vans,region,False,Lower Mountain,Pacific Northwest,2.21
vans,region,False,Lower Mountain,Canada Central,1.42
vans,region,False,Lower Mountain,Canada West,1.87
vans,region,False,California,Dest - New England,1.92
vans,region,False,California,Upper Atlantic,1.91
vans,region,False,California,Lower Atlantic,1.96
vans,region,False,California,Carolinas,2.0
vans,region,False,California,Florida-So Georgia,2.08
vans,region,False,California,Southeast,2.05
vans,region,False,California,Ohio River,1.8
vans,region,False,California,Great Lakes,1.75
vans,region,False,California,Upper Midwest,2.04
vans,region,False,California,Lower Midwest,2.05
vans,region,False,California,South Central,2.07
vans,region,False,California,Upper Mountain,2.98
vans,region,False,California,Lower Mountain,2.77
vans,region,False,California,California,2.4
vans,region,False,California,Pacific Northwest,2.56
vans,region,False,California,Canada Central,1.42
vans,region,False,California,Canada West,2.37
vans,region,False,Pacific Northwest,Dest - New England,1.75
vans,region,False,Pacific Northwest,Upper Atlantic,1.65
vans,region,False,Pacific Northwest,Lower Atlantic,1.79
vans,region,False,Pacific Northwest,Carolinas,1.48
vans,region,False,Pacific Northwest,Florida-So Georgia,1.7
vans,region,False,Pacific Northwest,Southeast,1.61
vans,region,False,Pacific Northwest,Ohio River,1.32
vans,region,False,Pacific Northwest,Great Lakes,1.39
vans,region,False,Pacific Northwest,Upper Midwest,1.77
vans,region,False,Pacific Northwest,Lower Midwest,1.67
vans,region,False,Pacific Northwest,South Central,1.63
vans,region,False,Pacific Northwest,Upper Mountain,2.11
vans,region,False,Pacific Northwest,Lower Mountain,1.72
vans,region,False,Pacific Northwest,California,1.23
vans,region,False,Pacific Northwest,Pacific Northwest,3.2
vans,region,False,Pacific Northwest,Canada Central,1.17
vans,region,False,Pacific Northwest,Canada West,2.54
vans,region,False,Canada East,Upper Atlantic,2.16
vans,region,False,Canada East,Ohio River,1.35
vans,region,False,Canada East,Great Lakes,1.68
vans,region,False,Canada East,Canada Central,1.23
vans,region,False,Canada Central,Dest - New England,3.07
vans,region,False,Canada Central,Upper Atlantic,2.95
vans,region,False,Canada Central,Lower Atlantic,2.64
vans,region,False,Canada Central,Carolinas,2.07
vans,region,False,Canada Central,Florida-So Georgia,2.14
vans,region,False,Canada Central,Southeast,1.75
vans,region,False,Canada Central,Ohio River,1.9
vans,region,False,Canada Central,Great Lakes,2.02
vans,region,False,Canada Central,Upper Midwest,1.81
vans,region,False,Canada Central,Lower Midwest,1.74
vans,region,False,Canada Central,South Central,1.29
vans,region,False,Canada Central,Upper Mountain,1.6
vans,region,False,Canada Central,Lower Mountain,1.37
vans,region,False,Canada Central,California,1.13
vans,region,False,Canada Central,Pacific Northwest,1.66
vans,region,False,Canada Central,Canada East,2.07
vans,region,False,Canada Central,Canada Central,1.8
vans,region,False,Canada Central,Canada West,1.79
vans,region,False,Canada West,Dest - New England,1.03
vans,region,False,Canada West,Upper Atlantic,1.28
vans,region,False,Canada West,Lower Atlantic,1.44
vans,region,False,Canada West,Florida-So Georgia,1.48
vans,region,False,Canada West,Southeast,1.1
vans,region,False,Canada West,Ohio River,1.13
vans,region,False,Canada West,Great Lakes,1.2
vans,region,False,Canada West,Upper Midwest,1.41
vans,region,False,Canada West,Lower Midwest,1.26
vans,region,False,Canada West,South Central,1.53
vans,region,False,Canada West,Upper Mountain,1.41
vans,region,False,Canada West,Lower Mountain,1.36
vans,region,False,Canada West,California,0.89
vans,region,False,Canada West,Pacific Northwest,2.14
vans,region,False,Canada West,Canada Central,1.01
vans,region,False,Canada West,Canada West,2.18
vans,region,True,Origin - New England,Dest - New England,4.28
vans,region,True,Origin - New England,Upper Atlantic,2.84
vans,region,True,Origin - New England,Lower Atlantic,2.36
vans,region,True,Origin - New England,Carolinas,1.98
vans,region,True,Origin - New England,Florida-So Georgia,2.26
vans,region,True,Origin - New England,Southeast,1.93
vans,region,True,Origin - New England,Ohio River,1.65
vans,region,True,Origin - New England,Great Lakes,1.61
vans,region,True,Origin - New England,Upper Midwest,1.96
vans,region,True,Origin - New England,Lower Midwest,1.79
vans,region,True,Origin - New England,South Central,1.66
vans,region,True,Origin - New England,Upper Mountain,1.67
vans,region,True,Origin - New England,Lower Mountain,1.83
vans,region,True,Origin - New England,California,1.41
vans,region,True,Origin - New England,Pacific Northwest,1.73
vans,region,True,Origin - New England,Canada East,2.65
vans,region,True,Origin - New England,Canada Central,1.96
vans,region,True,Origin - New England,Canada West,1.83
vans,region,True,Upper Atlantic,Dest - New England,4.41
vans,region,True,Upper Atlantic,Upper Atlantic,4.11
vans,region,True,Upper Atlantic,Lower Atlantic,3.87
vans,region,True,Upper Atlantic,Carolinas,2.51
vans,region,True,Upper Atlantic,Florida-So Georgia,2.63
vans,region,True,Upper Atlantic,Southeast,2.2
vans,region,True,Upper Atlantic,Ohio River,2.1
vans,region,True,Upper Atlantic,Great Lakes,1.92
vans,region,True,Upper Atlantic,Upper Midwest,1.95
vans,region,True,Upper Atlantic,Lower Midwest,1.98
vans,region,True,Upper Atlantic,South Central,1.74
vans,region,True,Upper Atlantic,Upper Mountain,1.73
vans,region,True,Upper Atlantic,Lower Mountain,1.86
vans,region,True,Upper Atlantic,California,1.37
vans,region,True,Upper Atlantic,Pacific Northwest,1.83
vans,region,True,Upper Atlantic,Canada East,2.44
vans,region,True,Upper Atlantic,Canada Central,2.25
vans,region,True,Upper Atlantic,Canada West,1.94
vans,region,True,Lower Atlantic,Dest - New England,3.87
vans,region,True,Lower Atlantic,Upper Atlantic,3.67
vans,region,True,Lower Atlantic,Lower Atlantic,3.85
vans,region,True,Lower Atlantic,Carolinas,2.85
vans,region,True,Lower Atlantic,Florida-So Georgia,2.74
vans,region,True,Lower Atlantic,Southeast,2.23
vans,region,True,Lower Atlantic,Ohio River,2.16
vans,region,True,Lower Atlantic,Great Lakes,1.95
vans,region,True,Lower Atlantic,Upper Midwest,1.94
vans,region,True,Lower Atlantic,Lower Midwest,1.94
vans,region,True,Lower Atlantic,South Central,1.74
vans,region,True,Lower Atlantic,Upper Mountain,1.76
vans,region,True,Lower Atlantic,Lower Mountain,1.86
vans,region,True,Lower Atlantic,California,1.37
vans,region,True,Lower Atlantic,Pacific Northwest,1.84
vans,region,True,Lower Atlantic,Canada Central,2.1
vans,region,True,Lower Atlantic,Canada West,2.08
vans,region,True,Carolinas,Dest - New England,3.03
vans,region,True,Carolinas,Upper Atlantic,2.79
vans,region,True,Carolinas,Lower Atlantic,3.27
vans,region,True,Carolinas,Carolinas,3.47
vans,region,True,Carolinas,Florida-So Georgia,3.07
vans,region,True,Carolinas,Southeast,2.56
vans,region,True,Carolinas,Ohio River,2.23
vans,region,True,Carolinas,Great Lakes,1.95
vans,region,True,Carolinas,Upper Midwest,1.93
vans,region,True,Carolinas,Lower Midwest,1.99
vans,region,True,Carolinas,South Central,1.78
vans,region,True,Carolinas,Upper Mountain,1.75
vans,region,True,Carolinas,Lower Mountain,1.93
vans,region,True,Carolinas,California,1.41
vans,region,True,Carolinas,Pacific Northwest,1.84
vans,region,True,Carolinas,Canada East,2.51
vans,region,True,Carolinas,Canada Central,1.85
vans,region,True,Carolinas,Canada West,2.0
vans,region,True,Florida-So Georgia,Dest - New England,2.09
vans,region,True,Florida-So Georgia,Upper Atlantic,1.86
vans,region,True,Florida-So Georgia,Lower Atlantic,1.82
vans,region,True,Florida-So Georgia,Carolinas,1.75
vans,region,True,Florida-So Georgia,Florida-So Georgia,2.99
vans,region,True,Florida-So Georgia,Southeast,1.65
vans,region,True,Florida-So Georgia,Ohio River,1.58
vans,region,True,Florida-So Georgia,Great Lakes,1.46
vans,region,True,Florida-So Georgia,Upper Midwest,1.63
vans,region,True,Florida-So Georgia,Lower Midwest,1.63
vans,region,True,Florida-So Georgia,South Central,1.46
vans,region,True,Florida-So Georgia,Upper Mountain,1.6
vans,region,True,Florida-So Georgia,Lower Mountain,1.66
vans,region,True,Florida-So Georgia,California,1.25
vans,region,True,Florida-So Georgia,Pacific Northwest,1.68
vans,region,True,Florida-So Georgia,Canada Central,1.52
vans,region,True,Florida-So Georgia,Canada West,1.79
vans,region,True,Southeast,Dest - New England,2.67
vans,region,True,Southeast,Upper Atlantic,2.56
vans,region,True,Southeast,Lower Atlantic,2.72
vans,region,True,Southeast,Carolinas,2.94
vans,region,True,Southeast,Florida-So Georgia,3.21
vans,region,True,Southeast,Southeast,3.13
vans,region,True,Southeast,Ohio River,2.36
vans,region,True,Southeast,Great Lakes,1.96
vans,region,True,Southeast,Upper Midwest,2.07
vans,region,True,Southeast,Lower Midwest,2.18
vans,region,True,Southeast,South Central,2.0
vans,region,True,Southeast,Upper Mountain,1.96
vans,region,True,Southeast,Lower Mountain,1.97
vans,region,True,Southeast,California,1.45
vans,region,True,Southeast,Pacific Northwest,1.96
vans,region,True,Southeast,Canada East,2.43
vans,region,True,Southeast,Canada Central,1.73
vans,region,True,Southeast,Canada West,2.0
vans,region,True,Ohio River,Dest - New England,3.22
vans,region,True,Ohio River,Upper Atlantic,3.42
vans,region,True,Ohio River,Lower Atlantic,3.71
vans,region,True,Ohio River,Carolinas,3.2
vans,region,True,Ohio River,Florida-So Georgia,3.23
vans,region,True,Ohio River,Southeast,3.26
vans,region,True,Ohio River,Ohio River,3.46
vans,region,True,Ohio River,Great Lakes,2.74
vans,region,True,Ohio River,Upper Midwest,2.45
vans,region,True,Ohio River,Lower Midwest,2.64
vans,region,True,Ohio River,South Central,2.22
vans,region,True,Ohio River,Upper Mountain,1.99
vans,region,True,Ohio River,Lower Mountain,2.14
vans,region,True,Ohio River,California,1.57
vans,region,True,Ohio River,Pacific Northwest,2.07
vans,region,True,Ohio River,Canada East,1.9
vans,region,True,Ohio River,Canada Central,2.05
vans,region,True,Ohio River,Canada West,2.13
vans,region,True,Great Lakes,Dest - New England,3.27
vans,region,True,Great Lakes,Upper Atlantic,3.35
vans,region,True,Great Lakes,Lower Atlantic,3.51
vans,region,True,Great Lakes,Carolinas,3.03
vans,region,True,Great Lakes,Florida-So Georgia,2.99
vans,region,True,Great Lakes,Southeast,2.92
vans,region,True,Great Lakes,Ohio River,3.45
vans,region,True,Great Lakes,Great Lakes,3.29
vans,region,True,Great Lakes,Upper Midwest,2.83
vans,region,True,Great Lakes,Lower Midwest,2.85
vans,region,True,Great Lakes,South Central,2.15
vans,region,True,Great Lakes,Upper Mountain,2.03
vans,region,True,Great Lakes,Lower Mountain,2.22
vans,region,True,Great Lakes,California,1.58
vans,region,True,Great Lakes,Pacific Northwest,1.98
vans,region,True,Great Lakes,Canada East,2.37
vans,region,True,Great Lakes,Canada Central,2.1
vans,region,True,Great Lakes,Canada West,2.23
vans,region,True,Upper Midwest,Dest - New England,2.83
vans,region,True,Upper Midwest,Upper Atlantic,2.94
vans,region,True,Upper Midwest,Lower Atlantic,2.87
vans,region,True,Upper Midwest,Carolinas,2.69
vans,region,True,Upper Midwest,Florida-So Georgia,2.78
vans,region,True,Upper Midwest,Southeast,2.73
vans,region,True,Upper Midwest,Ohio River,2.74
vans,region,True,Upper Midwest,Great Lakes,2.75
vans,region,True,Upper Midwest,Upper Midwest,3.4
vans,region,True,Upper Midwest,Lower Midwest,3.23
vans,region,True,Upper Midwest,South Central,2.54
vans,region,True,Upper Midwest,Upper Mountain,2.57
vans,region,True,Upper Midwest,Lower Mountain,2.67
vans,region,True,Upper Midwest,California,1.97
vans,region,True,Upper Midwest,Pacific Northwest,2.53
vans,region,True,Upper Midwest,Canada Central,1.86
vans,region,True,Upper Midwest,Canada West,2.44
vans,region,True,Lower Midwest,Dest - New England,2.7
vans,region,True,Lower Midwest,Upper Atlantic,2.65
vans,region,True,Lower Midwest,Lower Atlantic,2.73
vans,region,True,Lower Midwest,Carolinas,2.51
vans,region,True,Lower Midwest,Florida-So Georgia,2.75
vans,region,True,Lower Midwest,Southeast,2.54
vans,region,True,Lower Midwest,Ohio River,2.54
vans,region,True,Lower Midwest,Great Lakes,2.26
vans,region,True,Lower Midwest,Upper Midwest,2.65
vans,region,True,Lower Midwest,Lower Midwest,3.47
vans,region,True,Lower Midwest,South Central,2.53
vans,region,True,Lower Midwest,Upper Mountain,2.33
vans,region,True,Lower Midwest,Lower Mountain,2.64
vans,region,True,Lower Midwest,California,1.8
vans,region,True,Lower Midwest,Pacific Northwest,2.34
vans,region,True,Lower Midwest,Canada Central,1.79
vans,region,True,Lower Midwest,Canada West,2.31
vans,region,True,South Central,Dest - New England,2.31
vans,region,True,South Central,Upper Atlantic,2.24
vans,region,True,South Central,Lower Atlantic,2.31
vans,region,True,South Central,Carolinas,2.19
vans,region,True,South Central,Florida-So Georgia,2.62
vans,region,True,South Central,Southeast,2.37
vans,region,True,South Central,Ohio River,2.13
vans,region,True,South Central,Great Lakes,1.96
vans,region,True,South Central,Upper Midwest,2.17
vans,region,True,South Central,Lower Midwest,2.39
vans,region,True,South Central,South Central,2.51
vans,region,True,South Central,Upper Mountain,1.99
vans,region,True,South Central,Lower Mountain,2.15
vans,region,True,South Central,California,1.53
vans,region,True,South Central,Pacific Northwest,2.08
vans,region,True,South Central,Canada East,1.99
vans,region,True,South Central,Canada Central,1.72
vans,region,True,South Central,Canada West,1.97
vans,region,True,Upper Mountain,Dest - New England,2.35
vans,region,True,Upper Mountain,Upper Atlantic,2.33
vans,region,True,Upper Mountain,Lower Atlantic,2.36
vans,region,True,Upper Mountain,Carolinas,2.16
vans,region,True,Upper Mountain,Florida-So Georgia,2.37
vans,region,True,Upper Mountain,Southeast,2.3
vans,region,True,Upper Mountain,Ohio River,2.15
vans,region,True,Upper Mountain,Great Lakes,2.16
vans,region,True,Upper Mountain,Upper Midwest,2.25
vans,region,True,Upper Mountain,Lower Midwest,2.31
vans,region,True,Upper Mountain,South Central,2.27
vans,region,True,Upper Mountain,Upper Mountain,2.78
vans,region,True,Upper Mountain,Lower Mountain,2.78
vans,region,True,Upper Mountain,California,2.11
vans,region,True,Upper Mountain,Pacific Northwest,3.03
vans,region,True,Upper Mountain,Canada Central,1.87
vans,region,True,Upper Mountain,Canada West,2.87
vans,region,True,Lower Mountain,Dest - New England,2.25
vans,region,True,Lower Mountain,Upper Atlantic,2.27
vans,region,True,Lower Mountain,Lower Atlantic,2.26
vans,region,True,Lower Mountain,Carolinas,2.17
vans,region,True,Lower Mountain,Florida-So Georgia,2.32
vans,region,True,Lower Mountain,Southeast,2.2
vans,region,True,Lower Mountain,Ohio River,1.93
vans,region,True,Lower Mountain,Great Lakes,1.96
vans,region,True,Lower Mountain,Upper Midwest,2.05
vans,region,True,Lower Mountain,Lower Midwest,2.09
vans,region,True,Lower Mountain,South Central,2.07
vans,region,True,Lower Mountain,Upper Mountain,2.54
vans,region,True,Lower Mountain,Lower Mountain,2.67
vans,region,True,Lower Mountain,California,1.62
vans,region,True,Lower Mountain,Pacific Northwest,2.58
vans,region,True,Lower Mountain,Canada Central,1.79
vans,region,True,Lower Mountain,Canada West,2.24
vans,region,True,California,Dest - New England,2.29
vans,region,True,California,Upper Atlantic,2.28
vans,region,True,California,Lower Atlantic,2.33
vans,region,True,California,Carolinas,2.37
vans,region,True,California,Florida-So Georgia,2.45
vans,region,True,California,Southeast,2.42
vans,region,True,California,Ohio River,2.17
vans,region,True,California,Great Lakes,2.12
vans,region,True,California,Upper Midwest,2.41
vans,region,True,California,Lower Midwest,2.42
vans,region,True,California,South Central,2.44
vans,region,True,California,Upper Mountain,3.35
vans,region,True,California,Lower Mountain,3.14
vans,region,True,California,California,2.77
vans,region,True,California,Pacific Northwest,2.93
vans,region,True,California,Canada Central,1.79
vans,region,True,California,Canada West,2.74
vans,region,True,Pacific Northwest,Dest - New England,2.12
vans,region,True,Pacific Northwest,Upper Atlantic,2.02
vans,region,True,Pacific Northwest,Lower Atlantic,2.16
vans,region,True,Pacific Northwest,Carolinas,1.85
vans,region,True,Pacific Northwest,Florida-So Georgia,2.07
vans,region,True,Pacific Northwest,Southeast,1.98
vans,region,True,Pacific Northwest,Ohio River,1.69
vans,region,True,Pacific Northwest,Great Lakes,1.76
vans,region,True,Pacific Northwest,Upper Midwest,2.14
vans,region,True,Pacific Northwest,Lower Midwest,2.04
vans,region,True,Pacific Northwest,South Central,2.0
vans,region,True,Pacific Northwest,Upper Mountain,2.48
vans,region,True,Pacific Northwest,Lower Mountain,2.09
vans,region,True,Pacific Northwest,California,1.6
vans,region,True,Pacific Northwest,Pacific Northwest,3.57
vans,region,True,Pacific Northwest,Canada Central,1.54
vans,region,True,Pacific Northwest,Canada West,2.91
vans,region,True,Canada East,Upper Atlantic,2.53
vans,region,True,Canada East,Ohio River,1.72
vans,region,True,Canada East,Great Lakes,2.05
vans,region,True,Canada East,Canada Central,1.6
vans,region,True,Canada Central,Dest - New England,3.44
vans,region,True,Canada Central,Upper Atlantic,3.32
vans,region,True,Canada Central,Lower Atlantic,3.01
vans,region,True,Canada Central,Carolinas,2.44
vans,region,True,Canada Central,Florida-So Georgia,2.51
vans,region,True,Canada Central,Southeast,2.12
vans,region,True,Canada Central,Ohio River,2.27
vans,region,True,Canada Central,Great Lakes,2.39
vans,region,True,Canada Central,Upper Midwest,2.18
vans,region,True,Canada Central,Lower Midwest,2.11
vans,region,True,Canada Central,South Central,1.66
vans,region,True,Canada Central,Upper Mountain,1.97
vans,region,True,Canada Central,Lower Mountain,1.74
vans,region,True,Canada Central,California,1.5
vans,region,True,Canada Central,Pacific Northwest,2.03
vans,region,True,Canada Central,Canada East,2.44
vans,region,True,Canada Central,Canada Central,2.17
vans,region,True,Canada Central,Canada West,2.16
vans,region,True,Canada West,Dest - New England,1.4
vans,region,True,Canada West,Upper Atlantic,1.65
vans,region,True,Canada West,Lower Atlantic,1.81
vans,region,True,Canada West,Florida-So Georgia,1.85
vans,region,True,Canada West,Southeast,1.47
vans,region,True,Canada West,Ohio River,1.5
vans,region,True,Canada West,Great Lakes,1.57
vans,region,True,Canada West,Upper Midwest,1.78
vans,region,True,Canada West,Lower Midwest,1.63
vans,region,True,Canada West,South Central,1.9
vans,region,True,Canada West,Upper Mountain,1.78
vans,region,True,Canada West,Lower Mountain,1.73
vans,region,True,Canada West,California,1.26
vans,region,True,Canada West,Pacific Northwest,2.51
vans,region,True,Canada West,Canada Central,1.38
vans,region,True,Canada West,Canada West,2.55
vans,state,False,Origin - AB,Dest - AB,2.86
vans,state,False,Origin - AB,AZ,1.01
vans,state,False,Origin - AB,BC,1.86
vans,state,False,Origin - AB,CA,0.89
vans,state,False,Origin - AB,CO,1.58
vans,state,False,Origin - AB,FL,1.38
vans,state,False,Origin - AB,GA,1.3
vans,state,False,Origin - AB,IA,1.29
vans,state,False,Origin - AB,ID,1.95
vans,state,False,Origin - AB,IL,0.91
vans,state,False,Origin - AB,IN,1.08
vans,state,False,Origin - AB,KS,1.09
vans,state,False,Origin - AB,MB,1.3
vans,state,False,Origin - AB,MI,1.31
vans,state,False,Origin - AB,MN,1.21
vans,state,False,Origin - AB,NV,0.94
vans,state,False,Origin - AB,OH,1.0
vans,state,False,Origin - AB,ON,1.15
vans,state,False,Origin - AB,OR,1.98
vans,state,False,Origin - AB,SK,2.02
vans,state,False,Origin - AB,TX,1.44
vans,state,False,Origin - AB,UT,1.61
vans,state,False,Origin - AB,WA,1.72
vans,state,False,Origin - AB,WI,1.13
vans,state,False,AL,Dest - AB,1.73
vans,state,False,AL,AL,3.22
vans,state,False,AL,AR,2.05
vans,state,False,AL,AZ,1.27
vans,state,False,AL,CA,1.22
vans,state,False,AL,CO,2.14
vans,state,False,AL,CT,2.08
vans,state,False,AL,DE,2.36
vans,state,False,AL,FL,2.87
vans,state,False,AL,GA,2.8
vans,state,False,AL,IA,1.71
vans,state,False,AL,ID,1.89
vans,state,False,AL,IL,1.53
vans,state,False,AL,IN,1.76
vans,state,False,AL,KS,1.76
vans,state,False,AL,KY,2.14
vans,state,False,AL,LA,2.19
vans,state,False,AL,MA,2.35
vans,state,False,AL,MD,2.32
vans,state,False,AL,ME,2.21
vans,state,False,AL,MI,1.74
vans,state,False,AL,MN,1.6
vans,state,False,AL,MO,1.77
vans,state,False,AL,MS,2.78
vans,state,False,AL,MT,1.86
vans,state,False,AL,NC,2.19
vans,state,False,AL,ND,1.84
vans,state,False,AL,NE,1.91
vans,state,False,AL,NH,1.94
vans,state,False,AL,NJ,2.21
vans,state,False,AL,NM,1.65
vans,state,False,AL,NV,1.6
vans,state,False,AL,NY,2.17
vans,state,False,AL,OH,1.77
vans,state,False,AL,OK,1.84
vans,state,False,AL,ON,1.16
vans,state,False,AL,OR,1.67
vans,state,False,AL,PA,2.15
vans,state,False,AL,PQ,1.41
vans,state,False,AL,RI,2.42
vans,state,False,AL,SC,2.31
vans,state,False,AL,SD,2.04
vans,state,False,AL,TN,2.72
vans,state,False,AL,TX,1.49
vans,state,False,AL,UT,1.95
vans,state,False,AL,VA,2.17
vans,state,False,AL,VT,2.69
vans,state,False,AL,WA,1.57
vans,state,False,AL,WI,1.46
vans,state,False,AL,WV,2.36
vans,state,False,AL,WY,2.33
vans,state,False,AR,AL,2.65
vans,state,False,AR,AR,3.96
vans,state,False,AR,AZ,1.69
vans,state,False,AR,CA,1.32
vans,state,False,AR,CO,2.87
vans,state,False,AR,CT,2.27
vans,state,False,AR,DE,2.66
vans,state,False,AR,FL,2.71
vans,state,False,AR,GA,2.47
vans,state,False,AR,IA,1.93
vans,state,False,AR,ID,1.88
vans,state,False,AR,IL,1.9
vans,state,False,AR,IN,1.98
vans,state,False,AR,KS,2.63
vans,state,False,AR,KY,2.12
vans,state,False,AR,LA,2.76
vans,state,False,AR,MA,2.27
vans,state,False,AR,MD,2.3
vans,state,False,AR,MI,1.86
vans,state,False,AR,MN,1.91
vans,state,False,AR,MO,2.57
vans,state,False,AR,MS,2.67
vans,state,False,AR,NC,2.13
vans,state,False,AR,ND,1.8
vans,state,False,AR,NE,2.3
vans,state,False,AR,NH,2.22
vans,state,False,AR,NJ,2.24
vans,state,False,AR,NM,2.33
vans,state,False,AR,NV,1.55
vans,state,False,AR,NY,2.25
vans,state,False,AR,OH,1.96
vans,state,False,AR,OK,2.88
vans,state,False,AR,ON,1.67
vans,state,False,AR,OR,1.79
vans,state,False,AR,PA,2.28
vans,state,False,AR,PQ,1.32
vans,state,False,AR,RI,2.56
vans,state,False,AR,SC,2.12
vans,state,False,AR,SD,2.23
vans,state,False,AR,TN,2.64
vans,state,False,AR,TX,2.15
vans,state,False,AR,UT,1.85
vans,state,False,AR,VA,2.35
vans,state,False,AR,WA,1.68
vans,state,False,AR,WI,1.79
vans,state,False,AR,WV,2.1
vans,state,False,AR,WY,2.87
vans,state,False,AZ,Dest - AB,2.39
vans,state,False,AZ,AL,1.77
vans,state,False,AZ,AR,1.9
vans,state,False,AZ,AZ,3.54
vans,state,False,AZ,BC,1.71
vans,state,False,AZ,CA,1.45
vans,state,False,AZ,CO,3.11
vans,state,False,AZ,CT,1.82
vans,state,False,AZ,FL,2.14
vans,state,False,AZ,GA,1.9
vans,state,False,AZ,IA,1.8
vans,state,False,AZ,ID,2.54
vans,state,False,AZ,IL,1.72
vans,state,False,AZ,IN,1.8
vans,state,False,AZ,KS,2.4
vans,state,False,AZ,KY,1.74
vans,state,False,AZ,LA,1.88
vans,state,False,AZ,MA,2.08
vans,state,False,AZ,MD,2.09
vans,state,False,AZ,MI,1.82
vans,state,False,AZ,MN,1.88
vans,state,False,AZ,MO,1.93
vans,state,False,AZ,MS,1.84
vans,state,False,AZ,MT,2.85
vans,state,False,AZ,NC,1.92
vans,state,False,AZ,ND,2.1
vans,state,False,AZ,NE,1.79
vans,state,False,AZ,NH,2.02
vans,state,False,AZ,NJ,2.0
vans,state,False,AZ,NM,2.82
vans,state,False,AZ,NV,2.26
vans,state,False,AZ,NY,2.07
vans,state,False,AZ,OH,1.7
vans,state,False,AZ,OK,2.34
vans,state,False,AZ,ON,1.64
vans,state,False,AZ,OR,2.35
vans,state,False,AZ,PA,2.08
vans,state,False,AZ,SC,1.76
vans,state,False,AZ,SD,2.33
vans,state,False,AZ,TN,2.17
vans,state,False,AZ,TX,1.97
vans,state,False,AZ,UT,2.54
vans,state,False,AZ,VA,1.94
vans,state,False,AZ,WA,2.19
vans,state,False,AZ,WI,1.77
vans,state,False,AZ,WY,2.66
vans,state,False,BC,Dest - AB,1.8
vans,state,False,BC,BC,3.33
vans,state,False,BC,CA,0.72
vans,state,False,BC,MB,1.51
vans,state,False,BC,MI,1.78
vans,state,False,BC,MN,1.48
vans,state,False,BC,NV,1.0
vans,state,False,BC,ON,0.99
vans,state,False,BC,OR,2.21
vans,state,False,BC,PA,1.06
vans,state,False,BC,TN,0.99
vans,state,False,BC,TX,1.14
vans,state,False,BC,UT,1.66
vans,state,False,BC,WA,3.45
vans,state,False,CA,Dest - AB,2.34
vans,state,False,CA,AL,1.98
vans,state,False,CA,AR,2.13
vans,state,False,CA,AZ,2.69
vans,state,False,CA,BC,2.54
vans,state,False,CA,CA,2.4
vans,state,False,CA,CO,2.95
vans,state,False,CA,CT,1.87
vans,state,False,CA,DE,1.96
vans,state,False,CA,FL,2.11
vans,state,False,CA,GA,1.95
vans,state,False,CA,IA,2.11
vans,state,False,CA,ID,2.65
vans,state,False,CA,IL,1.77
vans,state,False,CA,IN,1.86
vans,state,False,CA,KS,2.21
vans,state,False,CA,KY,1.84
vans,state,False,CA,LA,2.05
vans,state,False,CA,MA,1.97
vans,state,False,CA,MB,2.16
vans,state,False,CA,MD,1.99
vans,state,False,CA,ME,1.85
vans,state,False,CA,MI,1.8
vans,state,False,CA,MN,2.0
vans,state,False,CA,MO,1.94
vans,state,False,CA,MS,2.14
vans,state,False,CA,MT,2.81
vans,state,False,CA,NC,1.94
vans,state,False,CA,ND,2.02
vans,state,False,CA,NE,2.31
vans,state,False,CA,NH,1.88
vans,state,False,CA,NJ,1.93
vans,state,False,CA,NM,2.8
vans,state,False,CA,NV,3.09
vans,state,False,CA,NY,1.91
vans,state,False,CA,OH,1.74
vans,state,False,CA,OK,2.39
vans,state,False,CA,ON,1.43
vans,state,False,CA,OR,2.63
vans,state,False,CA,PA,1.9
vans,state,False,CA,PQ,1.4
vans,state,False,CA,RI,1.9
vans,state,False,CA,SC,2.08
vans,state,False,CA,SD,2.17
vans,state,False,CA,TN,2.17
vans,state,False,CA,TX,2.06
vans,state,False,CA,UT,2.74
vans,state,False,CA,VA,1.97
vans,state,False,CA,VT,2.12
vans,state,False,CA,WA,2.52
vans,state,False,CA,WI,1.68
vans,state,False,CA,WV,1.75
vans,state,False,CA,WY,3.13
vans,state,False,CO,Dest - AB,1.99
vans,state,False,CO,AL,1.35
vans,state,False,CO,AR,1.49
vans,state,False,CO,AZ,1.05
vans,state,False,CO,CA,1.01
vans,state,False,CO,CO,3.41
vans,state,False,CO,FL,1.57
vans,state,False,CO,GA,1.55
vans,state,False,CO,IA,1.22
vans,state,False,CO,ID,1.88
vans,state,False,CO,IL,0.97
vans,state,False,CO,IN,1.37
vans,state,False,CO,KS,1.29
vans,state,False,CO,KY,1.19
vans,state,False,CO,LA,1.31
vans,state,False,CO,MA,1.69
vans,state,False,CO,MD,1.7
vans,state,False,CO,MI,1.44
vans,state,False,CO,MN,1.27
vans,state,False,CO,MO,1.01
vans,state,False,CO,MS,1.38
vans,state,False,CO,MT,2.67
vans,state,False,CO,NC,1.56
vans,state,False,CO,ND,1.86
vans,state,False,CO,NE,1.7
vans,state,False,CO,NJ,1.66
vans,state,False,CO,NM,1.93
vans,state,False,CO,NV,1.25
vans,state,False,CO,NY,1.75
vans,state,False,CO,OH,1.25
vans,state,False,CO,OK,1.01
vans,state,False,CO,ON,1.33
vans,state,False,CO,OR,1.97
vans,state,False,CO,PA,1.59
vans,state,False,CO,PQ,1.23
vans,state,False,CO,RI,1.69
vans,state,False,CO,SC,1.14
vans,state,False,CO,SD,1.7
vans,state,False,CO,TN,1.3
vans,state,False,CO,TX,1.07
vans,state,False,CO,UT,1.4
vans,state,False,CO,VA,1.58
vans,state,False,CO,WA,2.11
vans,state,False,CO,WI,1.16
vans,state,False,CO,WY,2.78
vans,state,False,CT,AL,1.63
vans,state,False,CT,AR,1.28
vans,state,False,CT,AZ,1.12
vans,state,False,CT,CA,0.99
vans,state,False,CT,CO,1.27
vans,state,False,CT,FL,1.97
vans,state,False,CT,GA,1.51
vans,state,False,CT,IA,1.53
vans,state,False,CT,ID,1.37
vans,state,False,CT,IL,1.24
vans,state,False,CT,IN,1.37
vans,state,False,CT,KS,1.66
vans,state,False,CT,KY,1.26
vans,state,False,CT,MA,4.22
vans,state,False,CT,MD,2.37
vans,state,False,CT,ME,3.71
vans,state,False,CT,MI,1.22
vans,state,False,CT,MN,1.36
vans,state,False,CT,MO,1.43
vans,state,False,CT,MS,1.36
vans,state,False,CT,NC,1.61
vans,state,False,CT,NE,1.41
vans,state,False,CT,NH,3.82
vans,state,False,CT,NJ,2.96
vans,state,False,CT,NV,1.28
vans,state,False,CT,NY,2.97
vans,state,False,CT,OH,1.25
vans,state,False,CT,OK,1.36
vans,state,False,CT,ON,1.37
vans,state,False,CT,PA,2.35
vans,state,False,CT,PQ,1.67
vans,state,False,CT,SC,1.59
vans,state,False,CT,TN,1.52
vans,state,False,CT,TX,1.31
vans,state,False,CT,UT,1.42
vans,state,False,CT,VA,1.97
vans,state,False,CT,VT,3.42
vans,state,False,CT,WA,1.17
vans,state,False,CT,WI,1.28
vans,state,False,DE,AL,1.87
vans,state,False,DE,AZ,1.28
vans,state,False,DE,CA,0.95
vans,state,False,DE,CT,5.34
vans,state,False,DE,FL,2.24
vans,state,False,DE,GA,1.99
vans,state,False,DE,IA,1.6
vans,state,False,DE,IL,1.46
vans,state,False,DE,IN,1.54
vans,state,False,DE,KS,1.61
vans,state,False,DE,KY,1.74
vans,state,False,DE,MA,4.43
vans,state,False,DE,ME,3.46
vans,state,False,DE,MI,1.67
vans,state,False,DE,MN,1.69
vans,state,False,DE,MO,1.47
vans,state,False,DE,NC,2.12
vans,state,False,DE,NE,1.59
vans,state,False,DE,NH,3.68
vans,state,False,DE,NJ,4.72
vans,state,False,DE,NV,1.21
vans,state,False,DE,NY,4.26
vans,state,False,DE,OH,1.97
vans,state,False,DE,ON,1.92
vans,state,False,DE,OR,1.12
vans,state,False,DE,PA,3.66
vans,state,False,DE,RI,4.99
vans,state,False,DE,SC,1.82
vans,state,False,DE,TN,1.91
vans,state,False,DE,TX,1.14
vans,state,False,DE,VA,3.38
vans,state,False,DE,WA,1.28
vans,state,False,DE,WI,1.4
vans,state,False,DE,WV,3.96
vans,state,False,FL,Dest - AB,1.49
vans,state,False,FL,AL,1.04
vans,state,False,FL,AR,1.04
vans,state,False,FL,AZ,1.12
vans,state,False,FL,CA,0.86
vans,state,False,FL,CO,1.69
vans,state,False,FL,CT,1.36
vans,state,False,FL,DE,1.36
vans,state,False,FL,FL,2.53
vans,state,False,FL,GA,0.94
vans,state,False,FL,IA,1.11
vans,state,False,FL,ID,1.24
vans,state,False,FL,IL,0.85
vans,state,False,FL,IN,1.13
vans,state,False,FL,KS,1.51
vans,state,False,FL,KY,0.98
vans,state,False,FL,LA,1.1
vans,state,False,FL,MA,1.59
vans,state,False,FL,MD,1.38
vans,state,False,FL,ME,1.63
vans,state,False,FL,MI,0.99
vans,state,False,FL,MN,1.1
vans,state,False,FL,MO,1.03
vans,state,False,FL,MS,1.06
vans,state,False,FL,MT,1.3
vans,state,False,FL,NC,1.1
vans,state,False,FL,NE,1.06
vans,state,False,FL,NH,1.52
vans,state,False,FL,NJ,1.32
vans,state,False,FL,NM,1.26
vans,state,False,FL,NV,1.17
vans,state,False,FL,NY,1.42
vans,state,False,FL,OH,1.07
vans,state,False,FL,OK,1.05
vans,state,False,FL,ON,0.97
vans,state,False,FL,OR,1.28
vans,state,False,FL,PA,1.23
vans,state,False,FL,PQ,1.12
vans,state,False,FL,RI,1.34
vans,state,False,FL,SC,1.12
vans,state,False,FL,SD,1.23
vans,state,False,FL,TN,1.04
vans,state,False,FL,TX,0.93
vans,state,False,FL,UT,1.23
vans,state,False,FL,VA,1.24
vans,state,False,FL,WA,1.24
vans,state,False,FL,WI,0.94
vans,state,False,FL,WV,1.26
vans,state,False,GA,Dest - AB,1.51
vans,state,False,GA,AL,2.85
vans,state,False,GA,AR,1.62
vans,state,False,GA,AZ,1.24
vans,state,False,GA,BC,1.45
vans,state,False,GA,CA,0.96
vans,state,False,GA,CO,2.05
vans,state,False,GA,CT,2.11
vans,state,False,GA,DE,2.04
vans,state,False,GA,FL,2.91
vans,state,False,GA,GA,2.79
vans,state,False,GA,IA,1.49
vans,state,False,GA,ID,1.53
vans,state,False,GA,IL,1.27
vans,state,False,GA,IN,1.45
vans,state,False,GA,KS,1.61
vans,state,False,GA,KY,1.76
vans,state,False,GA,LA,1.86
vans,state,False,GA,MA,2.09
vans,state,False,GA,MB,1.54
vans,state,False,GA,MD,2.12
vans,state,False,GA,ME,2.03
vans,state,False,GA,MI,1.48
vans,state,False,GA,MN,1.38
vans,state,False,GA,MO,1.53
vans,state,False,GA,MS,1.94
vans,state,False,GA,MT,1.76
vans,state,False,GA,NB,2.15
vans,state,False,GA,NC,2.39
vans,state,False,GA,ND,1.57
vans,state,False,GA,NE,1.48
vans,state,False,GA,NH,2.05
vans,state,False,GA,NJ,1.93
vans,state,False,GA,NM,1.46
vans,state,False,GA,NV,1.41
vans,state,False,GA,NY,2.05
vans,state,False,GA,OH,1.57
vans,state,False,GA,OK,1.67
vans,state,False,GA,ON,1.34
vans,state,False,GA,OR,1.46
vans,state,False,GA,PA,1.99
vans,state,False,GA,PQ,1.1
vans,state,False,GA,RI,2.06
vans,state,False,GA,SC,2.92
vans,state,False,GA,SD,1.58
vans,state,False,GA,SK,1.42
vans,state,False,GA,TN,2.07
vans,state,False,GA,TX,1.32
vans,state,False,GA,UT,1.46
vans,state,False,GA,VA,2.24
vans,state,False,GA,VT,1.97
vans,state,False,GA,WA,1.52
vans,state,False,GA,WI,1.32
vans,state,False,GA,WV,2.28
vans,state,False,GA,WY,1.71
vans,state,False,IA,Dest - AB,2.13
vans,state,False,IA,AL,2.24
vans,state,False,IA,AR,2.52
vans,state,False,IA,AZ,1.74
vans,state,False,IA,BC,2.06
vans,state,False,IA,CA,1.55
vans,state,False,IA,CO,3.17
vans,state,False,IA,CT,2.56
vans,state,False,IA,DE,2.67
vans,state,False,IA,FL,2.56
vans,state,False,IA,GA,2.59
vans,state,False,IA,IA,3.01
vans,state,False,IA,ID,2.03
vans,state,False,IA,IL,2.59
vans,state,False,IA,IN,2.59
vans,state,False,IA,KS,3.31
vans,state,False,IA,KY,2.52
vans,state,False,IA,LA,2.25
vans,state,False,IA,MA,2.53
vans,state,False,IA,MB,2.34
vans,state,False,IA,MD,2.56
vans,state,False,IA,ME,2.5
vans,state,False,IA,MI,2.5
vans,state,False,IA,MN,2.86
vans,state,False,IA,MO,2.98
vans,state,False,IA,MS,2.3
vans,state,False,IA,MT,2.97
vans,state,False,IA,NC,2.33
vans,state,False,IA,ND,2.62
vans,state,False,IA,NE,3.35
vans,state,False,IA,NH,2.68
vans,state,False,IA,NJ,2.62
vans,state,False,IA,NM,2.39
vans,state,False,IA,NV,1.84
vans,state,False,IA,NY,2.64
vans,state,False,IA,OH,2.45
vans,state,False,IA,OK,2.66
vans,state,False,IA,ON,1.67
vans,state,False,IA,OR,2.03
vans,state,False,IA,PA,2.66
vans,state,False,IA,PQ,1.39
vans,state,False,IA,RI,2.41
vans,state,False,IA,SC,2.41
vans,state,False,IA,SD,3.0
vans,state,False,IA,TN,2.57
vans,state,False,IA,TX,2.13
vans,state,False,IA,UT,2.21
vans,state,False,IA,VA,2.65
vans,state,False,IA,WA,2.01
vans,state,False,IA,WI,2.59
vans,state,False,IA,WV,2.44
vans,state,False,IA,WY,3.67
vans,state,False,ID,AL,1.76
vans,state,False,ID,AR,1.98
vans,state,False,ID,AZ,1.74
vans,state,False,ID,CA,1.61
vans,state,False,ID,CO,2.89
vans,state,False,ID,FL,2.11
vans,state,False,ID,GA,2.07
vans,state,False,ID,IA,1.93
vans,state,False,ID,ID,2.9
vans,state,False,ID,IL,1.94
vans,state,False,ID,IN,1.91
vans,state,False,ID,KS,2.19
vans,state,False,ID,KY,1.89
vans,state,False,ID,LA,2.2
vans,state,False,ID,MA,2.19
vans,state,False,ID,MD,2.41
vans,state,False,ID,MI,2.24
vans,state,False,ID,MN,2.05
vans,state,False,ID,MO,1.88
vans,state,False,ID,MS,1.95
vans,state,False,ID,MT,3.86
vans,state,False,ID,NC,1.83
vans,state,False,ID,NE,2.08
vans,state,False,ID,NJ,1.97
vans,state,False,ID,NM,2.33
vans,state,False,ID,NV,1.82
vans,state,False,ID,NY,2.19
vans,state,False,ID,OH,1.97
vans,state,False,ID,OK,1.98
vans,state,False,ID,ON,2.0
vans,state,False,ID,OR,2.47
vans,state,False,ID,PA,2.05
vans,state,False,ID,PQ,1.08
vans,state,False,ID,SC,1.84
vans,state,False,ID,SD,2.65
vans,state,False,ID,TN,2.08
vans,state,False,ID,TX,1.96
vans,state,False,ID,UT,2.56
vans,state,False,ID,VA,2.12
vans,state,False,ID,WA,2.65
vans,state,False,ID,WI,1.94
vans,state,False,ID,WY,3.08
vans,state,False,IL,Dest - AB,1.7
vans,state,False,IL,AL,2.8
vans,state,False,IL,AR,2.61
vans,state,False,IL,AZ,1.56
vans,state,False,IL,BC,1.64
vans,state,False,IL,CA,1.21
vans,state,False,IL,CO,2.87
vans,state,False,IL,CT,2.84
vans,state,False,IL,DE,2.83
vans,state,False,IL,FL,2.65
vans,state,False,IL,GA,2.73
vans,state,False,IL,IA,3.29
vans,state,False,IL,ID,1.83
vans,state,False,IL,IL,3.45
vans,state,False,IL,IN,3.79
vans,state,False,IL,KS,2.7
vans,state,False,IL,KY,3.42
vans,state,False,IL,LA,2.55
vans,state,False,IL,MA,2.76
vans,state,False,IL,MB,2.0
vans,state,False,IL,MD,3.15
vans,state,False,IL,ME,2.69
vans,state,False,IL,MI,3.53
vans,state,False,IL,MN,2.52
vans,state,False,IL,MO,2.95
vans,state,False,IL,MS,2.47
vans,state,False,IL,MT,2.38
vans,state,False,IL,NB,2.1
vans,state,False,IL,NC,2.63
vans,state,False,IL,ND,2.44
vans,state,False,IL,NE,2.59
vans,state,False,IL,NH,2.67
vans,state,False,IL,NJ,2.66
vans,state,False,IL,NM,1.93
vans,state,False,IL,NV,1.59
vans,state,False,IL,NY,2.97
vans,state,False,IL,OH,3.3
vans,state,False,IL,OK,2.44
vans,state,False,IL,ON,1.51
vans,state,False,IL,OR,1.58
vans,state,False,IL,PA,2.98
vans,state,False,IL,PQ,1.46
vans,state,False,IL,RI,2.62
vans,state,False,IL,SC,2.61
vans,state,False,IL,SD,2.53
vans,state,False,IL,SK,2.04
vans,state,False,IL,TN,2.84
vans,state,False,IL,TX,1.87
vans,state,False,IL,UT,1.94
vans,state,False,IL,VA,2.98
vans,state,False,IL,VT,2.86
vans,state,False,IL,WA,1.56
vans,state,False,IL,WI,2.97
vans,state,False,IL,WV,3.12
vans,state,False,IL,WY,2.58
vans,state,False,IN,Dest - AB,1.82
vans,state,False,IN,AL,2.8
vans,state,False,IN,AR,2.29
vans,state,False,IN,AZ,1.41
vans,state,False,IN,BC,1.72
vans,state,False,IN,CA,1.14
vans,state,False,IN,CO,2.58
vans,state,False,IN,CT,3.0
vans,state,False,IN,DE,3.06
vans,state,False,IN,FL,2.8
vans,state,False,IN,GA,2.78
vans,state,False,IN,IA,2.43
vans,state,False,IN,ID,1.78
vans,state,False,IN,IL,2.92
vans,state,False,IN,IN,3.61
vans,state,False,IN,KS,2.22
vans,state,False,IN,KY,3.33
vans,state,False,IN,LA,2.45
vans,state,False,IN,MA,2.86
vans,state,False,IN,MB,2.13
vans,state,False,IN,MD,3.11
vans,state,False,IN,ME,2.94
vans,state,False,IN,MI,2.78
vans,state,False,IN,MN,1.99
vans,state,False,IN,MO,2.49
vans,state,False,IN,MS,2.39
vans,state,False,IN,MT,2.16
vans,state,False,IN,NC,2.76
vans,state,False,IN,ND,1.95
vans,state,False,IN,NE,2.21
vans,state,False,IN,NH,2.75
vans,state,False,IN,NJ,2.61
vans,state,False,IN,NM,1.75
vans,state,False,IN,NV,1.46
vans,state,False,IN,NY,2.98
vans,state,False,IN,OH,3.29
vans,state,False,IN,OK,2.28
vans,state,False,IN,ON,1.72
vans,state,False,IN,OR,1.61
vans,state,False,IN,PA,2.96
vans,state,False,IN,PQ,1.46
vans,state,False,IN,RI,2.94
vans,state,False,IN,SC,2.76
vans,state,False,IN,SD,2.32
vans,state,False,IN,SK,2.19
vans,state,False,IN,TN,2.79
vans,state,False,IN,TX,1.7
vans,state,False,IN,UT,1.83
vans,state,False,IN,VA,3.19
vans,state,False,IN,VT,3.15
vans,state,False,IN,WA,1.67
vans,state,False,IN,WI,2.34
vans,state,False,IN,WV,3.72
vans,state,False,IN,WY,2.65
vans,state,False,KS,Dest - AB,1.75
vans,state,False,KS,AL,2.11
vans,state,False,KS,AR,2.56
vans,state,False,KS,AZ,1.77
vans,state,False,KS,BC,1.87
vans,state,False,KS,CA,1.38
vans,state,False,KS,CO,3.13
vans,state,False,KS,CT,2.17
vans,state,False,KS,DE,1.97
vans,state,False,KS,FL,2.24
vans,state,False,KS,GA,2.08
vans,state,False,KS,IA,2.34
vans,state,False,KS,ID,1.98
vans,state,False,KS,IL,1.76
vans,state,False,KS,IN,1.83
vans,state,False,KS,KS,3.58
vans,state,False,KS,KY,2.06
vans,state,False,KS,LA,2.28
vans,state,False,KS,MA,2.23
vans,state,False,KS,MD,2.4
vans,state,False,KS,ME,2.3
vans,state,False,KS,MI,1.82
vans,state,False,KS,MN,1.97
vans,state,False,KS,MO,3.0
vans,state,False,KS,MS,1.97
vans,state,False,KS,MT,2.82
vans,state,False,KS,NC,2.09
vans,state,False,KS,ND,2.66
vans,state,False,KS,NE,3.43
vans,state,False,KS,NH,2.66
vans,state,False,KS,NJ,2.17
vans,state,False,KS,NM,2.78
vans,state,False,KS,NV,1.8
vans,state,False,KS,NY,2.15
vans,state,False,KS,OH,1.8
vans,state,False,KS,OK,2.99
vans,state,False,KS,ON,1.29
vans,state,False,KS,OR,1.96
vans,state,False,KS,PA,2.13
vans,state,False,KS,PQ,1.13
vans,state,False,KS,SC,2.07
vans,state,False,KS,SD,2.56
vans,state,False,KS,TN,1.93
vans,state,False,KS,TX,2.01
vans,state,False,KS,UT,2.27
vans,state,False,KS,VA,2.2
vans,state,False,KS,VT,2.54
vans,state,False,KS,WA,2.04
vans,state,False,KS,WI,1.78
vans,state,False,KS,WV,2.32
vans,state,False,KS,WY,3.23
vans,state,False,KY,Dest - AB,1.92
vans,state,False,KY,AL,3.08
vans,state,False,KY,AR,2.28
vans,state,False,KY,AZ,1.44
vans,state,False,KY,BC,1.69
vans,state,False,KY,CA,1.24
vans,state,False,KY,CO,2.44
vans,state,False,KY,CT,2.77
vans,state,False,KY,DE,3.16
vans,state,False,KY,FL,2.88
vans,state,False,KY,GA,3.01
vans,state,False,KY,IA,2.17
vans,state,False,KY,ID,1.77
vans,state,False,KY,IL,2.21
vans,state,False,KY,IN,2.89
vans,state,False,KY,KS,2.11
vans,state,False,KY,KY,3.56
vans,state,False,KY,LA,2.34
vans,state,False,KY,MA,2.74
vans,state,False,KY,MB,2.27
vans,state,False,KY,MD,3.06
vans,state,False,KY,ME,2.77
vans,state,False,KY,MI,2.3
vans,state,False,KY,MN,1.92
vans,state,False,KY,MO,2.29
vans,state,False,KY,MS,2.52
vans,state,False,KY,MT,2.09
vans,state,False,KY,NC,2.81
vans,state,False,KY,ND,1.92
vans,state,False,KY,NE,2.3
vans,state,False,KY,NH,2.6
vans,state,False,KY,NJ,2.75
vans,state,False,KY,NM,2.09
vans,state,False,KY,NV,1.45
vans,state,False,KY,NY,3.08
vans,state,False,KY,OH,2.82
vans,state,False,KY,OK,2.35
vans,state,False,KY,ON,1.73
vans,state,False,KY,OR,1.72
vans,state,False,KY,PA,2.96
vans,state,False,KY,PQ,1.34
vans,state,False,KY,RI,2.94
vans,state,False,KY,SC,2.9
vans,state,False,KY,SD,2.66
vans,state,False,KY,TN,3.28
vans,state,False,KY,TX,1.72
vans,state,False,KY,UT,1.87
vans,state,False,KY,VA,3.38
vans,state,False,KY,VT,2.96
vans,state,False,KY,WA,1.95
vans,state,False,KY,WI,1.9
vans,state,False,KY,WV,3.71
vans,state,False,KY,WY,2.53
vans,state,False,LA,Dest - AB,1.99
vans,state,False,LA,AL,2.46
vans,state,False,LA,AR,2.47
vans,state,False,LA,AZ,1.46
vans,state,False,LA,CA,1.28
vans,state,False,LA,CO,2.09
vans,state,False,LA,CT,2.07
vans,state,False,LA,DE,2.17
vans,state,False,LA,FL,2.72
vans,state,False,LA,GA,2.22
vans,state,False,LA,IA,1.81
vans,state,False,LA,ID,1.76
vans,state,False,LA,IL,1.62
vans,state,False,LA,IN,1.72
vans,state,False,LA,KS,1.97
vans,state,False,LA,KY,1.83
vans,state,False,LA,LA,3.1
vans,state,False,LA,MA,2.07
vans,state,False,LA,MD,2.09
vans,state,False,LA,MI,1.66
vans,state,False,LA,MN,1.6
vans,state,False,LA,MO,1.8
vans,state,False,LA,MS,3.18
vans,state,False,LA,NC,2.0
vans,state,False,LA,ND,1.98
vans,state,False,LA,NE,1.88
vans,state,False,LA,NJ,1.94
vans,state,False,LA,NM,1.5
vans,state,False,LA,NV,1.68
vans,state,False,LA,NY,1.99
vans,state,False,LA,OH,1.74
vans,state,False,LA,OK,2.12
vans,state,False,LA,ON,1.37
vans,state,False,LA,OR,1.63
vans,state,False,LA,PA,2.0
vans,state,False,LA,PQ,1.46
vans,state,False,LA,RI,2.05
vans,state,False,LA,SC,2.1
vans,state,False,LA,TN,2.04
vans,state,False,LA,TX,1.95
vans,state,False,LA,UT,1.69
vans,state,False,LA,VA,2.17
vans,state,False,LA,WA,1.63
vans,state,False,LA,WI,1.62
vans,state,False,LA,WV,2.0
vans,state,False,MA,AL,1.54
vans,state,False,MA,AR,1.39
vans,state,False,MA,AZ,1.28
vans,state,False,MA,CA,1.01
vans,state,False,MA,CO,1.95
vans,state,False,MA,CT,3.24
vans,state,False,MA,DE,2.33
vans,state,False,MA,FL,1.86
vans,state,False,MA,GA,1.69
vans,state,False,MA,IA,1.86
vans,state,False,MA,ID,1.52
vans,state,False,MA,IL,1.12
vans,state,False,MA,IN,1.33
vans,state,False,MA,KS,1.39
vans,state,False,MA,KY,1.28
vans,state,False,MA,LA,1.39
vans,state,False,MA,MD,2.01
vans,state,False,MA,ME,3.47
vans,state,False,MA,MI,1.31
vans,state,False,MA,MN,1.31
vans,state,False,MA,MO,1.32
vans,state,False,MA,MS,1.31
vans,state,False,MA,NC,1.61
vans,state,False,MA,NE,1.01
vans,state,False,MA,NH,3.79
vans,state,False,MA,NJ,2.48
vans,state,False,MA,NV,1.23
vans,state,False,MA,NY,2.79
vans,state,False,MA,OH,1.13
vans,state,False,MA,OK,1.26
vans,state,False,MA,ON,1.53
vans,state,False,MA,OR,1.22
vans,state,False,MA,PA,1.95
vans,state,False,MA,PQ,1.72
vans,state,False,MA,SC,1.57
vans,state,False,MA,TN,1.58
vans,state,False,MA,TX,1.17
vans,state,False,MA,UT,1.54
vans,state,False,MA,VA,1.86
vans,state,False,MA,VT,3.72
vans,state,False,MA,WA,1.44
vans,state,False,MA,WI,1.21
vans,state,False,MA,WV,1.57
vans,state,False,MB,Dest - AB,2.0
vans,state,False,MB,CA,1.39
vans,state,False,MB,IA,1.97
vans,state,False,MB,IL,1.59
vans,state,False,MB,KY,0.98
vans,state,False,MB,MN,2.2
vans,state,False,MB,ON,1.07
vans,state,False,MB,PA,1.63
vans,state,False,MB,SK,2.74
vans,state,False,MB,TX,2.04
vans,state,False,MB,WI,1.61
vans,state,False,MD,AL,1.71
vans,state,False,MD,AR,1.47
vans,state,False,MD,AZ,1.15
vans,state,False,MD,CA,0.94
vans,state,False,MD,CO,1.88
vans,state,False,MD,CT,4.4
vans,state,False,MD,FL,2.37
vans,state,False,MD,GA,1.84
vans,state,False,MD,IA,1.49
vans,state,False,MD,IL,1.41
vans,state,False,MD,IN,1.45
vans,state,False,MD,KS,1.58
vans,state,False,MD,KY,1.52
vans,state,False,MD,LA,1.59
vans,state,False,MD,MA,3.98
vans,state,False,MD,MD,4.43
vans,state,False,MD,ME,3.54
vans,state,False,MD,MI,1.54
vans,state,False,MD,MN,1.5
vans,state,False,MD,MO,1.46
vans,state,False,MD,MS,1.49
vans,state,False,MD,NC,2.3
vans,state,False,MD,ND,1.43
vans,state,False,MD,NE,1.44
vans,state,False,MD,NH,3.83
vans,state,False,MD,NJ,3.91
vans,state,False,MD,NV,1.25
vans,state,False,MD,NY,3.81
vans,state,False,MD,OH,1.88
vans,state,False,MD,OK,1.47
vans,state,False,MD,ON,1.81
vans,state,False,MD,OR,1.38
vans,state,False,MD,PA,3.81
vans,state,False,MD,PQ,1.57
vans,state,False,MD,RI,3.86
vans,state,False,MD,SC,2.06
vans,state,False,MD,SD,1.39
vans,state,False,MD,TN,1.62
vans,state,False,MD,TX,1.26
vans,state,False,MD,UT,1.45
vans,state,False,MD,VA,3.3
vans,state,False,MD,VT,3.35
vans,state,False,MD,WA,1.67
vans,state,False,MD,WI,1.43
vans,state,False,MD,WV,2.54
vans,state,False,ME,AL,1.68
vans,state,False,ME,AR,1.49
vans,state,False,ME,AZ,1.42
vans,state,False,ME,CA,1.29
vans,state,False,ME,CT,4.07
vans,state,False,ME,FL,1.96
vans,state,False,ME,GA,1.62
vans,state,False,ME,IL,1.27
vans,state,False,ME,IN,1.49
vans,state,False,ME,KY,1.46
vans,state,False,ME,MA,4.09
vans,state,False,ME,MD,2.18
vans,state,False,ME,ME,3.05
vans,state,False,ME,MI,1.46
vans,state,False,ME,MN,1.52
vans,state,False,ME,NC,1.89
vans,state,False,ME,NJ,2.47
vans,state,False,ME,NY,2.86
vans,state,False,ME,OH,1.42
vans,state,False,ME,OK,1.6
vans,state,False,ME,ON,1.74
vans,state,False,ME,PA,2.15
vans,state,False,ME,RI,4.24
vans,state,False,ME,SC,1.86
vans,state,False,ME,TN,1.4
vans,state,False,ME,TX,1.42
vans,state,False,ME,UT,1.49
vans,state,False,ME,VA,2.1
vans,state,False,ME,WI,1.43
vans,state,False,ME,WV,2.01
vans,state,False,MI,Dest - AB,2.38
vans,state,False,MI,AL,2.34
vans,state,False,MI,AR,2.08
vans,state,False,MI,AZ,1.49
vans,state,False,MI,CA,1.31
vans,state,False,MI,CO,2.65
vans,state,False,MI,CT,3.1
vans,state,False,MI,DE,2.88
vans,state,False,MI,FL,2.54
vans,state,False,MI,GA,2.54
vans,state,False,MI,IA,2.25
vans,state,False,MI,ID,1.65
vans,state,False,MI,IL,2.66
vans,state,False,MI,IN,2.7
vans,state,False,MI,KS,2.2
vans,state,False,MI,KY,2.44
vans,state,False,MI,LA,2.01
vans,state,False,MI,MA,2.94
vans,state,False,MI,MB,1.88
vans,state,False,MI,MD,3.02
vans,state,False,MI,ME,3.07
vans,state,False,MI,MI,2.98
vans,state,False,MI,MN,2.11
vans,state,False,MI,MO,2.21
vans,state,False,MI,MS,2.14
vans,state,False,MI,NC,2.59
vans,state,False,MI,ND,2.09
vans,state,False,MI,NE,2.21
vans,state,False,MI,NH,2.78
vans,state,False,MI,NJ,2.69
vans,state,False,MI,NM,1.77
vans,state,False,MI,NV,1.58
vans,state,False,MI,NY,3.15
vans,state,False,MI,OH,3.08
vans,state,False,MI,OK,2.38
vans,state,False,MI,ON,2.25
vans,state,False,MI,OR,1.71
vans,state,False,MI,PA,3.03
vans,state,False,MI,PQ,1.94
vans,state,False,MI,RI,3.0
vans,state,False,MI,SC,2.37
vans,state,False,MI,SD,2.34
vans,state,False,MI,SK,1.83
vans,state,False,MI,TN,2.33
vans,state,False,MI,TX,1.45
vans,state,False,MI,UT,1.82
vans,state,False,MI,VA,2.95
vans,state,False,MI,VT,3.32
vans,state,False,MI,WA,1.64
vans,state,False,MI,WI,2.18
vans,state,False,MI,WV,3.38
vans,state,False,MN,Dest - AB,1.77
vans,state,False,MN,AL,2.11
vans,state,False,MN,AR,2.4
vans,state,False,MN,AZ,1.85
vans,state,False,MN,BC,1.8
vans,state,False,MN,CA,1.61
vans,state,False,MN,CO,3.07
vans,state,False,MN,CT,2.5
vans,state,False,MN,FL,2.3
vans,state,False,MN,GA,2.24
vans,state,False,MN,IA,3.16
vans,state,False,MN,ID,2.12
vans,state,False,MN,IL,2.26
vans,state,False,MN,IN,2.32
vans,state,False,MN,KS,2.7
vans,state,False,MN,KY,2.31
vans,state,False,MN,LA,2.14
vans,state,False,MN,MA,2.44
vans,state,False,MN,MB,3.0
vans,state,False,MN,MD,2.55
vans,state,False,MN,ME,2.32
vans,state,False,MN,MI,2.3
vans,state,False,MN,MN,3.4
vans,state,False,MN,MO,2.51
vans,state,False,MN,MS,2.5
vans,state,False,MN,MT,2.98
vans,state,False,MN,NC,2.3
vans,state,False,MN,ND,3.12
vans,state,False,MN,NE,2.78
vans,state,False,MN,NH,2.49
vans,state,False,MN,NJ,2.44
vans,state,False,MN,NM,2.1
vans,state,False,MN,NV,1.88
vans,state,False,MN,NY,2.59
vans,state,False,MN,OH,2.19
vans,state,False,MN,OK,2.47
vans,state,False,MN,ON,1.3
vans,state,False,MN,OR,2.2
vans,state,False,MN,PA,2.59
vans,state,False,MN,PQ,1.35
vans,state,False,MN,RI,2.38
vans,state,False,MN,SC,2.29
vans,state,False,MN,SD,3.25
vans,state,False,MN,TN,2.34
vans,state,False,MN,TX,2.07
vans,state,False,MN,UT,2.16
vans,state,False,MN,VA,2.44
vans,state,False,MN,VT,2.62
vans,state,False,MN,WA,2.13
vans,state,False,MN,WI,2.62
vans,state,False,MN,WV,2.57
vans,state,False,MN,WY,3.32
vans,state,False,MO,Dest - AB,1.88
vans,state,False,MO,AL,2.26
vans,state,False,MO,AR,2.83
vans,state,False,MO,AZ,1.58
vans,state,False,MO,BC,1.98
vans,state,False,MO,CA,1.4
vans,state,False,MO,CO,3.06
vans,state,False,MO,CT,2.37
vans,state,False,MO,DE,2.2
vans,state,False,MO,FL,2.5
vans,state,False,MO,GA,2.33
vans,state,False,MO,IA,2.55
vans,state,False,MO,ID,1.93
vans,state,False,MO,IL,2.04
vans,state,False,MO,IN,2.06
vans,state,False,MO,KS,3.16
vans,state,False,MO,KY,2.33
vans,state,False,MO,LA,2.37
vans,state,False,MO,MA,2.36
vans,state,False,MO,MB,2.3
vans,state,False,MO,MD,2.33
vans,state,False,MO,MI,1.9
vans,state,False,MO,MN,2.06
vans,state,False,MO,MO,3.14
vans,state,False,MO,MS,2.26
vans,state,False,MO,MT,2.54
vans,state,False,MO,NC,2.28
vans,state,False,MO,ND,2.13
vans,state,False,MO,NE,3.05
vans,state,False,MO,NH,1.96
vans,state,False,MO,NJ,2.4
vans,state,False,MO,NM,2.6
vans,state,False,MO,NV,1.61
vans,state,False,MO,NY,2.46
vans,state,False,MO,OH,2.05
vans,state,False,MO,OK,2.83
vans,state,False,MO,ON,1.58
vans,state,False,MO,OR,1.92
vans,state,False,MO,PA,2.32
vans,state,False,MO,PQ,1.4
vans,state,False,MO,SC,2.18
vans,state,False,MO,SD,2.74
vans,state,False,MO,SK,1.97
vans,state,False,MO,TN,2.28
vans,state,False,MO,TX,2.02
vans,state,False,MO,UT,2.02
vans,state,False,MO,VA,2.58
vans,state,False,MO,WA,1.89
vans,state,False,MO,WI,1.87
vans,state,False,MO,WV,2.44
vans,state,False,MO,WY,3.19
vans,state,False,MS,Dest - AB,1.76
vans,state,False,MS,AL,3.23
vans,state,False,MS,AR,2.61
vans,state,False,MS,AZ,1.44
vans,state,False,MS,CA,1.28
vans,state,False,MS,CO,2.29
vans,state,False,MS,CT,2.38
vans,state,False,MS,FL,2.9
vans,state,False,MS,GA,2.6
vans,state,False,MS,IA,1.95
vans,state,False,MS,ID,1.86
vans,state,False,MS,IL,1.76
vans,state,False,MS,IN,1.92
vans,state,False,MS,KS,2.13
vans,state,False,MS,KY,2.31
vans,state,False,MS,LA,3.27
vans,state,False,MS,MA,2.19
vans,state,False,MS,MD,2.46
vans,state,False,MS,ME,2.46
vans,state,False,MS,MI,1.83
vans,state,False,MS,MN,1.86
vans,state,False,MS,MO,2.17
vans,state,False,MS,MS,3.17
vans,state,False,MS,MT,2.08
vans,state,False,MS,NC,2.21
vans,state,False,MS,ND,2.3
vans,state,False,MS,NE,1.84
vans,state,False,MS,NJ,2.21
vans,state,False,MS,NM,1.71
vans,state,False,MS,NV,1.6
vans,state,False,MS,NY,2.32
vans,state,False,MS,OH,1.93
vans,state,False,MS,OK,2.48
vans,state,False,MS,ON,1.45
vans,state,False,MS,OR,1.48
vans,state,False,MS,PA,2.23
vans,state,False,MS,PQ,1.4
vans,state,False,MS,RI,2.38
vans,state,False,MS,SC,2.31
vans,state,False,MS,SD,2.21
vans,state,False,MS,TN,2.56
vans,state,False,MS,TX,1.79
vans,state,False,MS,UT,1.71
vans,state,False,MS,VA,2.38
vans,state,False,MS,WA,1.73
vans,state,False,MS,WI,1.74
vans,state,False,MS,WV,2.39
vans,state,False,MT,AZ,1.71
vans,state,False,MT,CA,1.46
vans,state,False,MT,CO,2.24
vans,state,False,MT,FL,1.99
vans,state,False,MT,GA,1.79
vans,state,False,MT,ID,2.76
vans,state,False,MT,IL,1.58
vans,state,False,MT,IN,1.57
vans,state,False,MT,KS,1.71
vans,state,False,MT,KY,1.46
vans,state,False,MT,MI,1.76
vans,state,False,MT,MN,1.73
vans,state,False,MT,MO,1.8
vans,state,False,MT,MT,4.29
vans,state,False,MT,NC,1.74
vans,state,False,MT,NE,1.77
vans,state,False,MT,NJ,1.84
vans,state,False,MT,NV,1.66
vans,state,False,MT,NY,1.82
vans,state,False,MT,OH,1.67
vans,state,False,MT,ON,1.36
vans,state,False,MT,OR,2.04
vans,state,False,MT,PA,1.83
vans,state,False,MT,SC,1.2
vans,state,False,MT,TX,1.7
vans,state,False,MT,UT,1.9
vans,state,False,MT,WA,2.12
vans,state,False,MT,WI,1.53
vans,state,False,MT,WY,2.64
vans,state,False,NC,Dest - AB,1.67
vans,state,False,NC,AL,2.0
vans,state,False,NC,AR,1.56
vans,state,False,NC,AZ,1.29
vans,state,False,NC,BC,1.52
vans,state,False,NC,CA,1.05
vans,state,False,NC,CO,2.04
vans,state,False,NC,CT,2.76
vans,state,False,NC,DE,2.81
vans,state,False,NC,FL,2.6
vans,state,False,NC,GA,2.27
vans,state,False,NC,IA,1.67
vans,state,False,NC,ID,1.5
vans,state,False,NC,IL,1.49
vans,state,False,NC,IN,1.67
vans,state,False,NC,KS,1.77
vans,state,False,NC,KY,1.85
vans,state,False,NC,LA,1.64
vans,state,False,NC,MA,2.76
vans,state,False,NC,MD,2.8
vans,state,False,NC,ME,2.62
vans,state,False,NC,MI,1.64
vans,state,False,NC,MN,1.53
vans,state,False,NC,MO,1.61
vans,state,False,NC,MS,1.61
vans,state,False,NC,MT,2.07
vans,state,False,NC,NC,3.09
vans,state,False,NC,ND,1.59
vans,state,False,NC,NE,1.56
vans,state,False,NC,NH,2.68
vans,state,False,NC,NJ,2.44
vans,state,False,NC,NM,1.31
vans,state,False,NC,NV,1.29
vans,state,False,NC,NY,2.56
vans,state,False,NC,OH,1.83
vans,state,False,NC,OK,1.59
vans,state,False,NC,ON,1.57
vans,state,False,NC,OR,1.49
vans,state,False,NC,PA,2.44
vans,state,False,NC,PQ,1.6
vans,state,False,NC,RI,2.85
vans,state,False,NC,SC,2.76
vans,state,False,NC,SD,1.67
vans,state,False,NC,TN,2.1
vans,state,False,NC,TX,1.31
vans,state,False,NC,UT,1.5
vans,state,False,NC,VA,3.18
vans,state,False,NC,VT,2.45
vans,state,False,NC,WA,1.47
vans,state,False,NC,WI,1.47
vans,state,False,NC,WV,2.84
vans,state,False,NC,WY,1.87
vans,state,False,ND,AL,2.39
vans,state,False,ND,AR,2.31
vans,state,False,ND,AZ,1.91
vans,state,False,ND,CA,1.95
vans,state,False,ND,CO,2.87
vans,state,False,ND,FL,2.35
vans,state,False,ND,GA,2.17
vans,state,False,ND,IA,2.81
vans,state,False,ND,ID,3.06
vans,state,False,ND,IL,2.25
vans,state,False,ND,IN,2.57
vans,state,False,ND,KS,2.68
vans,state,False,ND,KY,2.07
vans,state,False,ND,MD,2.87
vans,state,False,ND,MI,2.35
vans,state,False,ND,MN,3.39
vans,state,False,ND,MO,2.63
vans,state,False,ND,NC,2.31
vans,state,False,ND,ND,4.82
vans,state,False,ND,NE,3.38
vans,state,False,ND,NV,2.49
vans,state,False,ND,NY,2.6
vans,state,False,ND,OH,2.56
vans,state,False,ND,OK,1.95
vans,state,False,ND,PA,2.59
vans,state,False,ND,SC,2.19
vans,state,False,ND,SD,5.64
vans,state,False,ND,TN,2.38
vans,state,False,ND,TX,2.21
vans,state,False,ND,UT,2.6
vans,state,False,ND,VA,2.55
vans,state,False,ND,WA,2.52
vans,state,False,ND,WI,2.25
vans,state,False,NE,AL,2.42
vans,state,False,NE,AR,2.03
vans,state,False,NE,AZ,1.69
vans,state,False,NE,CA,1.64
vans,state,False,NE,CO,3.77
vans,state,False,NE,CT,2.4
vans,state,False,NE,FL,2.36
vans,state,False,NE,GA,2.29
vans,state,False,NE,IA,2.37
vans,state,False,NE,ID,2.29
vans,state,False,NE,IL,1.93
vans,state,False,NE,IN,2.11
vans,state,False,NE,KS,3.11
vans,state,False,NE,KY,1.95
vans,state,False,NE,LA,2.48
vans,state,False,NE,MA,2.5
vans,state,False,NE,MD,2.53
vans,state,False,NE,MI,2.03
vans,state,False,NE,MN,2.25
vans,state,False,NE,MO,2.68
vans,state,False,NE,MS,2.02
vans,state,False,NE,MT,2.46
vans,state,False,NE,NC,1.97
vans,state,False,NE,ND,2.84
vans,state,False,NE,NE,3.65
vans,state,False,NE,NH,2.33
vans,state,False,NE,NJ,2.4
vans,state,False,NE,NM,2.7
vans,state,False,NE,NV,2.04
vans,state,False,NE,NY,2.49
vans,state,False,NE,OH,2.13
vans,state,False,NE,OK,2.37
vans,state,False,NE,ON,1.17
vans,state,False,NE,OR,2.28
vans,state,False,NE,PA,2.21
vans,state,False,NE,SC,2.02
vans,state,False,NE,SD,3.04
vans,state,False,NE,TN,2.05
vans,state,False,NE,TX,2.11
vans,state,False,NE,UT,2.74
vans,state,False,NE,VA,2.29
vans,state,False,NE,WA,2.64
vans,state,False,NE,WI,1.83
vans,state,False,NE,WV,2.18
vans,state,False,NH,AL,1.64
vans,state,False,NH,AZ,1.16
vans,state,False,NH,CA,0.99
vans,state,False,NH,CO,1.98
vans,state,False,NH,CT,4.22
vans,state,False,NH,DE,2.06
vans,state,False,NH,FL,2.01
vans,state,False,NH,GA,2.05
vans,state,False,NH,IL,1.07
vans,state,False,NH,IN,1.52
vans,state,False,NH,KY,1.21
vans,state,False,NH,MD,2.26
vans,state,False,NH,ME,3.87
vans,state,False,NH,MI,1.18
vans,state,False,NH,MN,1.41
vans,state,False,NH,MO,1.33
vans,state,False,NH,NC,1.47
vans,state,False,NH,NJ,2.49
vans,state,False,NH,NY,2.99
vans,state,False,NH,OH,1.35
vans,state,False,NH,OK,1.54
vans,state,False,NH,ON,1.36
vans,state,False,NH,PA,2.14
vans,state,False,NH,PQ,2.39
vans,state,False,NH,SC,1.78
vans,state,False,NH,TN,1.19
vans,state,False,NH,TX,1.32
vans,state,False,NH,VA,1.91
vans,state,False,NH,WI,1.25
vans,state,False,NJ,Dest - AB,1.8
vans,state,False,NJ,AL,1.79
vans,state,False,NJ,AR,1.51
vans,state,False,NJ,AZ,1.13
vans,state,False,NJ,BC,1.46
vans,state,False,NJ,CA,0.95
vans,state,False,NJ,CO,1.81
vans,state,False,NJ,CT,5.03
vans,state,False,NJ,DE,6.04
vans,state,False,NJ,FL,2.25
vans,state,False,NJ,GA,1.85
vans,state,False,NJ,IA,1.55
vans,state,False,NJ,ID,1.36
vans,state,False,NJ,IL,1.29
vans,state,False,NJ,IN,1.43
vans,state,False,NJ,KS,1.74
vans,state,False,NJ,KY,1.6
vans,state,False,NJ,LA,1.54
vans,state,False,NJ,MA,4.29
vans,state,False,NJ,MB,1.54
vans,state,False,NJ,MD,4.08
vans,state,False,NJ,ME,3.27
vans,state,False,NJ,MI,1.49
vans,state,False,NJ,MN,1.43
vans,state,False,NJ,MO,1.56
vans,state,False,NJ,MS,1.44
vans,state,False,NJ,MT,1.89
vans,state,False,NJ,NC,2.07
vans,state,False,NJ,ND,1.55
vans,state,False,NJ,NE,1.63
vans,state,False,NJ,NH,3.91
vans,state,False,NJ,NM,1.36
vans,state,False,NJ,NV,1.22
vans,state,False,NJ,NY,3.38
vans,state,False,NJ,OH,1.67
vans,state,False,NJ,OK,1.5
vans,state,False,NJ,ON,1.53
vans,state,False,NJ,OR,1.3
vans,state,False,NJ,PA,3.21
vans,state,False,NJ,PQ,1.54
vans,state,False,NJ,RI,4.77
vans,state,False,NJ,SC,2.02
vans,state,False,NJ,SD,1.52
vans,state,False,NJ,TN,1.59
vans,state,False,NJ,TX,1.27
vans,state,False,NJ,UT,1.38
vans,state,False,NJ,VA,3.26
vans,state,False,NJ,VT,3.69
vans,state,False,NJ,WA,1.49
vans,state,False,NJ,WI,1.34
vans,state,False,NJ,WV,2.42
vans,state,False,NJ,WY,1.69
vans,state,False,NM,Dest - AB,1.73
vans,state,False,NM,AL,1.79
vans,state,False,NM,AR,1.65
vans,state,False,NM,AZ,1.56
vans,state,False,NM,CA,1.1
vans,state,False,NM,CO,2.84
vans,state,False,NM,FL,2.07
vans,state,False,NM,GA,1.74
vans,state,False,NM,IA,1.95
vans,state,False,NM,IL,1.77
vans,state,False,NM,IN,2.0
vans,state,False,NM,KS,1.89
vans,state,False,NM,KY,1.55
vans,state,False,NM,LA,1.52
vans,state,False,NM,MD,1.94
vans,state,False,NM,MI,1.5
vans,state,False,NM,MO,1.98
vans,state,False,NM,MS,1.69
vans,state,False,NM,NE,1.89
vans,state,False,NM,NJ,1.74
vans,state,False,NM,NM,2.83
vans,state,False,NM,NV,1.85
vans,state,False,NM,OH,1.71
vans,state,False,NM,OK,1.61
vans,state,False,NM,PA,1.74
vans,state,False,NM,SC,2.06
vans,state,False,NM,TN,2.12
vans,state,False,NM,TX,1.71
vans,state,False,NM,UT,2.72
vans,state,False,NM,WA,1.79
vans,state,False,NM,WI,1.44
vans,state,False,NS,OH,1.4
vans,state,False,NV,Dest - AB,2.21
vans,state,False,NV,AL,2.02
vans,state,False,NV,AR,1.84
vans,state,False,NV,AZ,2.11
vans,state,False,NV,BC,2.98
vans,state,False,NV,CA,1.82
vans,state,False,NV,CO,3.17
vans,state,False,NV,CT,1.93
vans,state,False,NV,FL,1.99
vans,state,False,NV,GA,1.85
vans,state,False,NV,IA,1.68
vans,state,False,NV,ID,2.89
vans,state,False,NV,IL,1.69
vans,state,False,NV,IN,2.12
vans,state,False,NV,KS,2.15
vans,state,False,NV,KY,1.81
vans,state,False,NV,LA,1.96
vans,state,False,NV,MA,1.94
vans,state,False,NV,MD,1.89
vans,state,False,NV,MI,1.64
vans,state,False,NV,MN,1.74
vans,state,False,NV,MO,1.94
vans,state,False,NV,MS,2.12
vans,state,False,NV,MT,3.2
vans,state,False,NV,NC,1.8
vans,state,False,NV,NE,2.05
vans,state,False,NV,NJ,2.07
vans,state,False,NV,NM,2.73
vans,state,False,NV,NV,2.12
vans,state,False,NV,NY,1.99
vans,state,False,NV,OH,1.79
vans,state,False,NV,OK,1.99
vans,state,False,NV,ON,1.68
vans,state,False,NV,OR,2.98
vans,state,False,NV,PA,1.87
vans,state,False,NV,SC,1.9
vans,state,False,NV,TN,1.95
vans,state,False,NV,TX,1.92
vans,state,False,NV,UT,2.87
vans,state,False,NV,VA,1.92
vans,state,False,NV,WA,2.74
vans,state,False,NV,WI,1.65
vans,state,False,NV,WY,2.92
vans,state,False,NY,Dest - AB,1.4
vans,state,False,NY,AL,2.0
vans,state,False,NY,AR,1.71
vans,state,False,NY,AZ,1.48
vans,state,False,NY,CA,1.07
vans,state,False,NY,CO,2.06
vans,state,False,NY,CT,4.02
vans,state,False,NY,DE,3.41
vans,state,False,NY,FL,2.25
vans,state,False,NY,GA,2.06
vans,state,False,NY,IA,1.82
vans,state,False,NY,ID,1.49
vans,state,False,NY,IL,1.57
vans,state,False,NY,IN,1.66
vans,state,False,NY,KS,1.81
vans,state,False,NY,KY,1.81
vans,state,False,NY,LA,1.71
vans,state,False,NY,MA,3.98
vans,state,False,NY,MD,3.75
vans,state,False,NY,ME,3.51
vans,state,False,NY,MI,1.79
vans,state,False,NY,MN,1.73
vans,state,False,NY,MO,1.68
vans,state,False,NY,MS,1.64
vans,state,False,NY,NC,2.34
vans,state,False,NY,NE,1.78
vans,state,False,NY,NH,4.24
vans,state,False,NY,NJ,3.58
vans,state,False,NY,NS,2.28
vans,state,False,NY,NV,1.31
vans,state,False,NY,NY,4.07
vans,state,False,NY,OH,1.83
vans,state,False,NY,OK,1.69
vans,state,False,NY,ON,2.26
vans,state,False,NY,OR,1.63
vans,state,False,NY,PA,3.56
vans,state,False,NY,PQ,2.62
vans,state,False,NY,RI,3.97
vans,state,False,NY,SC,2.04
vans,state,False,NY,SD,1.84
vans,state,False,NY,TN,1.92
vans,state,False,NY,TX,1.4
vans,state,False,NY,UT,1.57
vans,state,False,NY,VA,2.91
vans,state,False,NY,VT,4.23
vans,state,False,NY,WA,1.53
vans,state,False,NY,WI,1.58
vans,state,False,NY,WV,2.79
vans,state,False,OH,Dest - AB,1.6
vans,state,False,OH,AL,2.56
vans,state,False,OH,AR,2.16
vans,state,False,OH,AZ,1.38
vans,state,False,OH,BC,1.4
vans,state,False,OH,CA,1.16
vans,state,False,OH,CO,2.45
vans,state,False,OH,CT,3.16
vans,state,False,OH,DE,3.49
vans,state,False,OH,FL,2.76
vans,state,False,OH,GA,2.62
vans,state,False,OH,IA,2.01
vans,state,False,OH,ID,1.6
vans,state,False,OH,IL,2.1
vans,state,False,OH,IN,2.74
vans,state,False,OH,KS,2.17
vans,state,False,OH,KY,2.82
vans,state,False,OH,LA,2.01
vans,state,False,OH,MA,3.09
vans,state,False,OH,MB,1.73
vans,state,False,OH,MD,3.74
vans,state,False,OH,ME,3.07
vans,state,False,OH,MI,2.88
vans,state,False,OH,MN,1.87
vans,state,False,OH,MO,2.03
vans,state,False,OH,MS,2.37
vans,state,False,OH,MT,2.11
vans,state,False,OH,NC,3.0
vans,state,False,OH,ND,2.11
vans,state,False,OH,NE,2.04
vans,state,False,OH,NH,3.1
vans,state,False,OH,NJ,3.05
vans,state,False,OH,NM,1.71
vans,state,False,OH,NV,1.5
vans,state,False,OH,NY,3.42
vans,state,False,OH,OH,3.35
vans,state,False,OH,OK,1.97
vans,state,False,OH,ON,2.05
vans,state,False,OH,OR,1.53
vans,state,False,OH,PA,3.59
vans,state,False,OH,PQ,1.67
vans,state,False,OH,RI,3.37
vans,state,False,OH,SC,2.76
vans,state,False,OH,SD,2.11
vans,state,False,OH,TN,2.5
vans,state,False,OH,TX,1.58
vans,state,False,OH,UT,1.76
vans,state,False,OH,VA,3.46
vans,state,False,OH,VT,3.29
vans,state,False,OH,WA,1.62
vans,state,False,OH,WI,1.84
vans,state,False,OH,WV,4.51
vans,state,False,OH,WY,2.17
vans,state,False,OK,AL,1.94
vans,state,False,OK,AR,2.83
vans,state,False,OK,AZ,1.56
vans,state,False,OK,CA,1.33
vans,state,False,OK,CO,2.93
vans,state,False,OK,CT,2.18
vans,state,False,OK,DE,1.72
vans,state,False,OK,FL,2.32
vans,state,False,OK,GA,2.08
vans,state,False,OK,IA,1.79
vans,state,False,OK,ID,1.82
vans,state,False,OK,IL,1.71
vans,state,False,OK,IN,1.76
vans,state,False,OK,KS,2.94
vans,state,False,OK,KY,2.02
vans,state,False,OK,LA,2.23
vans,state,False,OK,MA,2.04
vans,state,False,OK,MD,2.09
vans,state,False,OK,ME,2.03
vans,state,False,OK,MI,1.6
vans,state,False,OK,MN,1.79
vans,state,False,OK,MO,2.19
vans,state,False,OK,MS,1.91
vans,state,False,OK,NC,1.84
vans,state,False,OK,ND,1.72
vans,state,False,OK,NE,2.32
vans,state,False,OK,NJ,2.02
vans,state,False,OK,NM,2.38
vans,state,False,OK,NV,1.53
vans,state,False,OK,NY,2.03
vans,state,False,OK,OH,1.86
vans,state,False,OK,OK,3.37
vans,state,False,OK,ON,1.38
vans,state,False,OK,OR,1.81
vans,state,False,OK,PA,1.91
vans,state,False,OK,RI,1.97
vans,state,False,OK,SC,1.87
vans,state,False,OK,SD,2.29
vans,state,False,OK,TN,1.85
vans,state,False,OK,TX,2.08
vans,state,False,OK,UT,1.85
vans,state,False,OK,VA,1.95
vans,state,False,OK,WA,1.98
vans,state,False,OK,WI,1.67
vans,state,False,OK,WY,3.01
vans,state,False,ON,Dest - AB,1.95
vans,state,False,ON,AL,1.69
vans,state,False,ON,AR,1.67
vans,state,False,ON,AZ,1.14
vans,state,False,ON,BC,1.63
vans,state,False,ON,CA,1.12
vans,state,False,ON,CO,1.57
vans,state,False,ON,CT,2.75
vans,state,False,ON,DE,2.63
vans,state,False,ON,FL,2.12
vans,state,False,ON,GA,1.78
vans,state,False,ON,IA,1.83
vans,state,False,ON,IL,1.94
vans,state,False,ON,IN,2.03
vans,state,False,ON,KS,1.65
vans,state,False,ON,KY,2.04
vans,state,False,ON,LA,1.51
vans,state,False,ON,MA,2.5
vans,state,False,ON,MB,2.1
vans,state,False,ON,MD,2.63
vans,state,False,ON,ME,2.53
vans,state,False,ON,MI,2.53
vans,state,False,ON,MN,1.79
vans,state,False,ON,MO,1.71
vans,state,False,ON,MS,1.63
vans,state,False,ON,NB,2.06
vans,state,False,ON,NC,2.08
vans,state,False,ON,NE,1.89
vans,state,False,ON,NF,2.97
vans,state,False,ON,NH,2.82
vans,state,False,ON,NJ,2.42
vans,state,False,ON,NS,1.76
vans,state,False,ON,NV,1.52
vans,state,False,ON,NY,3.17
vans,state,False,ON,OH,2.22
vans,state,False,ON,OK,1.48
vans,state,False,ON,ON,2.41
vans,state,False,ON,OR,1.56
vans,state,False,ON,PA,2.8
vans,state,False,ON,PQ,1.65
vans,state,False,ON,RI,2.48
vans,state,False,ON,SC,1.97
vans,state,False,ON,SD,2.1
vans,state,False,ON,TN,1.75
vans,state,False,ON,TX,1.25
vans,state,False,ON,UT,1.59
vans,state,False,ON,VA,2.3
vans,state,False,ON,WA,1.68
vans,state,False,ON,WI,1.85
vans,state,False,ON,WV,3.36
vans,state,False,OR,Dest - AB,2.18
vans,state,False,OR,AL,1.71
vans,state,False,OR,AR,1.67
vans,state,False,OR,AZ,1.47
vans,state,False,OR,BC,2.64
vans,state,False,OR,CA,1.24
vans,state,False,OR,CO,2.27
vans,state,False,OR,CT,1.67
vans,state,False,OR,FL,1.78
vans,state,False,OR,GA,1.73
vans,state,False,OR,IA,1.78
vans,state,False,OR,ID,2.31
vans,state,False,OR,IL,1.3
vans,state,False,OR,IN,1.32
vans,state,False,OR,KS,1.74
vans,state,False,OR,KY,1.33
vans,state,False,OR,MA,1.85
vans,state,False,OR,MD,2.07
vans,state,False,OR,MI,1.3
vans,state,False,OR,MN,1.75
vans,state,False,OR,MO,1.62
vans,state,False,OR,MT,2.9
vans,state,False,OR,NC,1.4
vans,state,False,OR,NE,1.91
vans,state,False,OR,NJ,1.53
vans,state,False,OR,NM,2.18
vans,state,False,OR,NV,1.43
vans,state,False,OR,NY,1.58
vans,state,False,OR,OH,1.32
vans,state,False,OR,OK,1.47
vans,state,False,OR,ON,1.45
vans,state,False,OR,OR,3.93
vans,state,False,OR,PA,1.49
vans,state,False,OR,RI,1.74
vans,state,False,OR,SC,1.54
vans,state,False,OR,SD,1.78
vans,state,False,OR,TN,1.64
vans,state,False,OR,TX,1.65
vans,state,False,OR,UT,1.84
vans,state,False,OR,VA,1.67
vans,state,False,OR,WA,3.24
vans,state,False,OR,WI,1.75
vans,state,False,PA,Dest - AB,1.57
vans,state,False,PA,AL,1.83
vans,state,False,PA,AR,1.61
vans,state,False,PA,AZ,1.24
vans,state,False,PA,BC,1.52
vans,state,False,PA,CA,1.01
vans,state,False,PA,CO,2.0
vans,state,False,PA,CT,4.55
vans,state,False,PA,DE,4.4
vans,state,False,PA,FL,2.33
vans,state,False,PA,GA,2.03
vans,state,False,PA,IA,1.72
vans,state,False,PA,ID,1.49
vans,state,False,PA,IL,1.45
vans,state,False,PA,IN,1.63
vans,state,False,PA,KS,1.71
vans,state,False,PA,KY,1.76
vans,state,False,PA,LA,1.69
vans,state,False,PA,MA,3.93
vans,state,False,PA,MB,1.66
vans,state,False,PA,MD,4.67
vans,state,False,PA,ME,3.43
vans,state,False,PA,MI,1.81
vans,state,False,PA,MN,1.55
vans,state,False,PA,MO,1.53
vans,state,False,PA,MS,1.59
vans,state,False,PA,MT,1.91
vans,state,False,PA,NC,2.26
vans,state,False,PA,ND,1.72
vans,state,False,PA,NE,1.67
vans,state,False,PA,NH,3.72
vans,state,False,PA,NJ,4.04
vans,state,False,PA,NM,1.48
vans,state,False,PA,NV,1.3
vans,state,False,PA,NY,4.14
vans,state,False,PA,OH,2.01
vans,state,False,PA,OK,1.61
vans,state,False,PA,ON,1.93
vans,state,False,PA,OR,1.45
vans,state,False,PA,PA,4.03
vans,state,False,PA,PQ,1.64
vans,state,False,PA,RI,4.15
vans,state,False,PA,SC,2.09
vans,state,False,PA,SD,1.65
vans,state,False,PA,TN,1.74
vans,state,False,PA,TX,1.32
vans,state,False,PA,UT,1.52
vans,state,False,PA,VA,3.48
vans,state,False,PA,VT,3.98
vans,state,False,PA,WA,1.47
vans,state,False,PA,WI,1.48
vans,state,False,PA,WV,3.58
vans,state,False,PA,WY,1.97
vans,state,False,PQ,Dest - AB,1.52
vans,state,False,PQ,AL,1.71
vans,state,False,PQ,AR,1.72
vans,state,False,PQ,AZ,1.19
vans,state,False,PQ,BC,1.56
vans,state,False,PQ,CA,1.17
vans,state,False,PQ,CT,3.67
vans,state,False,PQ,FL,2.39
vans,state,False,PQ,GA,1.81
vans,state,False,PQ,IA,1.42
vans,state,False,PQ,IL,1.64
vans,state,False,PQ,IN,1.75
vans,state,False,PQ,KS,1.91
vans,state,False,PQ,KY,1.71
vans,state,False,PQ,MA,3.6
vans,state,False,PQ,MD,3.51
vans,state,False,PQ,ME,5.67
vans,state,False,PQ,MI,1.71
vans,state,False,PQ,MN,1.75
vans,state,False,PQ,MO,1.56
vans,state,False,PQ,NB,2.41
vans,state,False,PQ,NC,2.25
vans,state,False,PQ,NH,5.61
vans,state,False,PQ,NJ,3.76
vans,state,False,PQ,NM,1.51
vans,state,False,PQ,NS,1.8
vans,state,False,PQ,NV,1.61
vans,state,False,PQ,NY,3.75
vans,state,False,PQ,OH,1.86
vans,state,False,PQ,OK,1.49
vans,state,False,PQ,ON,1.51
vans,state,False,PQ,PA,2.88
vans,state,False,PQ,PQ,2.99
vans,state,False,PQ,RI,3.86
vans,state,False,PQ,SC,1.92
vans,state,False,PQ,TN,1.76
vans,state,False,PQ,TX,1.28
vans,state,False,PQ,UT,1.61
vans,state,False,PQ,VA,2.68
vans,state,False,PQ,WI,1.77
vans,state,False,PQ,WV,2.97
vans,state,False,RI,AZ,1.14
vans,state,False,RI,CA,1.08
vans,state,False,RI,DE,2.36
vans,state,False,RI,GA,1.54
vans,state,False,RI,IA,2.41
vans,state,False,RI,IL,1.2
vans,state,False,RI,IN,1.4
vans,state,False,RI,KY,1.53
vans,state,False,RI,MD,1.84
vans,state,False,RI,MI,1.35
vans,state,False,RI,MO,1.4
vans,state,False,RI,MS,1.61
vans,state,False,RI,NC,1.38
vans,state,False,RI,NJ,2.82
vans,state,False,RI,NY,2.94
vans,state,False,RI,OH,1.24
vans,state,False,RI,ON,2.01
vans,state,False,RI,PA,1.9
vans,state,False,RI,SC,1.27
vans,state,False,RI,TN,1.39
vans,state,False,RI,TX,1.37
vans,state,False,RI,VA,1.7
vans,state,False,RI,WI,1.16
vans,state,False,SC,Dest - AB,1.61
vans,state,False,SC,AL,2.07
vans,state,False,SC,AR,1.73
vans,state,False,SC,AZ,1.25
vans,state,False,SC,CA,1.0
vans,state,False,SC,CO,1.97
vans,state,False,SC,CT,2.56
vans,state,False,SC,DE,2.9
vans,state,False,SC,FL,2.86
vans,state,False,SC,GA,2.8
vans,state,False,SC,IA,1.57
vans,state,False,SC,ID,1.44
vans,state,False,SC,IL,1.45
vans,state,False,SC,IN,1.7
vans,state,False,SC,KS,1.55
vans,state,False,SC,KY,1.98
vans,state,False,SC,LA,1.66
vans,state,False,SC,MA,2.53
vans,state,False,SC,MD,2.36
vans,state,False,SC,ME,2.41
vans,state,False,SC,MI,1.67
vans,state,False,SC,MN,1.49
vans,state,False,SC,MO,1.6
vans,state,False,SC,MS,1.74
vans,state,False,SC,MT,1.83
vans,state,False,SC,NC,3.39
vans,state,False,SC,ND,1.64
vans,state,False,SC,NE,1.55
vans,state,False,SC,NH,2.5
vans,state,False,SC,NJ,2.31
vans,state,False,SC,NM,1.34
vans,state,False,SC,NV,1.26
vans,state,False,SC,NY,2.39
vans,state,False,SC,OH,1.81
vans,state,False,SC,OK,1.7
vans,state,False,SC,ON,1.3
vans,state,False,SC,OR,1.4
vans,state,False,SC,PA,2.29
vans,state,False,SC,PQ,1.19
vans,state,False,SC,RI,2.44
vans,state,False,SC,SC,3.27
vans,state,False,SC,SD,1.54
vans,state,False,SC,TN,2.18
vans,state,False,SC,TX,1.35
vans,state,False,SC,UT,1.5
vans,state,False,SC,VA,2.77
vans,state,False,SC,VT,2.36
vans,state,False,SC,WA,1.43
vans,state,False,SC,WI,1.49
vans,state,False,SC,WV,2.71
vans,state,False,SC,WY,1.92
vans,state,False,SD,AL,1.76
vans,state,False,SD,AR,2.43
vans,state,False,SD,AZ,1.75
vans,state,False,SD,CA,1.62
vans,state,False,SD,CO,2.72
vans,state,False,SD,FL,2.26
vans,state,False,SD,GA,2.04
vans,state,False,SD,IA,2.68
vans,state,False,SD,IL,2.08
vans,state,False,SD,IN,2.14
vans,state,False,SD,KS,2.69
vans,state,False,SD,KY,1.94
vans,state,False,SD,MA,2.29
vans,state,False,SD,MD,2.24
vans,state,False,SD,MI,1.92
vans,state,False,SD,MN,2.6
vans,state,False,SD,MO,2.39
vans,state,False,SD,MS,1.72
vans,state,False,SD,NC,2.04
vans,state,False,SD,ND,3.01
vans,state,False,SD,NE,3.32
vans,state,False,SD,NJ,2.14
vans,state,False,SD,NV,2.04
vans,state,False,SD,NY,2.36
vans,state,False,SD,OH,2.31
vans,state,False,SD,OK,2.63
vans,state,False,SD,OR,1.96
vans,state,False,SD,PA,2.25
vans,state,False,SD,SC,2.14
vans,state,False,SD,SD,3.21
vans,state,False,SD,TN,2.14
vans,state,False,SD,TX,2.18
vans,state,False,SD,UT,2.68
vans,state,False,SD,VA,1.99
vans,state,False,SD,WA,2.34
vans,state,False,SD,WI,1.99
vans,state,False,SD,WY,3.85
vans,state,False,SK,Dest - AB,2.24
vans,state,False,SK,CA,1.41
vans,state,False,SK,IL,1.18
vans,state,False,SK,ON,0.92
vans,state,False,TN,Dest - AB,1.64
vans,state,False,TN,AL,3.13
vans,state,False,TN,AR,2.32
vans,state,False,TN,AZ,1.52
vans,state,False,TN,BC,1.69
vans,state,False,TN,CA,1.13
vans,state,False,TN,CO,2.34
vans,state,False,TN,CT,2.49
vans,state,False,TN,DE,2.61
vans,state,False,TN,FL,2.83
vans,state,False,TN,GA,2.96
vans,state,False,TN,IA,1.9
vans,state,False,TN,ID,1.64
vans,state,False,TN,IL,1.68
vans,state,False,TN,IN,2.12
vans,state,False,TN,KS,1.92
vans,state,False,TN,KY,2.76
vans,state,False,TN,LA,2.24
vans,state,False,TN,MA,2.61
vans,state,False,TN,MD,2.52
vans,state,False,TN,ME,2.41
vans,state,False,TN,MI,1.85
vans,state,False,TN,MN,1.92
vans,state,False,TN,MO,1.98
vans,state,False,TN,MS,2.48
vans,state,False,TN,MT,1.94
vans,state,False,TN,NC,2.6
vans,state,False,TN,ND,1.93
vans,state,False,TN,NE,1.98
vans,state,False,TN,NH,2.49
vans,state,False,TN,NJ,2.3
vans,state,False,TN,NM,1.69
vans,state,False,TN,NV,1.45
vans,state,False,TN,NY,2.48
vans,state,False,TN,OH,2.06
vans,state,False,TN,OK,2.23
vans,state,False,TN,ON,1.52
vans,state,False,TN,OR,1.65
vans,state,False,TN,PA,2.4
vans,state,False,TN,PQ,1.36
vans,state,False,TN,RI,2.4
vans,state,False,TN,SC,2.69
vans,state,False,TN,SD,2.03
vans,state,False,TN,TN,2.96
vans,state,False,TN,TX,1.69
vans,state,False,TN,UT,1.72
vans,state,False,TN,VA,2.74
vans,state,False,TN,VT,2.46
vans,state,False,TN,WA,1.64
vans,state,False,TN,WI,1.65
vans,state,False,TN,WV,2.9
vans,state,False,TN,WY,2.22
vans,state,False,TX,Dest - AB,1.5
vans,state,False,TX,AL,1.95
vans,state,False,TX,AR,2.18
vans,state,False,TX,AZ,1.33
vans,state,False,TX,BC,1.7
vans,state,False,TX,CA,1.12
vans,state,False,TX,CO,2.41
vans,state,False,TX,CT,1.87
vans,state,False,TX,DE,1.84
vans,state,False,TX,FL,2.16
vans,state,False,TX,GA,1.91
vans,state,False,TX,IA,1.86
vans,state,False,TX,ID,1.74
vans,state,False,TX,IL,1.57
vans,state,False,TX,IN,1.62
vans,state,False,TX,KS,2.04
vans,state,False,TX,KY,1.76
vans,state,False,TX,LA,2.44
vans,state,False,TX,MA,1.84
vans,state,False,TX,MB,1.59
vans,state,False,TX,MD,1.87
vans,state,False,TX,ME,1.85
vans,state,False,TX,MI,1.55
vans,state,False,TX,MN,1.63
vans,state,False,TX,MO,1.86
vans,state,False,TX,MS,2.01
vans,state,False,TX,MT,2.27
vans,state,False,TX,NB,1.55
vans,state,False,TX,NC,1.71
vans,state,False,TX,ND,1.93
vans,state,False,TX,NE,1.92
vans,state,False,TX,NH,1.85
vans,state,False,TX,NJ,1.77
vans,state,False,TX,NM,2.15
vans,state,False,TX,NS,1.38
vans,state,False,TX,NV,1.48
vans,state,False,TX,NY,1.84
vans,state,False,TX,OH,1.59
vans,state,False,TX,OK,2.69
vans,state,False,TX,ON,1.34
vans,state,False,TX,OR,1.74
vans,state,False,TX,PA,1.78
vans,state,False,TX,PQ,1.18
vans,state,False,TX,RI,1.93
vans,state,False,TX,SC,1.81
vans,state,False,TX,SD,2.1
vans,state,False,TX,SK,1.59
vans,state,False,TX,TN,1.79
vans,state,False,TX,TX,2.05
vans,state,False,TX,UT,1.71
vans,state,False,TX,VA,1.82
vans,state,False,TX,VT,1.84
vans,state,False,TX,WA,1.68
vans,state,False,TX,WI,1.53
vans,state,False,TX,WV,1.88
vans,state,False,TX,WY,2.35
vans,state,False,UT,Dest - AB,1.89
vans,state,False,UT,AL,1.93
vans,state,False,UT,AR,1.71
vans,state,False,UT,AZ,1.69
vans,state,False,UT,BC,1.94
vans,state,False,UT,CA,1.06
vans,state,False,UT,CO,3.1
vans,state,False,UT,CT,1.69
vans,state,False,UT,FL,1.98
vans,state,False,UT,GA,2.17
vans,state,False,UT,IA,1.79
vans,state,False,UT,ID,2.44
vans,state,False,UT,IL,1.76
vans,state,False,UT,IN,1.98
vans,state,False,UT,KS,2.08
vans,state,False,UT,KY,1.78
vans,state,False,UT,LA,1.92
vans,state,False,UT,MA,1.63
vans,state,False,UT,MD,2.43
vans,state,False,UT,MI,1.81
vans,state,False,UT,MN,1.93
vans,state,False,UT,MO,1.79
vans,state,False,UT,MS,1.91
vans,state,False,UT,MT,3.69
vans,state,False,UT,NC,2.01
vans,state,False,UT,ND,2.29
vans,state,False,UT,NE,2.22
vans,state,False,UT,NH,1.87
vans,state,False,UT,NJ,2.13
vans,state,False,UT,NM,2.72
vans,state,False,UT,NV,1.49
vans,state,False,UT,NY,2.12
vans,state,False,UT,OH,1.89
vans,state,False,UT,OK,1.86
vans,state,False,UT,ON,1.13
vans,state,False,UT,OR,2.37
vans,state,False,UT,PA,1.81
vans,state,False,UT,PQ,1.93
vans,state,False,UT,SC,1.87
vans,state,False,UT,SD,2.39
vans,state,False,UT,TN,1.79
vans,state,False,UT,TX,1.79
vans,state,False,UT,UT,2.56
vans,state,False,UT,VA,2.09
vans,state,False,UT,VT,2.46
vans,state,False,UT,WA,2.41
vans,state,False,UT,WI,1.77
vans,state,False,UT,WY,3.02
vans,state,False,VA,Dest - AB,1.57
vans,state,False,VA,AL,1.92
vans,state,False,VA,AR,1.52
vans,state,False,VA,AZ,1.28
vans,state,False,VA,CA,1.03
vans,state,False,VA,CO,1.97
vans,state,False,VA,CT,3.11
vans,state,False,VA,DE,3.39
vans,state,False,VA,FL,2.44
vans,state,False,VA,GA,1.88
vans,state,False,VA,IA,1.59
vans,state,False,VA,ID,1.54
vans,state,False,VA,IL,1.49
vans,state,False,VA,IN,1.62
vans,state,False,VA,KS,1.52
vans,state,False,VA,KY,1.82
vans,state,False,VA,LA,1.66
vans,state,False,VA,MA,3.05
vans,state,False,VA,MB,1.95
vans,state,False,VA,MD,3.35
vans,state,False,VA,ME,2.85
vans,state,False,VA,MI,1.67
vans,state,False,VA,MN,1.56
vans,state,False,VA,MO,1.55
vans,state,False,VA,MS,1.64
vans,state,False,VA,MT,1.83
vans,state,False,VA,NC,2.73
vans,state,False,VA,ND,1.68
vans,state,False,VA,NE,1.66
vans,state,False,VA,NH,2.97
vans,state,False,VA,NJ,2.96
vans,state,False,VA,NM,1.32
vans,state,False,VA,NV,1.36
vans,state,False,VA,NY,2.94
vans,state,False,VA,OH,1.83
vans,state,False,VA,OK,1.48
vans,state,False,VA,ON,1.76
vans,state,False,VA,OR,1.4
vans,state,False,VA,PA,3.01
vans,state,False,VA,PQ,1.64
vans,state,False,VA,RI,2.95
vans,state,False,VA,SC,2.37
vans,state,False,VA,SD,1.74
vans,state,False,VA,TN,1.88
vans,state,False,VA,TX,1.36
vans,state,False,VA,UT,1.49
vans,state,False,VA,VA,3.72
vans,state,False,VA,VT,3.42
vans,state,False,VA,WA,1.51
vans,state,False,VA,WI,1.45
vans,state,False,VA,WV,3.2
vans,state,False,VT,AL,1.63
vans,state,False,VT,AR,1.81
vans,state,False,VT,CA,1.21
vans,state,False,VT,CT,4.27
vans,state,False,VT,FL,2.05
vans,state,False,VT,GA,1.83
vans,state,False,VT,IA,1.72
vans,state,False,VT,IL,1.59
vans,state,False,VT,IN,1.49
vans,state,False,VT,KY,1.66
vans,state,False,VT,MA,4.34
vans,state,False,VT,MD,2.96
vans,state,False,VT,MI,1.71
vans,state,False,VT,MO,1.71
vans,state,False,VT,MS,1.67
vans,state,False,VT,NC,1.94
vans,state,False,VT,NJ,3.0
vans,state,False,VT,NY,3.62
vans,state,False,VT,OH,1.57
vans,state,False,VT,PA,2.74
vans,state,False,VT,TN,1.98
vans,state,False,VT,TX,1.4
vans,state,False,VT,VA,2.46
vans,state,False,VT,WI,1.57
vans,state,False,WA,Dest - AB,2.37
vans,state,False,WA,AL,1.55
vans,state,False,WA,AR,1.47
vans,state,False,WA,AZ,1.33
vans,state,False,WA,BC,3.21
vans,state,False,WA,CA,1.23
vans,state,False,WA,CO,2.15
vans,state,False,WA,CT,1.89
vans,state,False,WA,FL,1.69
vans,state,False,WA,GA,1.56
vans,state,False,WA,IA,1.72
vans,state,False,WA,ID,2.26
vans,state,False,WA,IL,1.36
vans,state,False,WA,IN,1.58
vans,state,False,WA,KS,1.62
vans,state,False,WA,KY,1.25
vans,state,False,WA,LA,1.77
vans,state,False,WA,MA,1.63
vans,state,False,WA,MD,1.68
vans,state,False,WA,MI,1.15
vans,state,False,WA,MN,1.65
vans,state,False,WA,MO,1.6
vans,state,False,WA,MS,1.54
vans,state,False,WA,MT,3.18
vans,state,False,WA,NC,1.58
vans,state,False,WA,ND,2.0
vans,state,False,WA,NE,1.79
vans,state,False,WA,NH,1.77
vans,state,False,WA,NJ,1.75
vans,state,False,WA,NM,2.13
vans,state,False,WA,NV,1.67
vans,state,False,WA,NY,1.81
vans,state,False,WA,OH,1.48
vans,state,False,WA,OK,1.66
vans,state,False,WA,ON,1.15
vans,state,False,WA,OR,3.11
vans,state,False,WA,PA,1.63
vans,state,False,WA,PQ,1.03
vans,state,False,WA,RI,1.43
vans,state,False,WA,SC,1.45
vans,state,False,WA,SD,1.98
vans,state,False,WA,SK,2.78
vans,state,False,WA,TN,1.56
vans,state,False,WA,TX,1.61
vans,state,False,WA,UT,1.81
vans,state,False,WA,VA,1.83
vans,state,False,WA,WA,3.28
vans,state,False,WA,WI,1.48
vans,state,False,WA,WY,2.46
vans,state,False,WI,Dest - AB,1.73
vans,state,False,WI,AL,2.61
vans,state,False,WI,AR,2.65
vans,state,False,WI,AZ,1.55
vans,state,False,WI,BC,2.01
vans,state,False,WI,CA,1.29
vans,state,False,WI,CO,2.79
vans,state,False,WI,CT,2.83
vans,state,False,WI,DE,2.95
vans,state,False,WI,FL,2.48
vans,state,False,WI,GA,2.74
vans,state,False,WI,IA,3.17
vans,state,False,WI,ID,1.81
vans,state,False,WI,IL,3.27
vans,state,False,WI,IN,3.19
vans,state,False,WI,KS,2.62
vans,state,False,WI,KY,2.95
vans,state,False,WI,LA,2.27
vans,state,False,WI,MA,2.61
vans,state,False,WI,MB,2.08
vans,state,False,WI,MD,2.95
vans,state,False,WI,ME,2.79
vans,state,False,WI,MI,3.09
vans,state,False,WI,MN,2.55
vans,state,False,WI,MO,2.69
vans,state,False,WI,MS,2.29
vans,state,False,WI,MT,2.69
vans,state,False,WI,NC,2.57
vans,state,False,WI,ND,2.45
vans,state,False,WI,NE,2.56
vans,state,False,WI,NH,2.49
vans,state,False,WI,NJ,2.61
vans,state,False,WI,NM,1.92
vans,state,False,WI,NV,1.68
vans,state,False,WI,NY,3.03
vans,state,False,WI,OH,2.95
vans,state,False,WI,OK,2.57
vans,state,False,WI,ON,1.54
vans,state,False,WI,OR,1.77
vans,state,False,WI,PA,2.9
vans,state,False,WI,PQ,1.29
vans,state,False,WI,RI,2.61
vans,state,False,WI,SC,2.53
vans,state,False,WI,SD,2.73
vans,state,False,WI,SK,2.09
vans,state,False,WI,TN,2.67
vans,state,False,WI,TX,1.86
vans,state,False,WI,UT,1.89
vans,state,False,WI,VA,2.84
vans,state,False,WI,VT,2.55
vans,state,False,WI,WA,1.66
vans,state,False,WI,WI,3.13
vans,state,False,WI,WV,3.27
vans,state,False,WI,WY,3.14
vans,state,False,WV,AL,2.33
vans,state,False,WV,AR,1.98
vans,state,False,WV,AZ,1.2
vans,state,False,WV,CA,1.13
vans,state,False,WV,CO,2.12
vans,state,False,WV,CT,3.8
vans,state,False,WV,DE,4.39
vans,state,False,WV,FL,2.6
vans,state,False,WV,GA,2.58
vans,state,False,WV,IA,1.93
vans,state,False,WV,IL,1.71
vans,state,False,WV,IN,2.16
vans,state,False,WV,KS,1.77
vans,state,False,WV,KY,2.75
vans,state,False,WV,LA,1.78
vans,state,False,WV,MA,3.45
vans,state,False,WV,MD,4.17
vans,state,False,WV,MI,2.15
vans,state,False,WV,MN,1.87
vans,state,False,WV,MO,2.13
vans,state,False,WV,MS,1.82
vans,state,False,WV,NC,2.88
vans,state,False,WV,NH,3.3
vans,state,False,WV,NJ,3.66
vans,state,False,WV,NY,3.7
vans,state,False,WV,OH,3.1
vans,state,False,WV,OK,1.88
vans,state,False,WV,ON,1.73
vans,state,False,WV,PA,3.98
vans,state,False,WV,SC,2.86
vans,state,False,WV,TN,2.57
vans,state,False,WV,TX,1.5
vans,state,False,WV,UT,1.46
vans,state,False,WV,VA,4.19
vans,state,False,WV,VT,3.53
vans,state,False,WV,WI,1.96
vans,state,False,WV,WV,3.81
vans,state,False,WY,AL,1.84
vans,state,False,WY,AZ,1.59
vans,state,False,WY,CA,1.4
vans,state,False,WY,CO,2.72
vans,state,False,WY,FL,1.72
vans,state,False,WY,GA,1.59
vans,state,False,WY,IA,1.86
vans,state,False,WY,IL,1.57
vans,state,False,WY,IN,1.6
vans,state,False,WY,KS,1.67
vans,state,False,WY,LA,1.63
vans,state,False,WY,MI,1.76
vans,state,False,WY,MN,2.03
vans,state,False,WY,MO,2.04
vans,state,False,WY,NC,1.54
vans,state,False,WY,NE,1.62
vans,state,False,WY,NJ,1.83
vans,state,False,WY,NM,2.28
vans,state,False,WY,NV,1.37
vans,state,False,WY,OH,1.27
vans,state,False,WY,OK,1.66
vans,state,False,WY,ON,1.28
vans,state,False,WY,OR,1.8
vans,state,False,WY,PA,1.73
vans,state,False,WY,TN,1.92
vans,state,False,WY,TX,1.68
vans,state,False,WY,UT,2.31
vans,state,False,WY,VA,2.08
vans,state,False,WY,WA,1.92
vans,state,False,WY,WI,1.47
vans,state,False,WY,WY,4.43
vans,state,True,Origin - AB,Dest - AB,3.23
vans,state,True,Origin - AB,AZ,1.38
vans,state,True,Origin - AB,BC,2.23
vans,state,True,Origin - AB,CA,1.26
vans,state,True,Origin - AB,CO,1.95
vans,state,True,Origin - AB,FL,1.75
vans,state,True,Origin - AB,GA,1.67
vans,state,True,Origin - AB,IA,1.66
vans,state,True,Origin - AB,ID,2.32
vans,state,True,Origin - AB,IL,1.28
vans,state,True,Origin - AB,IN,1.45
vans,state,True,Origin - AB,KS,1.46
vans,state,True,Origin - AB,MB,1.67
vans,state,True,Origin - AB,MI,1.68
vans,state,True,Origin - AB,MN,1.58
vans,state,True,Origin - AB,NV,1.31
vans,state,True,Origin - AB,OH,1.37
vans,state,True,Origin - AB,ON,1.52
vans,state,True,Origin - AB,OR,2.35
vans,state,True,Origin - AB,SK,2.39
vans,state,True,Origin - AB,TX,1.81
vans,state,True,Origin - AB,UT,1.98
vans,state,True,Origin - AB,WA,2.09
vans,state,True,Origin - AB,WI,1.5
vans,state,True,AL,Dest - AB,2.1
vans,state,True,AL,AL,3.59
vans,state,True,AL,AR,2.42
vans,state,True,AL,AZ,1.64
vans,state,True,AL,CA,1.59
vans,state,True,AL,CO,2.51
vans,state,True,AL,CT,2.45
vans,state,True,AL,DE,2.73
vans,state,True,AL,FL,3.24
vans,state,True,AL,GA,3.17
vans,state,True,AL,IA,2.08
vans,state,True,AL,ID,2.26
vans,state,True,AL,IL,1.9
vans,state,True,AL,IN,2.13
vans,state,True,AL,KS,2.13
vans,state,True,AL,KY,2.51
vans,state,True,AL,LA,2.56
vans,state,True,AL,MA,2.72
vans,state,True,AL,MD,2.69
vans,state,True,AL,ME,2.58
vans,state,True,AL,MI,2.11
vans,state,True,AL,MN,1.97
vans,state,True,AL,MO,2.14
vans,state,True,AL,MS,3.15
vans,state,True,AL,MT,2.23
vans,state,True,AL,NC,2.56
vans,state,True,AL,ND,2.21
vans,state,True,AL,NE,2.28
vans,state,True,AL,NH,2.31
vans,state,True,AL,NJ,2.58
vans,state,True,AL,NM,2.02
vans,state,True,AL,NV,1.97
vans,state,True,AL,NY,2.54
vans,state,True,AL,OH,2.14
vans,state,True,AL,OK,2.21
vans,state,True,AL,ON,1.53
vans,state,True,AL,OR,2.04
vans,state,True,AL,PA,2.52
vans,state,True,AL,PQ,1.78
vans,state,True,AL,RI,2.79
vans,state,True,AL,SC,2.68
vans,state,True,AL,SD,2.41
vans,state,True,AL,TN,3.09
vans,state,True,AL,TX,1.86
vans,state,True,AL,UT,2.32
vans,state,True,AL,VA,2.54
vans,state,True,AL,VT,3.06
vans,state,True,AL,WA,1.94
vans,state,True,AL,WI,1.83
vans,state,True,AL,WV,2.73
vans,state,True,AL,WY,2.7
vans,state,True,AR,AL,3.02
vans,state,True,AR,AR,4.33
vans,state,True,AR,AZ,2.06
vans,state,True,AR,CA,1.69
vans,state,True,AR,CO,3.24
vans,state,True,AR,CT,2.64
vans,state,True,AR,DE,3.03
vans,state,True,AR,FL,3.08
vans,state,True,AR,GA,2.84
vans,state,True,AR,IA,2.3
vans,state,True,AR,ID,2.25
vans,state,True,AR,IL,2.27
vans,state,True,AR,IN,2.35
vans,state,True,AR,KS,3.0
vans,state,True,AR,KY,2.49
vans,state,True,AR,LA,3.13
vans,state,True,AR,MA,2.64
vans,state,True,AR,MD,2.67
vans,state,True,AR,MI,2.23
vans,state,True,AR,MN,2.28
vans,state,True,AR,MO,2.94
vans,state,True,AR,MS,3.04
vans,state,True,AR,NC,2.5
vans,state,True,AR,ND,2.17
vans,state,True,AR,NE,2.67
vans,state,True,AR,NH,2.59
vans,state,True,AR,NJ,2.61
vans,state,True,AR,NM,2.7
vans,state,True,AR,NV,1.92
vans,state,True,AR,NY,2.62
vans,state,True,AR,OH,2.33
vans,state,True,AR,OK,3.25
vans,state,True,AR,ON,2.04
vans,state,True,AR,OR,2.16
vans,state,True,AR,PA,2.65
vans,state,True,AR,PQ,1.69
vans,state,True,AR,RI,2.93
vans,state,True,AR,SC,2.49
vans,state,True,AR,SD,2.6
vans,state,True,AR,TN,3.01
vans,state,True,AR,TX,2.52
vans,state,True,AR,UT,2.22
vans,state,True,AR,VA,2.72
vans,state,True,AR,WA,2.05
vans,state,True,AR,WI,2.16
vans,state,True,AR,WV,2.47
vans,state,True,AR,WY,3.24
vans,state,True,AZ,Dest - AB,2.76
vans,state,True,AZ,AL,2.14
vans,state,True,AZ,AR,2.27
vans,state,True,AZ,AZ,3.91
vans,state,True,AZ,BC,2.08
vans,state,True,AZ,CA,1.82
vans,state,True,AZ,CO,3.48
vans,state,True,AZ,CT,2.19
vans,state,True,AZ,FL,2.51
vans,state,True,AZ,GA,2.27
vans,state,True,AZ,IA,2.17
vans,state,True,AZ,ID,2.91
vans,state,True,AZ,IL,2.09
vans,state,True,AZ,IN,2.17
vans,state,True,AZ,KS,2.77
vans,state,True,AZ,KY,2.11
vans,state,True,AZ,LA,2.25
vans,state,True,AZ,MA,2.45
vans,state,True,AZ,MD,2.46
vans,state,True,AZ,MI,2.19
vans,state,True,AZ,MN,2.25
vans,state,True,AZ,MO,2.3
vans,state,True,AZ,MS,2.21
vans,state,True,AZ,MT,3.22
vans,state,True,AZ,NC,2.29
vans,state,True,AZ,ND,2.47
vans,state,True,AZ,NE,2.16
vans,state,True,AZ,NH,2.39
vans,state,True,AZ,NJ,2.37
vans,state,True,AZ,NM,3.19
vans,state,True,AZ,NV,2.63
vans,state,True,AZ,NY,2.44
vans,state,True,AZ,OH,2.07
vans,state,True,AZ,OK,2.71
vans,state,True,AZ,ON,2.01
vans,state,True,AZ,OR,2.72
vans,state,True,AZ,PA,2.45
vans,state,True,AZ,SC,2.13
vans,state,True,AZ,SD,2.7
vans,state,True,AZ,TN,2.54
vans,state,True,AZ,TX,2.34
vans,state,True,AZ,UT,2.91
vans,state,True,AZ,VA,2.31
vans,state,True,AZ,WA,2.56
vans,state,True,AZ,WI,2.14
vans,state,True,AZ,WY,3.03
vans,state,True,BC,Dest - AB,2.17
vans,state,True,BC,BC,3.7
vans,state,True,BC,CA,1.09
vans,state,True,BC,MB,1.88
vans,state,True,BC,MI,2.15
vans,state,True,BC,MN,1.85
vans,state,True,BC,NV,1.37
vans,state,True,BC,ON,1.36
vans,state,True,BC,OR,2.58
vans,state,True,BC,PA,1.43
vans,state,True,BC,TN,1.36
vans,state,True,BC,TX,1.51
vans,state,True,BC,UT,2.03
vans,state,True,BC,WA,3.82
vans,state,True,CA,Dest - AB,2.71
vans,state,True,CA,AL,2.35
vans,state,True,CA,AR,2.5
vans,state,True,CA,AZ,3.06
vans,state,True,CA,BC,2.91
vans,state,True,CA,CA,2.77
vans,state,True,CA,CO,3.32
vans,state,True,CA,CT,2.24
vans,state,True,CA,DE,2.33
vans,state,True,CA,FL,2.48
vans,state,True,CA,GA,2.32
vans,state,True,CA,IA,2.48
vans,state,True,CA,ID,3.02
vans,state,True,CA,IL,2.14
vans,state,True,CA,IN,2.23
vans,state,True,CA,KS,2.58
vans,state,True,CA,KY,2.21
vans,state,True,CA,LA,2.42
vans,state,True,CA,MA,2.34
vans,state,True,CA,MB,2.53
vans,state,True,CA,MD,2.36
vans,state,True,CA,ME,2.22
vans,state,True,CA,MI,2.17
vans,state,True,CA,MN,2.37
vans,state,True,CA,MO,2.31
vans,state,True,CA,MS,2.51
vans,state,True,CA,MT,3.18
vans,state,True,CA,NC,2.31
vans,state,True,CA,ND,2.39
vans,state,True,CA,NE,2.68
vans,state,True,CA,NH,2.25
vans,state,True,CA,NJ,2.3
vans,state,True,CA,NM,3.17
vans,state,True,CA,NV,3.46
vans,state,True,CA,NY,2.28
vans,state,True,CA,OH,2.11
vans,state,True,CA,OK,2.76
vans,state,True,CA,ON,1.8
vans,state,True,CA,OR,3.0
vans,state,True,CA,PA,2.27
vans,state,True,CA,PQ,1.77
vans,state,True,CA,RI,2.27
vans,state,True,CA,SC,2.45
vans,state,True,CA,SD,2.54
vans,state,True,CA,TN,2.54
vans,state,True,CA,TX,2.43
vans,state,True,CA,UT,3.11
vans,state,True,CA,VA,2.34
vans,state,True,CA,VT,2.49
vans,state,True,CA,WA,2.89
vans,state,True,CA,WI,2.05
vans,state,True,CA,WV,2.12
vans,state,True,CA,WY,3.5
vans,state,True,CO,Dest - AB,2.36
vans,state,True,CO,AL,1.72
vans,state,True,CO,AR,1.86
vans,state,True,CO,AZ,1.42
vans,state,True,CO,CA,1.38
vans,state,True,CO,CO,3.78
vans,state,True,CO,FL,1.94
vans,state,True,CO,GA,1.92
vans,state,True,CO,IA,1.59
vans,state,True,CO,ID,2.25
vans,state,True,CO,IL,1.34
vans,state,True,CO,IN,1.74
vans,state,True,CO,KS,1.66
vans,state,True,CO,KY,1.56
vans,state,True,CO,LA,1.68
vans,state,True,CO,MA,2.06
vans,state,True,CO,MD,2.07
vans,state,True,CO,MI,1.81
vans,state,True,CO,MN,1.64
vans,state,True,CO,MO,1.38
vans,state,True,CO,MS,1.75
vans,state,True,CO,MT,3.04
vans,state,True,CO,NC,1.93
vans,state,True,CO,ND,2.23
vans,state,True,CO,NE,2.07
vans,state,True,CO,NJ,2.03
vans,state,True,CO,NM,2.3
vans,state,True,CO,NV,1.62
vans,state,True,CO,NY,2.12
vans,state,True,CO,OH,1.62
vans,state,True,CO,OK,1.38
vans,state,True,CO,ON,1.7
vans,state,True,CO,OR,2.34
vans,state,True,CO,PA,1.96
vans,state,True,CO,PQ,1.6
vans,state,True,CO,RI,2.06
vans,state,True,CO,SC,1.51
vans,state,True,CO,SD,2.07
vans,state,True,CO,TN,1.67
vans,state,True,CO,TX,1.44
vans,state,True,CO,UT,1.77
vans,state,True,CO,VA,1.95
vans,state,True,CO,WA,2.48
vans,state,True,CO,WI,1.53
vans,state,True,CO,WY,3.15
vans,state,True,CT,AL,2.0
vans,state,True,CT,AR,1.65
vans,state,True,CT,AZ,1.49
vans,state,True,CT,CA,1.36
vans,state,True,CT,CO,1.64
vans,state,True,CT,FL,2.34
vans,state,True,CT,GA,1.88
vans,state,True,CT,IA,1.9
vans,state,True,CT,ID,1.74
vans,state,True,CT,IL,1.61
vans,state,True,CT,IN,1.74
vans,state,True,CT,KS,2.03
vans,state,True,CT,KY,1.63
vans,state,True,CT,MA,4.59
vans,state,True,CT,MD,2.74
vans,state,True,CT,ME,4.08
vans,state,True,CT,MI,1.59
vans,state,True,CT,MN,1.73
vans,state,True,CT,MO,1.8
vans,state,True,CT,MS,1.73
vans,state,True,CT,NC,1.98
vans,state,True,CT,NE,1.78
vans,state,True,CT,NH,4.19
vans,state,True,CT,NJ,3.33
vans,state,True,CT,NV,1.65
vans,state,True,CT,NY,3.34
vans,state,True,CT,OH,1.62
vans,state,True,CT,OK,1.73
vans,state,True,CT,ON,1.74
vans,state,True,CT,PA,2.72
vans,state,True,CT,PQ,2.04
vans,state,True,CT,SC,1.96
vans,state,True,CT,TN,1.89
vans,state,True,CT,TX,1.68
vans,state,True,CT,UT,1.79
vans,state,True,CT,VA,2.34
vans,state,True,CT,VT,3.79
vans,state,True,CT,WA,1.54
vans,state,True,CT,WI,1.65
vans,state,True,DE,AL,2.24
vans,state,True,DE,AZ,1.65
vans,state,True,DE,CA,1.32
vans,state,True,DE,CT,5.71
vans,state,True,DE,FL,2.61
vans,state,True,DE,GA,2.36
vans,state,True,DE,IA,1.97
vans,state,True,DE,IL,1.83
vans,state,True,DE,IN,1.91
vans,state,True,DE,KS,1.98
vans,state,True,DE,KY,2.11
vans,state,True,DE,MA,4.8
vans,state,True,DE,ME,3.83
vans,state,True,DE,MI,2.04
vans,state,True,DE,MN,2.06
vans,state,True,DE,MO,1.84
vans,state,True,DE,NC,2.49
vans,state,True,DE,NE,1.96
vans,state,True,DE,NH,4.05
vans,state,True,DE,NJ,5.09
vans,state,True,DE,NV,1.58
vans,state,True,DE,NY,4.63
vans,state,True,DE,OH,2.34
vans,state,True,DE,ON,2.29
vans,state,True,DE,OR,1.49
vans,state,True,DE,PA,4.03
vans,state,True,DE,RI,5.36
vans,state,True,DE,SC,2.19
vans,state,True,DE,TN,2.28
vans,state,True,DE,TX,1.51
vans,state,True,DE,VA,3.75
vans,state,True,DE,WA,1.65
vans,state,True,DE,WI,1.77
vans,state,True,DE,WV,4.33
vans,state,True,FL,Dest - AB,1.86
vans,state,True,FL,AL,1.41
vans,state,True,FL,AR,1.41
vans,state,True,FL,AZ,1.49
vans,state,True,FL,CA,1.23
vans,state,True,FL,CO,2.06
vans,state,True,FL,CT,1.73
vans,state,True,FL,DE,1.73
vans,state,True,FL,FL,2.9
vans,state,True,FL,GA,1.31
vans,state,True,FL,IA,1.48
vans,state,True,FL,ID,1.61
vans,state,True,FL,IL,1.22
vans,state,True,FL,IN,1.5
vans,state,True,FL,KS,1.88
vans,state,True,FL,KY,1.35
vans,state,True,FL,LA,1.47
vans,state,True,FL,MA,1.96
vans,state,True,FL,MD,1.75
vans,state,True,FL,ME,2.0
vans,state,True,FL,MI,1.36
vans,state,True,FL,MN,1.47
vans,state,True,FL,MO,1.4
vans,state,True,FL,MS,1.43
vans,state,True,FL,MT,1.67
vans,state,True,FL,NC,1.47
vans,state,True,FL,NE,1.43
vans,state,True,FL,NH,1.89
vans,state,True,FL,NJ,1.69
vans,state,True,FL,NM,1.63
vans,state,True,FL,NV,1.54
vans,state,True,FL,NY,1.79
vans,state,True,FL,OH,1.44
vans,state,True,FL,OK,1.42
vans,state,True,FL,ON,1.34
vans,state,True,FL,OR,1.65
vans,state,True,FL,PA,1.6
vans,state,True,FL,PQ,1.49
vans,state,True,FL,RI,1.71
vans,state,True,FL,SC,1.49
vans,state,True,FL,SD,1.6
vans,state,True,FL,TN,1.41
vans,state,True,FL,TX,1.3
vans,state,True,FL,UT,1.6
vans,state,True,FL,VA,1.61
vans,state,True,FL,WA,1.61
vans,state,True,FL,WI,1.31
vans,state,True,FL,WV,1.63
vans,state,True,GA,Dest - AB,1.88
vans,state,True,GA,AL,3.22
vans,state,True,GA,AR,1.99
vans,state,True,GA,AZ,1.61
vans,state,True,GA,BC,1.82
vans,state,True,GA,CA,1.33
vans,state,True,GA,CO,2.42
vans,state,True,GA,CT,2.48
vans,state,True,GA,DE,2.41
vans,state,True,GA,FL,3.28
vans,state,True,GA,GA,3.16
vans,state,True,GA,IA,1.86
vans,state,True,GA,ID,1.9
vans,state,True,GA,IL,1.64
vans,state,True,GA,IN,1.82
vans,state,True,GA,KS,1.98
vans,state,True,GA,KY,2.13
vans,state,True,GA,LA,2.23
vans,state,True,GA,MA,2.46
vans,state,True,GA,MB,1.91
vans,state,True,GA,MD,2.49
vans,state,True,GA,ME,2.4
vans,state,True,GA,MI,1.85
vans,state,True,GA,MN,1.75
vans,state,True,GA,MO,1.9
vans,state,True,GA,MS,2.31
vans,state,True,GA,MT,2.13
vans,state,True,GA,NB,2.52
vans,state,True,GA,NC,2.76
vans,state,True,GA,ND,1.94
vans,state,True,GA,NE,1.85
vans,state,True,GA,NH,2.42
vans,state,True,GA,NJ,2.3
vans,state,True,GA,NM,1.83
vans,state,True,GA,NV,1.78
vans,state,True,GA,NY,2.42
vans,state,True,GA,OH,1.94
vans,state,True,GA,OK,2.04
vans,state,True,GA,ON,1.71
vans,state,True,GA,OR,1.83
vans,state,True,GA,PA,2.36
vans,state,True,GA,PQ,1.47
vans,state,True,GA,RI,2.43
vans,state,True,GA,SC,3.29
vans,state,True,GA,SD,1.95
vans,state,True,GA,SK,1.79
vans,state,True,GA,TN,2.44
vans,state,True,GA,TX,1.69
vans,state,True,GA,UT,1.83
vans,state,True,GA,VA,2.61
vans,state,True,GA,VT,2.34
vans,state,True,GA,WA,1.89
vans,state,True,GA,WI,1.69
vans,state,True,GA,WV,2.65
vans,state,True,GA,WY,2.08
vans,state,True,IA,Dest - AB,2.5
vans,state,True,IA,AL,2.61
vans,state,True,IA,AR,2.89
vans,state,True,IA,AZ,2.11
vans,state,True,IA,BC,2.43
vans,state,True,IA,CA,1.92
vans,state,True,IA,CO,3.54
vans,state,True,IA,CT,2.93
vans,state,True,IA,DE,3.04
vans,state,True,IA,FL,2.93
vans,state,True,IA,GA,2.96
vans,state,True,IA,IA,3.38
vans,state,True,IA,ID,2.4
vans,state,True,IA,IL,2.96
vans,state,True,IA,IN,2.96
vans,state,True,IA,KS,3.68
vans,state,True,IA,KY,2.89
vans,state,True,IA,LA,2.62
vans,state,True,IA,MA,2.9
vans,state,True,IA,MB,2.71
vans,state,True,IA,MD,2.93
vans,state,True,IA,ME,2.87
vans,state,True,IA,MI,2.87
vans,state,True,IA,MN,3.23
vans,state,True,IA,MO,3.35
vans,state,True,IA,MS,2.67
vans,state,True,IA,MT,3.34
vans,state,True,IA,NC,2.7
vans,state,True,IA,ND,2.99
vans,state,True,IA,NE,3.72
vans,state,True,IA,NH,3.05
vans,state,True,IA,NJ,2.99
vans,state,True,IA,NM,2.76
vans,state,True,IA,NV,2.21
vans,state,True,IA,NY,3.01
vans,state,True,IA,OH,2.82
vans,state,True,IA,OK,3.03
vans,state,True,IA,ON,2.04
vans,state,True,IA,OR,2.4
vans,state,True,IA,PA,3.03
vans,state,True,IA,PQ,1.76
vans,state,True,IA,RI,2.78
vans,state,True,IA,SC,2.78
vans,state,True,IA,SD,3.37
vans,state,True,IA,TN,2.94
vans,state,True,IA,TX,2.5
vans,state,True,IA,UT,2.58
vans,state,True,IA,VA,3.02
vans,state,True,IA,WA,2.38
vans,state,True,IA,WI,2.96
vans,state,True,IA,WV,2.81
vans,state,True,IA,WY,4.04
vans,state,True,ID,AL,2.13
vans,state,True,ID,AR,2.35
vans,state,True,ID,AZ,2.11
vans,state,True,ID,CA,1.98
vans,state,True,ID,CO,3.26
vans,state,True,ID,FL,2.48
vans,state,True,ID,GA,2.44
vans,state,True,ID,IA,2.3
vans,state,True,ID,ID,3.27
vans,state,True,ID,IL,2.31
vans,state,True,ID,IN,2.28
vans,state,True,ID,KS,2.56
vans,state,True,ID,KY,2.26
vans,state,True,ID,LA,2.57
vans,state,True,ID,MA,2.56
vans,state,True,ID,MD,2.78
vans,state,True,ID,MI,2.61
vans,state,True,ID,MN,2.42
vans,state,True,ID,MO,2.25
vans,state,True,ID,MS,2.32
vans,state,True,ID,MT,4.23
vans,state,True,ID,NC,2.2
vans,state,True,ID,NE,2.45
vans,state,True,ID,NJ,2.34
vans,state,True,ID,NM,2.7
vans,state,True,ID,NV,2.19
vans,state,True,ID,NY,2.56
vans,state,True,ID,OH,2.34
vans,state,True,ID,OK,2.35
vans,state,True,ID,ON,2.37
vans,state,True,ID,OR,2.84
vans,state,True,ID,PA,2.42
vans,state,True,ID,PQ,1.45
vans,state,True,ID,SC,2.21
vans,state,True,ID,SD,3.02
vans,state,True,ID,TN,2.45
vans,state,True,ID,TX,2.33
vans,state,True,ID,UT,2.93
vans,state,True,ID,VA,2.49
vans,state,True,ID,WA,3.02
vans,state,True,ID,WI,2.31
vans,state,True,ID,WY,3.45
vans,state,True,IL,Dest - AB,2.07
vans,state,True,IL,AL,3.17
vans,state,True,IL,AR,2.98
vans,state,True,IL,AZ,1.93
vans,state,True,IL,BC,2.01
vans,state,True,IL,CA,1.58
vans,state,True,IL,CO,3.24
vans,state,True,IL,CT,3.21
vans,state,True,IL,DE,3.2
vans,state,True,IL,FL,3.02
vans,state,True,IL,GA,3.1
vans,state,True,IL,IA,3.66
vans,state,True,IL,ID,2.2
vans,state,True,IL,IL,3.82
vans,state,True,IL,IN,4.16
vans,state,True,IL,KS,3.07
vans,state,True,IL,KY,3.79
vans,state,True,IL,LA,2.92
vans,state,True,IL,MA,3.13
vans,state,True,IL,MB,2.37
vans,state,True,IL,MD,3.52
vans,state,True,IL,ME,3.06
vans,state,True,IL,MI,3.9
vans,state,True,IL,MN,2.89
vans,state,True,IL,MO,3.32
vans,state,True,IL,MS,2.84
vans,state,True,IL,MT,2.75
vans,state,True,IL,NB,2.47
vans,state,True,IL,NC,3.0
vans,state,True,IL,ND,2.81
vans,state,True,IL,NE,2.96
vans,state,True,IL,NH,3.04
vans,state,True,IL,NJ,3.03
vans,state,True,IL,NM,2.3
vans,state,True,IL,NV,1.96
vans,state,True,IL,NY,3.34
vans,state,True,IL,OH,3.67
vans,state,True,IL,OK,2.81
vans,state,True,IL,ON,1.88
vans,state,True,IL,OR,1.95
vans,state,True,IL,PA,3.35
vans,state,True,IL,PQ,1.83
vans,state,True,IL,RI,2.99
vans,state,True,IL,SC,2.98
vans,state,True,IL,SD,2.9
vans,state,True,IL,SK,2.41
vans,state,True,IL,TN,3.21
vans,state,True,IL,TX,2.24
vans,state,True,IL,UT,2.31
vans,state,True,IL,VA,3.35
vans,state,True,IL,VT,3.23
vans,state,True,IL,WA,1.93
vans,state,True,IL,WI,3.34
vans,state,True,IL,WV,3.49
vans,state,True,IL,WY,2.95
vans,state,True,IN,Dest - AB,2.19
vans,state,True,IN,AL,3.17
vans,state,True,IN,AR,2.66
vans,state,True,IN,AZ,1.78
vans,state,True,IN,BC,2.09
vans,state,True,IN,CA,1.51
vans,state,True,IN,CO,2.95
vans,state,True,IN,CT,3.37
vans,state,True,IN,DE,3.43
vans,state,True,IN,FL,3.17
vans,state,True,IN,GA,3.15
vans,state,True,IN,IA,2.8
vans,state,True,IN,ID,2.15
vans,state,True,IN,IL,3.29
vans,state,True,IN,IN,3.98
vans,state,True,IN,KS,2.59
vans,state,True,IN,KY,3.7
vans,state,True,IN,LA,2.82
vans,state,True,IN,MA,3.23
vans,state,True,IN,MB,2.5
vans,state,True,IN,MD,3.48
vans,state,True,IN,ME,3.31
vans,state,True,IN,MI,3.15
vans,state,True,IN,MN,2.36
vans,state,True,IN,MO,2.86
vans,state,True,IN,MS,2.76
vans,state,True,IN,MT,2.53
vans,state,True,IN,NC,3.13
vans,state,True,IN,ND,2.32
vans,state,True,IN,NE,2.58
vans,state,True,IN,NH,3.12
vans,state,True,IN,NJ,2.98
vans,state,True,IN,NM,2.12
vans,state,True,IN,NV,1.83
vans,state,True,IN,NY,3.35
vans,state,True,IN,OH,3.66
vans,state,True,IN,OK,2.65
vans,state,True,IN,ON,2.09
vans,state,True,IN,OR,1.98
vans,state,True,IN,PA,3.33
vans,state,True,IN,PQ,1.83
vans,state,True,IN,RI,3.31
vans,state,True,IN,SC,3.13
vans,state,True,IN,SD,2.69
vans,state,True,IN,SK,2.56
vans,state,True,IN,TN,3.16
vans,state,True,IN,TX,2.07
vans,state,True,IN,UT,2.2
vans,state,True,IN,VA,3.56
vans,state,True,IN,VT,3.52
vans,state,True,IN,WA,2.04
vans,state,True,IN,WI,2.71
vans,state,True,IN,WV,4.09
vans,state,True,IN,WY,3.02
vans,state,True,KS,Dest - AB,2.12
vans,state,True,KS,AL,2.48
vans,state,True,KS,AR,2.93
vans,state,True,KS,AZ,2.14
vans,state,True,KS,BC,2.24
vans,state,True,KS,CA,1.75
vans,state,True,KS,CO,3.5
vans,state,True,KS,CT,2.54
vans,state,True,KS,DE,2.34
vans,state,True,KS,FL,2.61
vans,state,True,KS,GA,2.45
vans,state,True,KS,IA,2.71
vans,state,True,KS,ID,2.35
vans,state,True,KS,IL,2.13
vans,state,True,KS,IN,2.2
vans,state,True,KS,KS,3.95
vans,state,True,KS,KY,2.43
vans,state,True,KS,LA,2.65
vans,state,True,KS,MA,2.6
vans,state,True,KS,MD,2.77
vans,state,True,KS,ME,2.67
vans,state,True,KS,MI,2.19
vans,state,True,KS,MN,2.34
vans,state,True,KS,MO,3.37
vans,state,True,KS,MS,2.34
vans,state,True,KS,MT,3.19
vans,state,True,KS,NC,2.46
vans,state,True,KS,ND,3.03
vans,state,True,KS,NE,3.8
vans,state,True,KS,NH,3.03
vans,state,True,KS,NJ,2.54
vans,state,True,KS,NM,3.15
vans,state,True,KS,NV,2.17
vans,state,True,KS,NY,2.52
vans,state,True,KS,OH,2.17
vans,state,True,KS,OK,3.36
vans,state,True,KS,ON,1.66
vans,state,True,KS,OR,2.33
vans,state,True,KS,PA,2.5
vans,state,True,KS,PQ,1.5
vans,state,True,KS,SC,2.44
vans,state,True,KS,SD,2.93
vans,state,True,KS,TN,2.3
vans,state,True,KS,TX,2.38
vans,state,True,KS,UT,2.64
vans,state,True,KS,VA,2.57
vans,state,True,KS,VT,2.91
vans,state,True,KS,WA,2.41
vans,state,True,KS,WI,2.15
vans,state,True,KS,WV,2.69
vans,state,True,KS,WY,3.6
vans,state,True,KY,Dest - AB,2.29
vans,state,True,KY,AL,3.45
vans,state,True,KY,AR,2.65
vans,state,True,KY,AZ,1.81
vans,state,True,KY,BC,2.06
vans,state,True,KY,CA,1.61
vans,state,True,KY,CO,2.81
vans,state,True,KY,CT,3.14
vans,state,True,KY,DE,3.53
vans,state,True,KY,FL,3.25
vans,state,True,KY,GA,3.38
vans,state,True,KY,IA,2.54
vans,state,True,KY,ID,2.14
vans,state,True,KY,IL,2.58
vans,state,True,KY,IN,3.26
vans,state,True,KY,KS,2.48
vans,state,True,KY,KY,3.93
vans,state,True,KY,LA,2.71
vans,state,True,KY,MA,3.11
vans,state,True,KY,MB,2.64
vans,state,True,KY,MD,3.43
vans,state,True,KY,ME,3.14
vans,state,True,KY,MI,2.67
vans,state,True,KY,MN,2.29
vans,state,True,KY,MO,2.66
vans,state,True,KY,MS,2.89
vans,state,True,KY,MT,2.46
vans,state,True,KY,NC,3.18
vans,state,True,KY,ND,2.29
vans,state,True,KY,NE,2.67
vans,state,True,KY,NH,2.97
vans,state,True,KY,NJ,3.12
vans,state,True,KY,NM,2.46
vans,state,True,KY,NV,1.82
vans,state,True,KY,NY,3.45
vans,state,True,KY,OH,3.19
vans,state,True,KY,OK,2.72
vans,state,True,KY,ON,2.1
vans,state,True,KY,OR,2.09
vans,state,True,KY,PA,3.33
vans,state,True,KY,PQ,1.71
vans,state,True,KY,RI,3.31
vans,state,True,KY,SC,3.27
vans,state,True,KY,SD,3.03
vans,state,True,KY,TN,3.65
vans,state,True,KY,TX,2.09
vans,state,True,KY,UT,2.24
vans,state,True,KY,VA,3.75
vans,state,True,KY,VT,3.33
vans,state,True,KY,WA,2.32
vans,state,True,KY,WI,2.27
vans,state,True,KY,WV,4.08
vans,state,True,KY,WY,2.9
vans,state,True,LA,Dest - AB,2.36
vans,state,True,LA,AL,2.83
vans,state,True,LA,AR,2.84
vans,state,True,LA,AZ,1.83
vans,state,True,LA,CA,1.65
vans,state,True,LA,CO,2.46
vans,state,True,LA,CT,2.44
vans,state,True,LA,DE,2.54
vans,state,True,LA,FL,3.09
vans,state,True,LA,GA,2.59
vans,state,True,LA,IA,2.18
vans,state,True,LA,ID,2.13
vans,state,True,LA,IL,1.99
vans,state,True,LA,IN,2.09
vans,state,True,LA,KS,2.34
vans,state,True,LA,KY,2.2
vans,state,True,LA,LA,3.47
vans,state,True,LA,MA,2.44
vans,state,True,LA,MD,2.46
vans,state,True,LA,MI,2.03
vans,state,True,LA,MN,1.97
vans,state,True,LA,MO,2.17
vans,state,True,LA,MS,3.55
vans,state,True,LA,NC,2.37
vans,state,True,LA,ND,2.35
vans,state,True,LA,NE,2.25
vans,state,True,LA,NJ,2.31
vans,state,True,LA,NM,1.87
vans,state,True,LA,NV,2.05
vans,state,True,LA,NY,2.36
vans,state,True,LA,OH,2.11
vans,state,True,LA,OK,2.49
vans,state,True,LA,ON,1.74
vans,state,True,LA,OR,2.0
vans,state,True,LA,PA,2.37
vans,state,True,LA,PQ,1.83
vans,state,True,LA,RI,2.42
vans,state,True,LA,SC,2.47
vans,state,True,LA,TN,2.41
vans,state,True,LA,TX,2.32
vans,state,True,LA,UT,2.06
vans,state,True,LA,VA,2.54
vans,state,True,LA,WA,2.0
vans,state,True,LA,WI,1.99
vans,state,True,LA,WV,2.37
vans,state,True,MA,AL,1.91
vans,state,True,MA,AR,1.76
vans,state,True,MA,AZ,1.65
vans,state,True,MA,CA,1.38
vans,state,True,MA,CO,2.32
vans,state,True,MA,CT,3.61
vans,state,True,MA,DE,2.7
vans,state,True,MA,FL,2.23
vans,state,True,MA,GA,2.06
vans,state,True,MA,IA,2.23
vans,state,True,MA,ID,1.89
vans,state,True,MA,IL,1.49
vans,state,True,MA,IN,1.7
vans,state,True,MA,KS,1.76
vans,state,True,MA,KY,1.65
vans,state,True,MA,LA,1.76
vans,state,True,MA,MD,2.38
vans,state,True,MA,ME,3.84
vans,state,True,MA,MI,1.68
vans,state,True,MA,MN,1.68
vans,state,True,MA,MO,1.69
vans,state,True,MA,MS,1.68
vans,state,True,MA,NC,1.98
vans,state,True,MA,NE,1.38
vans,state,True,MA,NH,4.16
vans,state,True,MA,NJ,2.85
vans,state,True,MA,NV,1.6
vans,state,True,MA,NY,3.16
vans,state,True,MA,OH,1.5
vans,state,True,MA,OK,1.63
vans,state,True,MA,ON,1.9
vans,state,True,MA,OR,1.59
vans,state,True,MA,PA,2.32
vans,state,True,MA,PQ,2.09
vans,state,True,MA,SC,1.94
vans,state,True,MA,TN,1.95
vans,state,True,MA,TX,1.54
vans,state,True,MA,UT,1.91
vans,state,True,MA,VA,2.23
vans,state,True,MA,VT,4.09
vans,state,True,MA,WA,1.81
vans,state,True,MA,WI,1.58
vans,state,True,MA,WV,1.94
vans,state,True,MB,Dest - AB,2.37
vans,state,True,MB,CA,1.76
vans,state,True,MB,IA,2.34
vans,state,True,MB,IL,1.96
vans,state,True,MB,KY,1.35
vans,state,True,MB,MN,2.57
vans,state,True,MB,ON,1.44
vans,state,True,MB,PA,2.0
vans,state,True,MB,SK,3.11
vans,state,True,MB,TX,2.41
vans,state,True,MB,WI,1.98
vans,state,True,MD,AL,2.08
vans,state,True,MD,AR,1.84
vans,state,True,MD,AZ,1.52
vans,state,True,MD,CA,1.31
vans,state,True,MD,CO,2.25
vans,state,True,MD,CT,4.77
vans,state,True,MD,FL,2.74
vans,state,True,MD,GA,2.21
vans,state,True,MD,IA,1.86
vans,state,True,MD,IL,1.78
vans,state,True,MD,IN,1.82
vans,state,True,MD,KS,1.95
vans,state,True,MD,KY,1.89
vans,state,True,MD,LA,1.96
vans,state,True,MD,MA,4.35
vans,state,True,MD,MD,4.8
vans,state,True,MD,ME,3.91
vans,state,True,MD,MI,1.91
vans,state,True,MD,MN,1.87
vans,state,True,MD,MO,1.83
vans,state,True,MD,MS,1.86
vans,state,True,MD,NC,2.67
vans,state,True,MD,ND,1.8
vans,state,True,MD,NE,1.81
vans,state,True,MD,NH,4.2
vans,state,True,MD,NJ,4.28
vans,state,True,MD,NV,1.62
vans,state,True,MD,NY,4.18
vans,state,True,MD,OH,2.25
vans,state,True,MD,OK,1.84
vans,state,True,MD,ON,2.18
vans,state,True,MD,OR,1.75
vans,state,True,MD,PA,4.18
vans,state,True,MD,PQ,1.94
vans,state,True,MD,RI,4.23
vans,state,True,MD,SC,2.43
vans,state,True,MD,SD,1.76
vans,state,True,MD,TN,1.99
vans,state,True,MD,TX,1.63
vans,state,True,MD,UT,1.82
vans,state,True,MD,VA,3.67
vans,state,True,MD,VT,3.72
vans,state,True,MD,WA,2.04
vans,state,True,MD,WI,1.8
vans,state,True,MD,WV,2.91
vans,state,True,ME,AL,2.05
vans,state,True,ME,AR,1.86
vans,state,True,ME,AZ,1.79
vans,state,True,ME,CA,1.66
vans,state,True,ME,CT,4.44
vans,state,True,ME,FL,2.33
vans,state,True,ME,GA,1.99
vans,state,True,ME,IL,1.64
vans,state,True,ME,IN,1.86
vans,state,True,ME,KY,1.83
vans,state,True,ME,MA,4.46
vans,state,True,ME,MD,2.55
vans,state,True,ME,ME,3.42
vans,state,True,ME,MI,1.83
vans,state,True,ME,MN,1.89
vans,state,True,ME,NC,2.26
vans,state,True,ME,NJ,2.84
vans,state,True,ME,NY,3.23
vans,state,True,ME,OH,1.79
vans,state,True,ME,OK,1.97
vans,state,True,ME,ON,2.11
vans,state,True,ME,PA,2.52
vans,state,True,ME,RI,4.61
vans,state,True,ME,SC,2.23
vans,state,True,ME,TN,1.77
vans,state,True,ME,TX,1.79
vans,state,True,ME,UT,1.86
vans,state,True,ME,VA,2.47
vans,state,True,ME,WI,1.8
vans,state,True,ME,WV,2.38
vans,state,True,MI,Dest - AB,2.75
vans,state,True,MI,AL,2.71
vans,state,True,MI,AR,2.45
vans,state,True,MI,AZ,1.86
vans,state,True,MI,CA,1.68
vans,state,True,MI,CO,3.02
vans,state,True,MI,CT,3.47
vans,state,True,MI,DE,3.25
vans,state,True,MI,FL,2.91
vans,state,True,MI,GA,2.91
vans,state,True,MI,IA,2.62
vans,state,True,MI,ID,2.02
vans,state,True,MI,IL,3.03
vans,state,True,MI,IN,3.07
vans,state,True,MI,KS,2.57
vans,state,True,MI,KY,2.81
vans,state,True,MI,LA,2.38
vans,state,True,MI,MA,3.31
vans,state,True,MI,MB,2.25
vans,state,True,MI,MD,3.39
vans,state,True,MI,ME,3.44
vans,state,True,MI,MI,3.35
vans,state,True,MI,MN,2.48
vans,state,True,MI,MO,2.58
vans,state,True,MI,MS,2.51
vans,state,True,MI,NC,2.96
vans,state,True,MI,ND,2.46
vans,state,True,MI,NE,2.58
vans,state,True,MI,NH,3.15
vans,state,True,MI,NJ,3.06
vans,state,True,MI,NM,2.14
vans,state,True,MI,NV,1.95
vans,state,True,MI,NY,3.52
vans,state,True,MI,OH,3.45
vans,state,True,MI,OK,2.75
vans,state,True,MI,ON,2.62
vans,state,True,MI,OR,2.08
vans,state,True,MI,PA,3.4
vans,state,True,MI,PQ,2.31
vans,state,True,MI,RI,3.37
vans,state,True,MI,SC,2.74
vans,state,True,MI,SD,2.71
vans,state,True,MI,SK,2.2
vans,state,True,MI,TN,2.7
vans,state,True,MI,TX,1.82
vans,state,True,MI,UT,2.19
vans,state,True,MI,VA,3.32
vans,state,True,MI,VT,3.69
vans,state,True,MI,WA,2.01
vans,state,True,MI,WI,2.55
vans,state,True,MI,WV,3.75
vans,state,True,MN,Dest - AB,2.14
vans,state,True,MN,AL,2.48
vans,state,True,MN,AR,2.77
vans,state,True,MN,AZ,2.22
vans,state,True,MN,BC,2.17
vans,state,True,MN,CA,1.98
vans,state,True,MN,CO,3.44
vans,state,True,MN,CT,2.87
vans,state,True,MN,FL,2.67
vans,state,True,MN,GA,2.61
vans,state,True,MN,IA,3.53
vans,state,True,MN,ID,2.49
vans,state,True,MN,IL,2.63
vans,state,True,MN,IN,2.69
vans,state,True,MN,KS,3.07
vans,state,True,MN,KY,2.68
vans,state,True,MN,LA,2.51
vans,state,True,MN,MA,2.81
vans,state,True,MN,MB,3.37
vans,state,True,MN,MD,2.92
vans,state,True,MN,ME,2.69
vans,state,True,MN,MI,2.67
vans,state,True,MN,MN,3.77
vans,state,True,MN,MO,2.88
vans,state,True,MN,MS,2.87
vans,state,True,MN,MT,3.35
vans,state,True,MN,NC,2.67
vans,state,True,MN,ND,3.49
vans,state,True,MN,NE,3.15
vans,state,True,MN,NH,2.86
vans,state,True,MN,NJ,2.81
vans,state,True,MN,NM,2.47
vans,state,True,MN,NV,2.25
vans,state,True,MN,NY,2.96
vans,state,True,MN,OH,2.56
vans,state,True,MN,OK,2.84
vans,state,True,MN,ON,1.67
vans,state,True,MN,OR,2.57
vans,state,True,MN,PA,2.96
vans,state,True,MN,PQ,1.72
vans,state,True,MN,RI,2.75
vans,state,True,MN,SC,2.66
vans,state,True,MN,SD,3.62
vans,state,True,MN,TN,2.71
vans,state,True,MN,TX,2.44
vans,state,True,MN,UT,2.53
vans,state,True,MN,VA,2.81
vans,state,True,MN,VT,2.99
vans,state,True,MN,WA,2.5
vans,state,True,MN,WI,2.99
vans,state,True,MN,WV,2.94
vans,state,True,MN,WY,3.69
vans,state,True,MO,Dest - AB,2.25
vans,state,True,MO,AL,2.63
vans,state,True,MO,AR,3.2
vans,state,True,MO,AZ,1.95
vans,state,True,MO,BC,2.35
vans,state,True,MO,CA,1.77
vans,state,True,MO,CO,3.43
vans,state,True,MO,CT,2.74
vans,state,True,MO,DE,2.57
vans,state,True,MO,FL,2.87
vans,state,True,MO,GA,2.7
vans,state,True,MO,IA,2.92
vans,state,True,MO,ID,2.3
vans,state,True,MO,IL,2.41
vans,state,True,MO,IN,2.43
vans,state,True,MO,KS,3.53
vans,state,True,MO,KY,2.7
vans,state,True,MO,LA,2.74
vans,state,True,MO,MA,2.73
vans,state,True,MO,MB,2.67
vans,state,True,MO,MD,2.7
vans,state,True,MO,MI,2.27
vans,state,True,MO,MN,2.43
vans,state,True,MO,MO,3.51
vans,state,True,MO,MS,2.63
vans,state,True,MO,MT,2.91
vans,state,True,MO,NC,2.65
vans,state,True,MO,ND,2.5
vans,state,True,MO,NE,3.42
vans,state,True,MO,NH,2.33
vans,state,True,MO,NJ,2.77
vans,state,True,MO,NM,2.97
vans,state,True,MO,NV,1.98
vans,state,True,MO,NY,2.83
vans,state,True,MO,OH,2.42
vans,state,True,MO,OK,3.2
vans,state,True,MO,ON,1.95
vans,state,True,MO,OR,2.29
vans,state,True,MO,PA,2.69
vans,state,True,MO,PQ,1.77
vans,state,True,MO,SC,2.55
vans,state,True,MO,SD,3.11
vans,state,True,MO,SK,2.34
vans,state,True,MO,TN,2.65
vans,state,True,MO,TX,2.39
vans,state,True,MO,UT,2.39
vans,state,True,MO,VA,2.95
vans,state,True,MO,WA,2.26
vans,state,True,MO,WI,2.24
vans,state,True,MO,WV,2.81
vans,state,True,MO,WY,3.56
vans,state,True,MS,Dest - AB,2.13
vans,state,True,MS,AL,3.6
vans,state,True,MS,AR,2.98
vans,state,True,MS,AZ,1.81
vans,state,True,MS,CA,1.65
vans,state,True,MS,CO,2.66
vans,state,True,MS,CT,2.75
vans,state,True,MS,FL,3.27
vans,state,True,MS,GA,2.97
vans,state,True,MS,IA,2.32
vans,state,True,MS,ID,2.23
vans,state,True,MS,IL,2.13
vans,state,True,MS,IN,2.29
vans,state,True,MS,KS,2.5
vans,state,True,MS,KY,2.68
vans,state,True,MS,LA,3.64
vans,state,True,MS,MA,2.56
vans,state,True,MS,MD,2.83
vans,state,True,MS,ME,2.83
vans,state,True,MS,MI,2.2
vans,state,True,MS,MN,2.23
vans,state,True,MS,MO,2.54
vans,state,True,MS,MS,3.54
vans,state,True,MS,MT,2.45
vans,state,True,MS,NC,2.58
vans,state,True,MS,ND,2.67
vans,state,True,MS,NE,2.21
vans,state,True,MS,NJ,2.58
vans,state,True,MS,NM,2.08
vans,state,True,MS,NV,1.97
vans,state,True,MS,NY,2.69
vans,state,True,MS,OH,2.3
vans,state,True,MS,OK,2.85
vans,state,True,MS,ON,1.82
vans,state,True,MS,OR,1.85
vans,state,True,MS,PA,2.6
vans,state,True,MS,PQ,1.77
vans,state,True,MS,RI,2.75
vans,state,True,MS,SC,2.68
vans,state,True,MS,SD,2.58
vans,state,True,MS,TN,2.93
vans,state,True,MS,TX,2.16
vans,state,True,MS,UT,2.08
vans,state,True,MS,VA,2.75
vans,state,True,MS,WA,2.1
vans,state,True,MS,WI,2.11
vans,state,True,MS,WV,2.76
vans,state,True,MT,AZ,2.08
vans,state,True,MT,CA,1.83
vans,state,True,MT,CO,2.61
vans,state,True,MT,FL,2.36
vans,state,True,MT,GA,2.16
vans,state,True,MT,ID,3.13
vans,state,True,MT,IL,1.95
vans,state,True,MT,IN,1.94
vans,state,True,MT,KS,2.08
vans,state,True,MT,KY,1.83
vans,state,True,MT,MI,2.13
vans,state,True,MT,MN,2.1
vans,state,True,MT,MO,2.17
vans,state,True,MT,MT,4.66
vans,state,True,MT,NC,2.11
vans,state,True,MT,NE,2.14
vans,state,True,MT,NJ,2.21
vans,state,True,MT,NV,2.03
vans,state,True,MT,NY,2.19
vans,state,True,MT,OH,2.04
vans,state,True,MT,ON,1.73
vans,state,True,MT,OR,2.41
vans,state,True,MT,PA,2.2
vans,state,True,MT,SC,1.57
vans,state,True,MT,TX,2.07
vans,state,True,MT,UT,2.27
vans,state,True,MT,WA,2.49
vans,state,True,MT,WI,1.9
vans,state,True,MT,WY,3.01
vans,state,True,NC,Dest - AB,2.04
vans,state,True,NC,AL,2.37
vans,state,True,NC,AR,1.93
vans,state,True,NC,AZ,1.66
vans,state,True,NC,BC,1.89
vans,state,True,NC,CA,1.42
vans,state,True,NC,CO,2.41
vans,state,True,NC,CT,3.13
vans,state,True,NC,DE,3.18
vans,state,True,NC,FL,2.97
vans,state,True,NC,GA,2.64
vans,state,True,NC,IA,2.04
vans,state,True,NC,ID,1.87
vans,state,True,NC,IL,1.86
vans,state,True,NC,IN,2.04
vans,state,True,NC,KS,2.14
vans,state,True,NC,KY,2.22
vans,state,True,NC,LA,2.01
vans,state,True,NC,MA,3.13
vans,state,True,NC,MD,3.17
vans,state,True,NC,ME,2.99
vans,state,True,NC,MI,2.01
vans,state,True,NC,MN,1.9
vans,state,True,NC,MO,1.98
vans,state,True,NC,MS,1.98
vans,state,True,NC,MT,2.44
vans,state,True,NC,NC,3.46
vans,state,True,NC,ND,1.96
vans,state,True,NC,NE,1.93
vans,state,True,NC,NH,3.05
vans,state,True,NC,NJ,2.81
vans,state,True,NC,NM,1.68
vans,state,True,NC,NV,1.66
vans,state,True,NC,NY,2.93
vans,state,True,NC,OH,2.2
vans,state,True,NC,OK,1.96
vans,state,True,NC,ON,1.94
vans,state,True,NC,OR,1.86
vans,state,True,NC,PA,2.81
vans,state,True,NC,PQ,1.97
vans,state,True,NC,RI,3.22
vans,state,True,NC,SC,3.13
vans,state,True,NC,SD,2.04
vans,state,True,NC,TN,2.47
vans,state,True,NC,TX,1.68
vans,state,True,NC,UT,1.87
vans,state,True,NC,VA,3.55
vans,state,True,NC,VT,2.82
vans,state,True,NC,WA,1.84
vans,state,True,NC,WI,1.84
vans,state,True,NC,WV,3.21
vans,state,True,NC,WY,2.24
vans,state,True,ND,AL,2.76
vans,state,True,ND,AR,2.68
vans,state,True,ND,AZ,2.28
vans,state,True,ND,CA,2.32
vans,state,True,ND,CO,3.24
vans,state,True,ND,FL,2.72
vans,state,True,ND,GA,2.54
vans,state,True,ND,IA,3.18
vans,state,True,ND,ID,3.43
vans,state,True,ND,IL,2.62
vans,state,True,ND,IN,2.94
vans,state,True,ND,KS,3.05
vans,state,True,ND,KY,2.44
vans,state,True,ND,MD,3.24
vans,state,True,ND,MI,2.72
vans,state,True,ND,MN,3.76
vans,state,True,ND,MO,3.0
vans,state,True,ND,NC,2.68
vans,state,True,ND,ND,5.19
vans,state,True,ND,NE,3.75
vans,state,True,ND,NV,2.86
vans,state,True,ND,NY,2.97
vans,state,True,ND,OH,2.93
vans,state,True,ND,OK,2.32
vans,state,True,ND,PA,2.96
vans,state,True,ND,SC,2.56
vans,state,True,ND,SD,6.01
vans,state,True,ND,TN,2.75
vans,state,True,ND,TX,2.58
vans,state,True,ND,UT,2.97
vans,state,True,ND,VA,2.92
vans,state,True,ND,WA,2.89
vans,state,True,ND,WI,2.62
vans,state,True,NE,AL,2.79
vans,state,True,NE,AR,2.4
vans,state,True,NE,AZ,2.06
vans,state,True,NE,CA,2.01
vans,state,True,NE,CO,4.14
vans,state,True,NE,CT,2.77
vans,state,True,NE,FL,2.73
vans,state,True,NE,GA,2.66
vans,state,True,NE,IA,2.74
vans,state,True,NE,ID,2.66
vans,state,True,NE,IL,2.3
vans,state,True,NE,IN,2.48
vans,state,True,NE,KS,3.48
vans,state,True,NE,KY,2.32
vans,state,True,NE,LA,2.85
vans,state,True,NE,MA,2.87
vans,state,True,NE,MD,2.9
vans,state,True,NE,MI,2.4
vans,state,True,NE,MN,2.62
vans,state,True,NE,MO,3.05
vans,state,True,NE,MS,2.39
vans,state,True,NE,MT,2.83
vans,state,True,NE,NC,2.34
vans,state,True,NE,ND,3.21
vans,state,True,NE,NE,4.02
vans,state,True,NE,NH,2.7
vans,state,True,NE,NJ,2.77
vans,state,True,NE,NM,3.07
vans,state,True,NE,NV,2.41
vans,state,True,NE,NY,2.86
vans,state,True,NE,OH,2.5
vans,state,True,NE,OK,2.74
vans,state,True,NE,ON,1.54
vans,state,True,NE,OR,2.65
vans,state,True,NE,PA,2.58
vans,state,True,NE,SC,2.39
vans,state,True,NE,SD,3.41
vans,state,True,NE,TN,2.42
vans,state,True,NE,TX,2.48
vans,state,True,NE,UT,3.11
vans,state,True,NE,VA,2.66
vans,state,True,NE,WA,3.01
vans,state,True,NE,WI,2.2
vans,state,True,NE,WV,2.55
vans,state,True,NH,AL,2.01
vans,state,True,NH,AZ,1.53
vans,state,True,NH,CA,1.36
vans,state,True,NH,CO,2.35
vans,state,True,NH,CT,4.59
vans,state,True,NH,DE,2.43
vans,state,True,NH,FL,2.38
vans,state,True,NH,GA,2.42
vans,state,True,NH,IL,1.44
vans,state,True,NH,IN,1.89
vans,state,True,NH,KY,1.58
vans,state,True,NH,MD,2.63
vans,state,True,NH,ME,4.24
vans,state,True,NH,MI,1.55
vans,state,True,NH,MN,1.78
vans,state,True,NH,MO,1.7
vans,state,True,NH,NC,1.84
vans,state,True,NH,NJ,2.86
vans,state,True,NH,NY,3.36
vans,state,True,NH,OH,1.72
vans,state,True,NH,OK,1.91
vans,state,True,NH,ON,1.73
vans,state,True,NH,PA,2.51
vans,state,True,NH,PQ,2.76
vans,state,True,NH,SC,2.15
vans,state,True,NH,TN,1.56
vans,state,True,NH,TX,1.69
vans,state,True,NH,VA,2.28
vans,state,True,NH,WI,1.62
vans,state,True,NJ,Dest - AB,2.17
vans,state,True,NJ,AL,2.16
vans,state,True,NJ,AR,1.88
vans,state,True,NJ,AZ,1.5
vans,state,True,NJ,BC,1.83
vans,state,True,NJ,CA,1.32
vans,state,True,NJ,CO,2.18
vans,state,True,NJ,CT,5.4
vans,state,True,NJ,DE,6.41
vans,state,True,NJ,FL,2.62
vans,state,True,NJ,GA,2.22
vans,state,True,NJ,IA,1.92
vans,state,True,NJ,ID,1.73
vans,state,True,NJ,IL,1.66
vans,state,True,NJ,IN,1.8
vans,state,True,NJ,KS,2.11
vans,state,True,NJ,KY,1.97
vans,state,True,NJ,LA,1.91
vans,state,True,NJ,MA,4.66
vans,state,True,NJ,MB,1.91
vans,state,True,NJ,MD,4.45
vans,state,True,NJ,ME,3.64
vans,state,True,NJ,MI,1.86
vans,state,True,NJ,MN,1.8
vans,state,True,NJ,MO,1.93
vans,state,True,NJ,MS,1.81
vans,state,True,NJ,MT,2.26
vans,state,True,NJ,NC,2.44
vans,state,True,NJ,ND,1.92
vans,state,True,NJ,NE,2.0
vans,state,True,NJ,NH,4.28
vans,state,True,NJ,NM,1.73
vans,state,True,NJ,NV,1.59
vans,state,True,NJ,NY,3.75
vans,state,True,NJ,OH,2.04
vans,state,True,NJ,OK,1.87
vans,state,True,NJ,ON,1.9
vans,state,True,NJ,OR,1.67
vans,state,True,NJ,PA,3.58
vans,state,True,NJ,PQ,1.91
vans,state,True,NJ,RI,5.14
vans,state,True,NJ,SC,2.39
vans,state,True,NJ,SD,1.89
vans,state,True,NJ,TN,1.96
vans,state,True,NJ,TX,1.64
vans,state,True,NJ,UT,1.75
vans,state,True,NJ,VA,3.63
vans,state,True,NJ,VT,4.06
vans,state,True,NJ,WA,1.86
vans,state,True,NJ,WI,1.71
vans,state,True,NJ,WV,2.79
vans,state,True,NJ,WY,2.06
vans,state,True,NM,Dest - AB,2.1
vans,state,True,NM,AL,2.16
vans,state,True,NM,AR,2.02
vans,state,True,NM,AZ,1.93
vans,state,True,NM,CA,1.47
vans,state,True,NM,CO,3.21
vans,state,True,NM,FL,2.44
vans,state,True,NM,GA,2.11
vans,state,True,NM,IA,2.32
vans,state,True,NM,IL,2.14
vans,state,True,NM,IN,2.37
vans,state,True,NM,KS,2.26
vans,state,True,NM,KY,1.92
vans,state,True,NM,LA,1.89
vans,state,True,NM,MD,2.31
vans,state,True,NM,MI,1.87
vans,state,True,NM,MO,2.35
vans,state,True,NM,MS,2.06
vans,state,True,NM,NE,2.26
vans,state,True,NM,NJ,2.11
vans,state,True,NM,NM,3.2
vans,state,True,NM,NV,2.22
vans,state,True,NM,OH,2.08
vans,state,True,NM,OK,1.98
vans,state,True,NM,PA,2.11
vans,state,True,NM,SC,2.43
vans,state,True,NM,TN,2.49
vans,state,True,NM,TX,2.08
vans,state,True,NM,UT,3.09
vans,state,True,NM,WA,2.16
vans,state,True,NM,WI,1.81
vans,state,True,NS,OH,1.77
vans,state,True,NV,Dest - AB,2.58
vans,state,True,NV,AL,2.39
vans,state,True,NV,AR,2.21
vans,state,True,NV,AZ,2.48
vans,state,True,NV,BC,3.35
vans,state,True,NV,CA,2.19
vans,state,True,NV,CO,3.54
vans,state,True,NV,CT,2.3
vans,state,True,NV,FL,2.36
vans,state,True,NV,GA,2.22
vans,state,True,NV,IA,2.05
vans,state,True,NV,ID,3.26
vans,state,True,NV,IL,2.06
vans,state,True,NV,IN,2.49
vans,state,True,NV,KS,2.52
vans,state,True,NV,KY,2.18
vans,state,True,NV,LA,2.33
vans,state,True,NV,MA,2.31
vans,state,True,NV,MD,2.26
vans,state,True,NV,MI,2.01
vans,state,True,NV,MN,2.11
vans,state,True,NV,MO,2.31
vans,state,True,NV,MS,2.49
vans,state,True,NV,MT,3.57
vans,state,True,NV,NC,2.17
vans,state,True,NV,NE,2.42
vans,state,True,NV,NJ,2.44
vans,state,True,NV,NM,3.1
vans,state,True,NV,NV,2.49
vans,state,True,NV,NY,2.36
vans,state,True,NV,OH,2.16
vans,state,True,NV,OK,2.36
vans,state,True,NV,ON,2.05
vans,state,True,NV,OR,3.35
vans,state,True,NV,PA,2.24
vans,state,True,NV,SC,2.27
vans,state,True,NV,TN,2.32
vans,state,True,NV,TX,2.29
vans,state,True,NV,UT,3.24
vans,state,True,NV,VA,2.29
vans,state,True,NV,WA,3.11
vans,state,True,NV,WI,2.02
vans,state,True,NV,WY,3.29
vans,state,True,NY,Dest - AB,1.77
vans,state,True,NY,AL,2.37
vans,state,True,NY,AR,2.08
vans,state,True,NY,AZ,1.85
vans,state,True,NY,CA,1.44
vans,state,True,NY,CO,2.43
vans,state,True,NY,CT,4.39
vans,state,True,NY,DE,3.78
vans,state,True,NY,FL,2.62
vans,state,True,NY,GA,2.43
vans,state,True,NY,IA,2.19
vans,state,True,NY,ID,1.86
vans,state,True,NY,IL,1.94
vans,state,True,NY,IN,2.03
vans,state,True,NY,KS,2.18
vans,state,True,NY,KY,2.18
vans,state,True,NY,LA,2.08
vans,state,True,NY,MA,4.35
vans,state,True,NY,MD,4.12
vans,state,True,NY,ME,3.88
vans,state,True,NY,MI,2.16
vans,state,True,NY,MN,2.1
vans,state,True,NY,MO,2.05
vans,state,True,NY,MS,2.01
vans,state,True,NY,NC,2.71
vans,state,True,NY,NE,2.15
vans,state,True,NY,NH,4.61
vans,state,True,NY,NJ,3.95
vans,state,True,NY,NS,2.65
vans,state,True,NY,NV,1.68
vans,state,True,NY,NY,4.44
vans,state,True,NY,OH,2.2
vans,state,True,NY,OK,2.06
vans,state,True,NY,ON,2.63
vans,state,True,NY,OR,2.0
vans,state,True,NY,PA,3.93
vans,state,True,NY,PQ,2.99
vans,state,True,NY,RI,4.34
vans,state,True,NY,SC,2.41
vans,state,True,NY,SD,2.21
vans,state,True,NY,TN,2.29
vans,state,True,NY,TX,1.77
vans,state,True,NY,UT,1.94
vans,state,True,NY,VA,3.28
vans,state,True,NY,VT,4.6
vans,state,True,NY,WA,1.9
vans,state,True,NY,WI,1.95
vans,state,True,NY,WV,3.16
vans,state,True,OH,Dest - AB,1.97
vans,state,True,OH,AL,2.93
vans,state,True,OH,AR,2.53
vans,state,True,OH,AZ,1.75
vans,state,True,OH,BC,1.77
vans,state,True,OH,CA,1.53
vans,state,True,OH,CO,2.82
vans,state,True,OH,CT,3.53
vans,state,True,OH,DE,3.86
vans,state,True,OH,FL,3.13
vans,state,True,OH,GA,2.99
vans,state,True,OH,IA,2.38
vans,state,True,OH,ID,1.97
vans,state,True,OH,IL,2.47
vans,state,True,OH,IN,3.11
vans,state,True,OH,KS,2.54
vans,state,True,OH,KY,3.19
vans,state,True,OH,LA,2.38
vans,state,True,OH,MA,3.46
vans,state,True,OH,MB,2.1
vans,state,True,OH,MD,4.11
vans,state,True,OH,ME,3.44
vans,state,True,OH,MI,3.25
vans,state,True,OH,MN,2.24
vans,state,True,OH,MO,2.4
vans,state,True,OH,MS,2.74
vans,state,True,OH,MT,2.48
vans,state,True,OH,NC,3.37
vans,state,True,OH,ND,2.48
vans,state,True,OH,NE,2.41
vans,state,True,OH,NH,3.47
vans,state,True,OH,NJ,3.42
vans,state,True,OH,NM,2.08
vans,state,True,OH,NV,1.87
vans,state,True,OH,NY,3.79
vans,state,True,OH,OH,3.72
vans,state,True,OH,OK,2.34
vans,state,True,OH,ON,2.42
vans,state,True,OH,OR,1.9
vans,state,True,OH,PA,3.96
vans,state,True,OH,PQ,2.04
vans,state,True,OH,RI,3.74
vans,state,True,OH,SC,3.13
vans,state,True,OH,SD,2.48
vans,state,True,OH,TN,2.87
vans,state,True,OH,TX,1.95
vans,state,True,OH,UT,2.13
vans,state,True,OH,VA,3.83
vans,state,True,OH,VT,3.66
vans,state,True,OH,WA,1.99
vans,state,True,OH,WI,2.21
vans,state,True,OH,WV,4.88
vans,state,True,OH,WY,2.54
vans,state,True,OK,AL,2.31
vans,state,True,OK,AR,3.2
vans,state,True,OK,AZ,1.93
vans,state,True,OK,CA,1.7
vans,state,True,OK,CO,3.3
vans,state,True,OK,CT,2.55
vans,state,True,OK,DE,2.09
vans,state,True,OK,FL,2.69
vans,state,True,OK,GA,2.45
vans,state,True,OK,IA,2.16
vans,state,True,OK,ID,2.19
vans,state,True,OK,IL,2.08
vans,state,True,OK,IN,2.13
vans,state,True,OK,KS,3.31
vans,state,True,OK,KY,2.39
vans,state,True,OK,LA,2.6
vans,state,True,OK,MA,2.41
vans,state,True,OK,MD,2.46
vans,state,True,OK,ME,2.4
vans,state,True,OK,MI,1.97
vans,state,True,OK,MN,2.16
vans,state,True,OK,MO,2.56
vans,state,True,OK,MS,2.28
vans,state,True,OK,NC,2.21
vans,state,True,OK,ND,2.09
vans,state,True,OK,NE,2.69
vans,state,True,OK,NJ,2.39
vans,state,True,OK,NM,2.75
vans,state,True,OK,NV,1.9
vans,state,True,OK,NY,2.4
vans,state,True,OK,OH,2.23
vans,state,True,OK,OK,3.74
vans,state,True,OK,ON,1.75
vans,state,True,OK,OR,2.18
vans,state,True,OK,PA,2.28
vans,state,True,OK,RI,2.34
vans,state,True,OK,SC,2.24
vans,state,True,OK,SD,2.66
vans,state,True,OK,TN,2.22
vans,state,True,OK,TX,2.45
vans,state,True,OK,UT,2.22
vans,state,True,OK,VA,2.32
vans,state,True,OK,WA,2.35
vans,state,True,OK,WI,2.04
vans,state,True,OK,WY,3.38
vans,state,True,ON,Dest - AB,2.32
vans,state,True,ON,AL,2.06
vans,state,True,ON,AR,2.04
vans,state,True,ON,AZ,1.51
vans,state,True,ON,BC,2.0
vans,state,True,ON,CA,1.49
vans,state,True,ON,CO,1.94
vans,state,True,ON,CT,3.12
vans,state,True,ON,DE,3.0
vans,state,True,ON,FL,2.49
vans,state,True,ON,GA,2.15
vans,state,True,ON,IA,2.2
vans,state,True,ON,IL,2.31
vans,state,True,ON,IN,2.4
vans,state,True,ON,KS,2.02
vans,state,True,ON,KY,2.41
vans,state,True,ON,LA,1.88
vans,state,True,ON,MA,2.87
vans,state,True,ON,MB,2.47
vans,state,True,ON,MD,3.0
vans,state,True,ON,ME,2.9
vans,state,True,ON,MI,2.9
vans,state,True,ON,MN,2.16
vans,state,True,ON,MO,2.08
vans,state,True,ON,MS,2.0
vans,state,True,ON,NB,2.43
vans,state,True,ON,NC,2.45
vans,state,True,ON,NE,2.26
vans,state,True,ON,NF,3.34
vans,state,True,ON,NH,3.19
vans,state,True,ON,NJ,2.79
vans,state,True,ON,NS,2.13
vans,state,True,ON,NV,1.89
vans,state,True,ON,NY,3.54
vans,state,True,ON,OH,2.59
vans,state,True,ON,OK,1.85
vans,state,True,ON,ON,2.78
vans,state,True,ON,OR,1.93
vans,state,True,ON,PA,3.17
vans,state,True,ON,PQ,2.02
vans,state,True,ON,RI,2.85
vans,state,True,ON,SC,2.34
vans,state,True,ON,SD,2.47
vans,state,True,ON,TN,2.12
vans,state,True,ON,TX,1.62
vans,state,True,ON,UT,1.96
vans,state,True,ON,VA,2.67
vans,state,True,ON,WA,2.05
vans,state,True,ON,WI,2.22
vans,state,True,ON,WV,3.73
vans,state,True,OR,Dest - AB,2.55
vans,state,True,OR,AL,2.08
vans,state,True,OR,AR,2.04
vans,state,True,OR,AZ,1.84
vans,state,True,OR,BC,3.01
vans,state,True,OR,CA,1.61
vans,state,True,OR,CO,2.64
vans,state,True,OR,CT,2.04
vans,state,True,OR,FL,2.15
vans,state,True,OR,GA,2.1
vans,state,True,OR,IA,2.15
vans,state,True,OR,ID,2.68
vans,state,True,OR,IL,1.67
vans,state,True,OR,IN,1.69
vans,state,True,OR,KS,2.11
vans,state,True,OR,KY,1.7
vans,state,True,OR,MA,2.22
vans,state,True,OR,MD,2.44
vans,state,True,OR,MI,1.67
vans,state,True,OR,MN,2.12
vans,state,True,OR,MO,1.99
vans,state,True,OR,MT,3.27
vans,state,True,OR,NC,1.77
vans,state,True,OR,NE,2.28
vans,state,True,OR,NJ,1.9
vans,state,True,OR,NM,2.55
vans,state,True,OR,NV,1.8
vans,state,True,OR,NY,1.95
vans,state,True,OR,OH,1.69
vans,state,True,OR,OK,1.84
vans,state,True,OR,ON,1.82
vans,state,True,OR,OR,4.3
vans,state,True,OR,PA,1.86
vans,state,True,OR,RI,2.11
vans,state,True,OR,SC,1.91
vans,state,True,OR,SD,2.15
vans,state,True,OR,TN,2.01
vans,state,True,OR,TX,2.02
vans,state,True,OR,UT,2.21
vans,state,True,OR,VA,2.04
vans,state,True,OR,WA,3.61
vans,state,True,OR,WI,2.12
vans,state,True,PA,Dest - AB,1.94
vans,state,True,PA,AL,2.2
vans,state,True,PA,AR,1.98
vans,state,True,PA,AZ,1.61
vans,state,True,PA,BC,1.89
vans,state,True,PA,CA,1.38
vans,state,True,PA,CO,2.37
vans,state,True,PA,CT,4.92
vans,state,True,PA,DE,4.77
vans,state,True,PA,FL,2.7
vans,state,True,PA,GA,2.4
vans,state,True,PA,IA,2.09
vans,state,True,PA,ID,1.86
vans,state,True,PA,IL,1.82
vans,state,True,PA,IN,2.0
vans,state,True,PA,KS,2.08
vans,state,True,PA,KY,2.13
vans,state,True,PA,LA,2.06
vans,state,True,PA,MA,4.3
vans,state,True,PA,MB,2.03
vans,state,True,PA,MD,5.04
vans,state,True,PA,ME,3.8
vans,state,True,PA,MI,2.18
vans,state,True,PA,MN,1.92
vans,state,True,PA,MO,1.9
vans,state,True,PA,MS,1.96
vans,state,True,PA,MT,2.28
vans,state,True,PA,NC,2.63
vans,state,True,PA,ND,2.09
vans,state,True,PA,NE,2.04
vans,state,True,PA,NH,4.09
vans,state,True,PA,NJ,4.41
vans,state,True,PA,NM,1.85
vans,state,True,PA,NV,1.67
vans,state,True,PA,NY,4.51
vans,state,True,PA,OH,2.38
vans,state,True,PA,OK,1.98
vans,state,True,PA,ON,2.3
vans,state,True,PA,OR,1.82
vans,state,True,PA,PA,4.4
vans,state,True,PA,PQ,2.01
vans,state,True,PA,RI,4.52
vans,state,True,PA,SC,2.46
vans,state,True,PA,SD,2.02
vans,state,True,PA,TN,2.11
vans,state,True,PA,TX,1.69
vans,state,True,PA,UT,1.89
vans,state,True,PA,VA,3.85
vans,state,True,PA,VT,4.35
vans,state,True,PA,WA,1.84
vans,state,True,PA,WI,1.85
vans,state,True,PA,WV,3.95
vans,state,True,PA,WY,2.34
vans,state,True,PQ,Dest - AB,1.89
vans,state,True,PQ,AL,2.08
vans,state,True,PQ,AR,2.09
vans,state,True,PQ,AZ,1.56
vans,state,True,PQ,BC,1.93
vans,state,True,PQ,CA,1.54
vans,state,True,PQ,CT,4.04
vans,state,True,PQ,FL,2.76
vans,state,True,PQ,GA,2.18
vans,state,True,PQ,IA,1.79
vans,state,True,PQ,IL,2.01
vans,state,True,PQ,IN,2.12
vans,state,True,PQ,KS,2.28
vans,state,True,PQ,KY,2.08
vans,state,True,PQ,MA,3.97
vans,state,True,PQ,MD,3.88
vans,state,True,PQ,ME,6.04
vans,state,True,PQ,MI,2.08
vans,state,True,PQ,MN,2.12
vans,state,True,PQ,MO,1.93
vans,state,True,PQ,NB,2.78
vans,state,True,PQ,NC,2.62
vans,state,True,PQ,NH,5.98
vans,state,True,PQ,NJ,4.13
vans,state,True,PQ,NM,1.88
vans,state,True,PQ,NS,2.17
vans,state,True,PQ,NV,1.98
vans,state,True,PQ,NY,4.12
vans,state,True,PQ,OH,2.23
vans,state,True,PQ,OK,1.86
vans,state,True,PQ,ON,1.88
vans,state,True,PQ,PA,3.25
vans,state,True,PQ,PQ,3.36
vans,state,True,PQ,RI,4.23
vans,state,True,PQ,SC,2.29
vans,state,True,PQ,TN,2.13
vans,state,True,PQ,TX,1.65
vans,state,True,PQ,UT,1.98
vans,state,True,PQ,VA,3.05
vans,state,True,PQ,WI,2.14
vans,state,True,PQ,WV,3.34
vans,state,True,RI,AZ,1.51
vans,state,True,RI,CA,1.45
vans,state,True,RI,DE,2.73
vans,state,True,RI,GA,1.91
vans,state,True,RI,IA,2.78
vans,state,True,RI,IL,1.57
vans,state,True,RI,IN,1.77
vans,state,True,RI,KY,1.9
vans,state,True,RI,MD,2.21
vans,state,True,RI,MI,1.72
vans,state,True,RI,MO,1.77
vans,state,True,RI,MS,1.98
vans,state,True,RI,NC,1.75
vans,state,True,RI,NJ,3.19
vans,state,True,RI,NY,3.31
vans,state,True,RI,OH,1.61
vans,state,True,RI,ON,2.38
vans,state,True,RI,PA,2.27
vans,state,True,RI,SC,1.64
vans,state,True,RI,TN,1.76
vans,state,True,RI,TX,1.74
vans,state,True,RI,VA,2.07
vans,state,True,RI,WI,1.53
vans,state,True,SC,Dest - AB,1.98
vans,state,True,SC,AL,2.44
vans,state,True,SC,AR,2.1
vans,state,True,SC,AZ,1.62
vans,state,True,SC,CA,1.37
vans,state,True,SC,CO,2.34
vans,state,True,SC,CT,2.93
vans,state,True,SC,DE,3.27
vans,state,True,SC,FL,3.23
vans,state,True,SC,GA,3.17
vans,state,True,SC,IA,1.94
vans,state,True,SC,ID,1.81
vans,state,True,SC,IL,1.82
vans,state,True,SC,IN,2.07
vans,state,True,SC,KS,1.92
vans,state,True,SC,KY,2.35
vans,state,True,SC,LA,2.03
vans,state,True,SC,MA,2.9
vans,state,True,SC,MD,2.73
vans,state,True,SC,ME,2.78
vans,state,True,SC,MI,2.04
vans,state,True,SC,MN,1.86
vans,state,True,SC,MO,1.97
vans,state,True,SC,MS,2.11
vans,state,True,SC,MT,2.2
vans,state,True,SC,NC,3.76
vans,state,True,SC,ND,2.01
vans,state,True,SC,NE,1.92
vans,state,True,SC,NH,2.87
vans,state,True,SC,NJ,2.68
vans,state,True,SC,NM,1.71
vans,state,True,SC,NV,1.63
vans,state,True,SC,NY,2.76
vans,state,True,SC,OH,2.18
vans,state,True,SC,OK,2.07
vans,state,True,SC,ON,1.67
vans,state,True,SC,OR,1.77
vans,state,True,SC,PA,2.66
vans,state,True,SC,PQ,1.56
vans,state,True,SC,RI,2.81
vans,state,True,SC,SC,3.64
vans,state,True,SC,SD,1.91
vans,state,True,SC,TN,2.55
vans,state,True,SC,TX,1.72
vans,state,True,SC,UT,1.87
vans,state,True,SC,VA,3.14
vans,state,True,SC,VT,2.73
vans,state,True,SC,WA,1.8
vans,state,True,SC,WI,1.86
vans,state,True,SC,WV,3.08
vans,state,True,SC,WY,2.29
vans,state,True,SD,AL,2.13
vans,state,True,SD,AR,2.8
vans,state,True,SD,AZ,2.12
vans,state,True,SD,CA,1.99
vans,state,True,SD,CO,3.09
vans,state,True,SD,FL,2.63
vans,state,True,SD,GA,2.41
vans,state,True,SD,IA,3.05
vans,state,True,SD,IL,2.45
vans,state,True,SD,IN,2.51
vans,state,True,SD,KS,3.06
vans,state,True,SD,KY,2.31
vans,state,True,SD,MA,2.66
vans,state,True,SD,MD,2.61
vans,state,True,SD,MI,2.29
vans,state,True,SD,MN,2.97
vans,state,True,SD,MO,2.76
vans,state,True,SD,MS,2.09
vans,state,True,SD,NC,2.41
vans,state,True,SD,ND,3.38
vans,state,True,SD,NE,3.69
vans,state,True,SD,NJ,2.51
vans,state,True,SD,NV,2.41
vans,state,True,SD,NY,2.73
vans,state,True,SD,OH,2.68
vans,state,True,SD,OK,3.0
vans,state,True,SD,OR,2.33
vans,state,True,SD,PA,2.62
vans,state,True,SD,SC,2.51
vans,state,True,SD,SD,3.58
vans,state,True,SD,TN,2.51
vans,state,True,SD,TX,2.55
vans,state,True,SD,UT,3.05
vans,state,True,SD,VA,2.36
vans,state,True,SD,WA,2.71
vans,state,True,SD,WI,2.36
vans,state,True,SD,WY,4.22
vans,state,True,SK,Dest - AB,2.61
vans,state,True,SK,CA,1.78
vans,state,True,SK,IL,1.55
vans,state,True,SK,ON,1.29
vans,state,True,TN,Dest - AB,2.01
vans,state,True,TN,AL,3.5
vans,state,True,TN,AR,2.69
vans,state,True,TN,AZ,1.89
vans,state,True,TN,BC,2.06
vans,state,True,TN,CA,1.5
vans,state,True,TN,CO,2.71
vans,state,True,TN,CT,2.86
vans,state,True,TN,DE,2.98
vans,state,True,TN,FL,3.2
vans,state,True,TN,GA,3.33
vans,state,True,TN,IA,2.27
vans,state,True,TN,ID,2.01
vans,state,True,TN,IL,2.05
vans,state,True,TN,IN,2.49
vans,state,True,TN,KS,2.29
vans,state,True,TN,KY,3.13
vans,state,True,TN,LA,2.61
vans,state,True,TN,MA,2.98
vans,state,True,TN,MD,2.89
vans,state,True,TN,ME,2.78
vans,state,True,TN,MI,2.22
vans,state,True,TN,MN,2.29
vans,state,True,TN,MO,2.35
vans,state,True,TN,MS,2.85
vans,state,True,TN,MT,2.31
vans,state,True,TN,NC,2.97
vans,state,True,TN,ND,2.3
vans,state,True,TN,NE,2.35
vans,state,True,TN,NH,2.86
vans,state,True,TN,NJ,2.67
vans,state,True,TN,NM,2.06
vans,state,True,TN,NV,1.82
vans,state,True,TN,NY,2.85
vans,state,True,TN,OH,2.43
vans,state,True,TN,OK,2.6
vans,state,True,TN,ON,1.89
vans,state,True,TN,OR,2.02
vans,state,True,TN,PA,2.77
vans,state,True,TN,PQ,1.73
vans,state,True,TN,RI,2.77
vans,state,True,TN,SC,3.06
vans,state,True,TN,SD,2.4
vans,state,True,TN,TN,3.33
vans,state,True,TN,TX,2.06
vans,state,True,TN,UT,2.09
vans,state,True,TN,VA,3.11
vans,state,True,TN,VT,2.83
vans,state,True,TN,WA,2.01
vans,state,True,TN,WI,2.02
vans,state,True,TN,WV,3.27
vans,state,True,TN,WY,2.59
vans,state,True,TX,Dest - AB,1.87
vans,state,True,TX,AL,2.32
vans,state,True,TX,AR,2.55
vans,state,True,TX,AZ,1.7
vans,state,True,TX,BC,2.07
vans,state,True,TX,CA,1.49
vans,state,True,TX,CO,2.78
vans,state,True,TX,CT,2.24
vans,state,True,TX,DE,2.21
vans,state,True,TX,FL,2.53
vans,state,True,TX,GA,2.28
vans,state,True,TX,IA,2.23
vans,state,True,TX,ID,2.11
vans,state,True,TX,IL,1.94
vans,state,True,TX,IN,1.99
vans,state,True,TX,KS,2.41
vans,state,True,TX,KY,2.13
vans,state,True,TX,LA,2.81
vans,state,True,TX,MA,2.21
vans,state,True,TX,MB,1.96
vans,state,True,TX,MD,2.24
vans,state,True,TX,ME,2.22
vans,state,True,TX,MI,1.92
vans,state,True,TX,MN,2.0
vans,state,True,TX,MO,2.23
vans,state,True,TX,MS,2.38
vans,state,True,TX,MT,2.64
vans,state,True,TX,NB,1.92
vans,state,True,TX,NC,2.08
vans,state,True,TX,ND,2.3
vans,state,True,TX,NE,2.29
vans,state,True,TX,NH,2.22
vans,state,True,TX,NJ,2.14
vans,state,True,TX,NM,2.52
vans,state,True,TX,NS,1.75
vans,state,True,TX,NV,1.85
vans,state,True,TX,NY,2.21
vans,state,True,TX,OH,1.96
vans,state,True,TX,OK,3.06
vans,state,True,TX,ON,1.71
vans,state,True,TX,OR,2.11
vans,state,True,TX,PA,2.15
vans,state,True,TX,PQ,1.55
vans,state,True,TX,RI,2.3
vans,state,True,TX,SC,2.18
vans,state,True,TX,SD,2.47
vans,state,True,TX,SK,1.96
vans,state,True,TX,TN,2.16
vans,state,True,TX,TX,2.42
vans,state,True,TX,UT,2.08
vans,state,True,TX,VA,2.19
vans,state,True,TX,VT,2.21
vans,state,True,TX,WA,2.05
vans,state,True,TX,WI,1.9
vans,state,True,TX,WV,2.25
vans,state,True,TX,WY,2.72
vans,state,True,UT,Dest - AB,2.26
vans,state,True,UT,AL,2.3
vans,state,True,UT,AR,2.08
vans,state,True,UT,AZ,2.06
vans,state,True,UT,BC,2.31
vans,state,True,UT,CA,1.43
vans,state,True,UT,CO,3.47
vans,state,True,UT,CT,2.06
vans,state,True,UT,FL,2.35
vans,state,True,UT,GA,2.54
vans,state,True,UT,IA,2.16
vans,state,True,UT,ID,2.81
vans,state,True,UT,IL,2.13
vans,state,True,UT,IN,2.35
vans,state,True,UT,KS,2.45
vans,state,True,UT,KY,2.15
vans,state,True,UT,LA,2.29
vans,state,True,UT,MA,2.0
vans,state,True,UT,MD,2.8
vans,state,True,UT,MI,2.18
vans,state,True,UT,MN,2.3
vans,state,True,UT,MO,2.16
vans,state,True,UT,MS,2.28
vans,state,True,UT,MT,4.06
vans,state,True,UT,NC,2.38
vans,state,True,UT,ND,2.66
vans,state,True,UT,NE,2.59
vans,state,True,UT,NH,2.24
vans,state,True,UT,NJ,2.5
vans,state,True,UT,NM,3.09
vans,state,True,UT,NV,1.86
vans,state,True,UT,NY,2.49
vans,state,True,UT,OH,2.26
vans,state,True,UT,OK,2.23
vans,state,True,UT,ON,1.5
vans,state,True,UT,OR,2.74
vans,state,True,UT,PA,2.18
vans,state,True,UT,PQ,2.3
vans,state,True,UT,SC,2.24
vans,state,True,UT,SD,2.76
vans,state,True,UT,TN,2.16
vans,state,True,UT,TX,2.16
vans,state,True,UT,UT,2.93
vans,state,True,UT,VA,2.46
vans,state,True,UT,VT,2.83
vans,state,True,UT,WA,2.78
vans,state,True,UT,WI,2.14
vans,state,True,UT,WY,3.39
vans,state,True,VA,Dest - AB,1.94
vans,state,True,VA,AL,2.29
vans,state,True,VA,AR,1.89
vans,state,True,VA,AZ,1.65
vans,state,True,VA,CA,1.4
vans,state,True,VA,CO,2.34
vans,state,True,VA,CT,3.48
vans,state,True,VA,DE,3.76
vans,state,True,VA,FL,2.81
vans,state,True,VA,GA,2.25
vans,state,True,VA,IA,1.96
vans,state,True,VA,ID,1.91
vans,state,True,VA,IL,1.86
vans,state,True,VA,IN,1.99
vans,state,True,VA,KS,1.89
vans,state,True,VA,KY,2.19
vans,state,True,VA,LA,2.03
vans,state,True,VA,MA,3.42
vans,state,True,VA,MB,2.32
vans,state,True,VA,MD,3.72
vans,state,True,VA,ME,3.22
vans,state,True,VA,MI,2.04
vans,state,True,VA,MN,1.93
vans,state,True,VA,MO,1.92
vans,state,True,VA,MS,2.01
vans,state,True,VA,MT,2.2
vans,state,True,VA,NC,3.1
vans,state,True,VA,ND,2.05
vans,state,True,VA,NE,2.03
vans,state,True,VA,NH,3.34
vans,state,True,VA,NJ,3.33
vans,state,True,VA,NM,1.69
vans,state,True,VA,NV,1.73
vans,state,True,VA,NY,3.31
vans,state,True,VA,OH,2.2
vans,state,True,VA,OK,1.85
vans,state,True,VA,ON,2.13
vans,state,True,VA,OR,1.77
vans,state,True,VA,PA,3.38
vans,state,True,VA,PQ,2.01
vans,state,True,VA,RI,3.32
vans,state,True,VA,SC,2.74
vans,state,True,VA,SD,2.11
vans,state,True,VA,TN,2.25
vans,state,True,VA,TX,1.73
vans,state,True,VA,UT,1.86
vans,state,True,VA,VA,4.09
vans,state,True,VA,VT,3.79
vans,state,True,VA,WA,1.88
vans,state,True,VA,WI,1.82
vans,state,True,VA,WV,3.57
vans,state,True,VT,AL,2.0
vans,state,True,VT,AR,2.18
vans,state,True,VT,CA,1.58
vans,state,True,VT,CT,4.64
vans,state,True,VT,FL,2.42
vans,state,True,VT,GA,2.2
vans,state,True,VT,IA,2.09
vans,state,True,VT,IL,1.96
vans,state,True,VT,IN,1.86
vans,state,True,VT,KY,2.03
vans,state,True,VT,MA,4.71
vans,state,True,VT,MD,3.33
vans,state,True,VT,MI,2.08
vans,state,True,VT,MO,2.08
vans,state,True,VT,MS,2.04
vans,state,True,VT,NC,2.31
vans,state,True,VT,NJ,3.37
vans,state,True,VT,NY,3.99
vans,state,True,VT,OH,1.94
vans,state,True,VT,PA,3.11
vans,state,True,VT,TN,2.35
vans,state,True,VT,TX,1.77
vans,state,True,VT,VA,2.83
vans,state,True,VT,WI,1.94
vans,state,True,WA,Dest - AB,2.74
vans,state,True,WA,AL,1.92
vans,state,True,WA,AR,1.84
vans,state,True,WA,AZ,1.7
vans,state,True,WA,BC,3.58
vans,state,True,WA,CA,1.6
vans,state,True,WA,CO,2.52
vans,state,True,WA,CT,2.26
vans,state,True,WA,FL,2.06
vans,state,True,WA,GA,1.93
vans,state,True,WA,IA,2.09
vans,state,True,WA,ID,2.63
vans,state,True,WA,IL,1.73
vans,state,True,WA,IN,1.95
vans,state,True,WA,KS,1.99
vans,state,True,WA,KY,1.62
vans,state,True,WA,LA,2.14
vans,state,True,WA,MA,2.0
vans,state,True,WA,MD,2.05
vans,state,True,WA,MI,1.52
vans,state,True,WA,MN,2.02
vans,state,True,WA,MO,1.97
vans,state,True,WA,MS,1.91
vans,state,True,WA,MT,3.55
vans,state,True,WA,NC,1.95
vans,state,True,WA,ND,2.37
vans,state,True,WA,NE,2.16
vans,state,True,WA,NH,2.14
vans,state,True,WA,NJ,2.12
vans,state,True,WA,NM,2.5
vans,state,True,WA,NV,2.04
vans,state,True,WA,NY,2.18
vans,state,True,WA,OH,1.85
vans,state,True,WA,OK,2.03
vans,state,True,WA,ON,1.52
vans,state,True,WA,OR,3.48
vans,state,True,WA,PA,2.0
vans,state,True,WA,PQ,1.4
vans,state,True,WA,RI,1.8
vans,state,True,WA,SC,1.82
vans,state,True,WA,SD,2.35
vans,state,True,WA,SK,3.15
vans,state,True,WA,TN,1.93
vans,state,True,WA,TX,1.98
vans,state,True,WA,UT,2.18
vans,state,True,WA,VA,2.2
vans,state,True,WA,WA,3.65
vans,state,True,WA,WI,1.85
vans,state,True,WA,WY,2.83
vans,state,True,WI,Dest - AB,2.1
vans,state,True,WI,AL,2.98
vans,state,True,WI,AR,3.02
vans,state,True,WI,AZ,1.92
vans,state,True,WI,BC,2.38
vans,state,True,WI,CA,1.66
vans,state,True,WI,CO,3.16
vans,state,True,WI,CT,3.2
vans,state,True,WI,DE,3.32
vans,state,True,WI,FL,2.85
vans,state,True,WI,GA,3.11
vans,state,True,WI,IA,3.54
vans,state,True,WI,ID,2.18
vans,state,True,WI,IL,3.64
vans,state,True,WI,IN,3.56
vans,state,True,WI,KS,2.99
vans,state,True,WI,KY,3.32
vans,state,True,WI,LA,2.64
vans,state,True,WI,MA,2.98
vans,state,True,WI,MB,2.45
vans,state,True,WI,MD,3.32
vans,state,True,WI,ME,3.16
vans,state,True,WI,MI,3.46
vans,state,True,WI,MN,2.92
vans,state,True,WI,MO,3.06
vans,state,True,WI,MS,2.66
vans,state,True,WI,MT,3.06
vans,state,True,WI,NC,2.94
vans,state,True,WI,ND,2.82
vans,state,True,WI,NE,2.93
vans,state,True,WI,NH,2.86
vans,state,True,WI,NJ,2.98
vans,state,True,WI,NM,2.29
vans,state,True,WI,NV,2.05
vans,state,True,WI,NY,3.4
vans,state,True,WI,OH,3.32
vans,state,True,WI,OK,2.94
vans,state,True,WI,ON,1.91
vans,state,True,WI,OR,2.14
vans,state,True,WI,PA,3.27
vans,state,True,WI,PQ,1.66
vans,state,True,WI,RI,2.98
vans,state,True,WI,SC,2.9
vans,state,True,WI,SD,3.1
vans,state,True,WI,SK,2.46
vans,state,True,WI,TN,3.04
vans,state,True,WI,TX,2.23
vans,state,True,WI,UT,2.26
vans,state,True,WI,VA,3.21
vans,state,True,WI,VT,2.92
vans,state,True,WI,WA,2.03
vans,state,True,WI,WI,3.5
vans,state,True,WI,WV,3.64
vans,state,True,WI,WY,3.51
vans,state,True,WV,AL,2.7
vans,state,True,WV,AR,2.35
vans,state,True,WV,AZ,1.57
vans,state,True,WV,CA,1.5
vans,state,True,WV,CO,2.49
vans,state,True,WV,CT,4.17
vans,state,True,WV,DE,4.76
vans,state,True,WV,FL,2.97
vans,state,True,WV,GA,2.95
vans,state,True,WV,IA,2.3
vans,state,True,WV,IL,2.08
vans,state,True,WV,IN,2.53
vans,state,True,WV,KS,2.14
vans,state,True,WV,KY,3.12
vans,state,True,WV,LA,2.15
vans,state,True,WV,MA,3.82
vans,state,True,WV,MD,4.54
vans,state,True,WV,MI,2.52
vans,state,True,WV,MN,2.24
vans,state,True,WV,MO,2.5
vans,state,True,WV,MS,2.19
vans,state,True,WV,NC,3.25
vans,state,True,WV,NH,3.67
vans,state,True,WV,NJ,4.03
vans,state,True,WV,NY,4.07
vans,state,True,WV,OH,3.47
vans,state,True,WV,OK,2.25
vans,state,True,WV,ON,2.1
vans,state,True,WV,PA,4.35
vans,state,True,WV,SC,3.23
vans,state,True,WV,TN,2.94
vans,state,True,WV,TX,1.87
vans,state,True,WV,UT,1.83
vans,state,True,WV,VA,4.56
vans,state,True,WV,VT,3.9
vans,state,True,WV,WI,2.33
vans,state,True,WV,WV,4.18
vans,state,True,WY,AL,2.21
vans,state,True,WY,AZ,1.96
vans,state,True,WY,CA,1.77
vans,state,True,WY,CO,3.09
vans,state,True,WY,FL,2.09
vans,state,True,WY,GA,1.96
vans,state,True,WY,IA,2.23
vans,state,True,WY,IL,1.94
vans,state,True,WY,IN,1.97
vans,state,True,WY,KS,2.04
vans,state,True,WY,LA,2.0
vans,state,True,WY,MI,2.13
vans,state,True,WY,MN,2.4
vans,state,True,WY,MO,2.41
vans,state,True,WY,NC,1.91
vans,state,True,WY,NE,1.99
vans,state,True,WY,NJ,2.2
vans,state,True,WY,NM,2.65
vans,state,True,WY,NV,1.74
vans,state,True,WY,OH,1.64
vans,state,True,WY,OK,2.03
vans,state,True,WY,ON,1.65
vans,state,True,WY,OR,2.17
vans,state,True,WY,PA,2.1
vans,state,True,WY,TN,2.29
vans,state,True,WY,TX,2.05
vans,state,True,WY,UT,2.68
vans,state,True,WY,VA,2.45
vans,state,True,WY,WA,2.29
vans,state,True,WY,WI,1.84
vans,state,True,WY,WY,4.8
