pulled_at,endpoint_type,origin_zip3,destination_zip3,trailer_type,carrier_type,include_fuel,include_quartiles,average,minimum,maximum,quartile1,quartile2,quartile3,orders,contributors,days_window
2026-01-06T16:46:26+00:00,buy,900,606,Van,Broker,True,True,2.69,1.49,3.41,2.61,2.96,3.01,16,6,7
2026-01-06T16:46:28+00:00,buy,900,606,Van,Broker,False,True,2.25,1.05,2.97,2.17,2.52,2.57,16,6,7
2026-01-06T16:46:29+00:00,sell,900,606,Van,Asset,True,True,2.5,2.24,3.35,2.44,2.45,2.46,29,7,28
2026-01-06T16:46:31+00:00,sell,900,606,Van,Asset,False,True,2.04,1.8,2.94,1.99,1.99,1.99,29,7,28
2026-01-06T16:46:32+00:00,buy,900,606,Flatbed,Broker,True,True,1.97,1.48,2.49,1.77,1.96,2.15,6,5,63
2026-01-06T16:46:33+00:00,buy,900,606,Flatbed,Broker,False,True,1.51,1.04,2.02,1.32,1.5,1.68,6,5,63
2026-01-06T16:46:35+00:00,sell,900,606,Flatbed,Asset,True,True,3.06,1.81,5.04,1.95,2.76,3.93,6,5,364
2026-01-06T16:46:36+00:00,sell,900,606,Flatbed,Asset,False,True,2.64,1.29,4.76,1.47,2.33,3.53,6,5,364
2026-01-06T16:46:37+00:00,buy,900,606,Reefer,Broker,True,True,2.31,1.99,2.74,2.19,2.31,2.47,52,9,63
2026-01-06T16:46:38+00:00,buy,900,606,Reefer,Broker,False,True,1.85,1.51,2.27,1.72,1.86,1.99,52,9,63
2026-01-06T16:46:40+00:00,sell,900,606,Reefer,Asset,True,True,2.37,2.03,3,2.09,2.19,2.58,8,5,91
2026-01-06T16:46:41+00:00,sell,900,606,Reefer,Asset,False,True,1.88,1.52,2.56,1.58,1.71,2.1,8,5,91
2026-01-06T16:46:42+00:00,buy,606,900,Van,Broker,True,True,1.83,1.26,2.43,1.72,1.83,1.98,20,6,7
2026-01-06T16:46:43+00:00,buy,606,900,Van,Broker,False,True,1.39,0.82,1.99,1.28,1.39,1.55,20,6,7
2026-01-06T16:46:45+00:00,sell,606,900,Van,Asset,True,True,2.36,1.5,2.41,2.35,2.37,2.39,421,7,364
2026-01-06T16:46:46+00:00,sell,606,900,Van,Asset,False,True,1.92,1.09,1.94,1.94,1.94,1.94,421,7,364
2026-01-06T16:46:47+00:00,buy,606,900,Flatbed,Broker,True,True,1.81,1.09,2.39,1.37,1.92,2.26,6,6,63
2026-01-06T16:46:49+00:00,buy,606,900,Flatbed,Broker,False,True,1.37,0.65,1.96,0.92,1.48,1.83,6,6,63
2026-01-06T16:46:50+00:00,sell,606,900,Flatbed,Asset,True,True,2.62,2.13,2.81,2.68,2.68,2.7,9,5,364
2026-01-06T16:46:52+00:00,sell,606,900,Flatbed,Asset,False,True,2.17,1.71,2.36,2.23,2.23,2.26,9,5,364
2026-01-06T16:46:53+00:00,buy,606,900,Reefer,Broker,True,True,1.73,1.49,2.08,1.55,1.66,1.94,10,5,14
2026-01-06T16:46:54+00:00,buy,606,900,Reefer,Broker,False,True,1.29,1.05,1.64,1.11,1.22,1.5,10,5,14
2026-01-06T16:46:54+00:00,sell,606,900,Reefer,Asset,True,True,1.44,1.12,2.12,1.13,1.32,1.58,20,6,364
2026-01-06T16:46:55+00:00,sell,606,900,Reefer,Asset,False,True,1.02,0.65,1.7,0.68,0.93,1.18,20,6,364
2026-01-06T16:46:56+00:00,buy,100,606,Van,Broker,True,True,1.95,1.54,2.49,1.77,1.91,2.08,7,6,7
2026-01-06T16:46:57+00:00,buy,100,606,Van,Broker,False,True,1.51,1.1,2.05,1.33,1.47,1.64,7,6,7
2026-01-06T16:46:58+00:00,sell,100,606,Van,Asset,True,True,0,0,0,0,0,0,0,0,0
2026-01-06T16:46:59+00:00,sell,100,606,Van,Asset,False,True,0,0,0,0,0,0,0,0,0
2026-01-06T16:47:00+00:00,buy,100,606,Flatbed,Broker,True,True,1.98,1.71,2.3,1.79,1.82,2.28,5,5,182
2026-01-06T16:47:01+00:00,buy,100,606,Flatbed,Broker,False,True,1.52,1.25,1.85,1.34,1.36,1.81,5,5,182
2026-01-06T16:47:02+00:00,sell,100,606,Flatbed,Asset,True,True,0,0,0,0,0,0,0,0,0
2026-01-06T16:47:03+00:00,sell,100,606,Flatbed,Asset,False,True,0,0,0,0,0,0,0,0,0
2026-01-06T16:47:04+00:00,buy,100,606,Reefer,Broker,True,True,2.28,1.22,4.04,1.82,2.01,2.27,33,8,63
2026-01-06T16:47:05+00:00,buy,100,606,Reefer,Broker,False,True,1.81,0.76,3.6,1.32,1.55,1.81,33,8,63
2026-01-06T16:47:06+00:00,sell,100,606,Reefer,Asset,True,True,0,0,0,0,0,0,0,0,0
2026-01-06T16:47:07+00:00,sell,100,606,Reefer,Asset,False,True,0,0,0,0,0,0,0,0,0
2026-01-06T16:47:07+00:00,buy,606,100,Van,Broker,True,True,3.82,2.14,5.57,3.31,3.5,4.37,11,9,7
2026-01-06T16:47:08+00:00,buy,606,100,Van,Broker,False,True,3.38,1.7,5.13,2.87,3.06,3.93,11,9,7
2026-01-06T16:47:09+00:00,sell,606,100,Van,Asset,True,True,2.84,2.16,3.23,2.67,2.91,3.1,12,5,364
2026-01-06T16:47:10+00:00,sell,606,100,Van,Asset,False,True,2.41,1.74,2.78,2.22,2.49,2.66,12,5,364
2026-01-06T16:47:11+00:00,buy,606,100,Flatbed,Broker,True,True,3.51,2.68,4.08,3.23,3.71,3.77,6,5,91
2026-01-06T16:47:12+00:00,buy,606,100,Flatbed,Broker,False,True,3.05,2.22,3.63,2.79,3.25,3.31,6,5,91
2026-01-06T16:47:13+00:00,sell,606,100,Flatbed,Asset,True,True,0,0,0,0,0,0,0,0,0
2026-01-06T16:47:14+00:00,sell,606,100,Flatbed,Asset,False,True,0,0,0,0,0,0,0,0,0
2026-01-06T16:47:14+00:00,buy,606,100,Reefer,Broker,True,True,3.82,2.02,5.07,3.45,4.19,4.35,12,6,14
2026-01-06T16:47:15+00:00,buy,606,100,Reefer,Broker,False,True,3.38,1.58,4.63,3.01,3.75,3.91,12,6,14
2026-01-06T16:47:16+00:00,sell,606,100,Reefer,Asset,True,True,0,0,0,0,0,0,0,0,0
2026-01-06T16:47:17+00:00,sell,606,100,Reefer,Asset,False,True,0,0,0,0,0,0,0,0,0
2026-01-06T16:47:18+00:00,buy,900,100,Van,Broker,True,True,2.26,1.2,2.81,2.14,2.25,2.74,9,6,63
2026-01-06T16:47:19+00:00,buy,900,100,Van,Broker,False,True,1.81,0.74,2.37,1.67,1.8,2.3,9,6,63
2026-01-06T16:47:20+00:00,sell,900,100,Van,Asset,True,True,0,0,0,0,0,0,0,0,0
2026-01-06T16:47:21+00:00,sell,900,100,Van,Asset,False,True,0,0,0,0,0,0,0,0,0
2026-01-06T16:47:39+00:00,buy,900,100,Flatbed,Broker,True,True,0,0,0,0,0,0,0,0,0
2026-01-06T16:47:40+00:00,buy,900,100,Flatbed,Broker,False,True,0,0,0,0,0,0,0,0,0
2026-01-06T16:47:41+00:00,sell,900,100,Flatbed,Asset,True,True,0,0,0,0,0,0,0,0,0
2026-01-06T16:47:42+00:00,sell,900,100,Flatbed,Asset,False,True,0,0,0,0,0,0,0,0,0
2026-01-06T16:47:43+00:00,buy,900,100,Reefer,Broker,True,True,2.49,1,3.04,2.42,2.53,2.73,37,7,182
2026-01-06T16:47:43+00:00,buy,900,100,Reefer,Broker,False,True,2.04,0.54,2.56,1.98,2.08,2.27,37,7,182
2026-01-06T16:47:44+00:00,sell,900,100,Reefer,Asset,True,True,0,0,0,0,0,0,0,0,0
2026-01-06T16:47:45+00:00,sell,900,100,Reefer,Asset,False,True,0,0,0,0,0,0,0,0,0
2026-01-06T16:47:46+00:00,buy,100,900,Van,Broker,True,True,1.48,1.17,1.7,1.4,1.44,1.63,7,7,28
2026-01-06T16:47:48+00:00,buy,100,900,Van,Broker,False,True,1.03,0.71,1.26,0.94,1,1.18,7,7,28
2026-01-06T16:47:49+00:00,sell,100,900,Van,Asset,True,True,0,0,0,0,0,0,0,0,0
2026-01-06T16:47:50+00:00,sell,100,900,Van,Asset,False,True,0,0,0,0,0,0,0,0,0
2026-01-06T16:47:50+00:00,buy,100,900,Flatbed,Broker,True,True,0,0,0,0,0,0,0,0,0
2026-01-06T16:47:51+00:00,buy,100,900,Flatbed,Broker,False,True,0,0,0,0,0,0,0,0,0
2026-01-06T16:47:52+00:00,sell,100,900,Flatbed,Asset,True,True,0,0,0,0,0,0,0,0,0
2026-01-06T16:47:53+00:00,sell,100,900,Flatbed,Asset,False,True,0,0,0,0,0,0,0,0,0
2026-01-06T16:47:54+00:00,buy,100,900,Reefer,Broker,True,True,0,0,0,0,0,0,0,0,0
2026-01-06T16:47:54+00:00,buy,100,900,Reefer,Broker,False,True,0,0,0,0,0,0,0,0,0
2026-01-06T16:47:55+00:00,sell,100,900,Reefer,Asset,True,True,0,0,0,0,0,0,0,0,0
2026-01-06T16:47:56+00:00,sell,100,900,Reefer,Asset,False,True,0,0,0,0,0,0,0,0,0
2026-01-06T16:47:57+00:00,buy,900,750,Van,Broker,True,True,2.83,2.03,3.91,2.52,2.72,3.01,28,15,7
2026-01-06T16:47:58+00:00,buy,900,750,Van,Broker,False,True,2.39,1.59,3.47,2.08,2.28,2.57,28,15,7
2026-01-06T16:47:59+00:00,sell,900,750,Van,Asset,True,True,2.78,2.54,3.42,2.58,2.78,2.92,23,8,7
2026-01-06T16:48:00+00:00,sell,900,750,Van,Asset,False,True,2.33,2.1,2.98,2.11,2.34,2.48,23,8,7
2026-01-06T16:48:01+00:00,buy,900,750,Flatbed,Broker,True,True,1.98,1.14,3.13,1.75,1.82,2,30,12,63
2026-01-06T16:48:02+00:00,buy,900,750,Flatbed,Broker,False,True,1.52,0.71,2.69,1.29,1.37,1.53,30,12,63
2026-01-06T16:48:03+00:00,sell,900,750,Flatbed,Asset,True,True,2.14,1.82,3.13,1.9,1.93,2.17,12,6,28
2026-01-06T16:48:04+00:00,sell,900,750,Flatbed,Asset,False,True,1.7,1.39,2.69,1.47,1.5,1.71,12,6,28
2026-01-06T16:48:22+00:00,buy,900,750,Reefer,Broker,True,True,2.74,1.47,3.23,2.6,2.8,2.91,23,5,28
2026-01-06T16:48:41+00:00,buy,900,750,Reefer,Broker,False,True,2.28,1.03,2.76,2.15,2.34,2.45,23,5,28
2026-01-06T16:48:42+00:00,sell,900,750,Reefer,Asset,True,True,2.7,2.33,2.87,2.54,2.78,2.86,18,7,28
2026-01-06T16:48:43+00:00,sell,900,750,Reefer,Asset,False,True,2.24,1.9,2.4,2.09,2.34,2.4,18,7,28
2026-01-06T16:48:44+00:00,buy,750,900,Van,Broker,True,True,1.18,0.98,1.95,1.01,1.07,1.19,16,5,7
2026-01-06T16:48:45+00:00,buy,750,900,Van,Broker,False,True,0.74,0.54,1.51,0.57,0.63,0.75,16,5,7
2026-01-06T16:49:03+00:00,sell,750,900,Van,Asset,True,True,1.94,0.99,3.18,1.88,1.89,1.9,49,5,28
2026-01-06T16:49:04+00:00,sell,750,900,Van,Asset,False,True,1.48,0.53,2.65,1.43,1.43,1.43,49,5,28
2026-01-06T16:49:05+00:00,buy,750,900,Flatbed,Broker,True,True,2.36,1.01,3.4,2.12,2.38,2.41,22,8,14
2026-01-06T16:49:06+00:00,buy,750,900,Flatbed,Broker,False,True,1.92,0.57,2.96,1.68,1.94,1.97,22,8,14
2026-01-06T16:49:07+00:00,sell,750,900,Flatbed,Asset,True,True,3.01,1.95,4.84,2.23,2.58,3.39,12,8,364
2026-01-06T16:49:08+00:00,sell,750,900,Flatbed,Asset,False,True,2.55,1.54,4.35,1.81,2.12,2.87,12,8,364
2026-01-06T16:49:09+00:00,buy,750,900,Reefer,Broker,True,True,1.74,1.33,3.39,1.45,1.56,1.83,12,5,7
2026-01-06T16:50:10+00:00,buy,750,900,Reefer,Broker,False,True,1.3,0.89,2.95,1.01,1.12,1.39,12,5,7
2026-01-06T16:50:11+00:00,sell,750,900,Reefer,Asset,True,True,2.45,1.21,3.38,1.54,2.22,3.38,9,5,182
2026-01-06T16:50:12+00:00,sell,750,900,Reefer,Asset,False,True,1.98,0.76,2.95,1.07,1.75,2.92,9,5,182
2026-01-06T16:50:14+00:00,buy,900,770,Van,Broker,True,True,2.86,1.35,5.14,2.41,2.65,2.76,13,7,7
2026-01-06T16:50:15+00:00,buy,900,770,Van,Broker,False,True,2.42,0.91,4.7,1.97,2.21,2.32,13,7,7
2026-01-06T16:50:18+00:00,sell,900,770,Van,Asset,True,True,2.2,1.36,3.35,2,2.2,2.34,29,9,63
2026-01-06T16:51:19+00:00,sell,900,770,Van,Asset,False,True,1.76,0.88,2.89,1.57,1.75,1.89,29,9,63
2026-01-06T16:51:29+00:00,buy,900,770,Flatbed,Broker,True,True,1.65,1.3,2.13,1.49,1.65,1.66,5,5,7
2026-01-06T16:51:30+00:00,buy,900,770,Flatbed,Broker,False,True,1.21,0.86,1.69,1.05,1.21,1.22,5,5,7
2026-01-06T16:51:31+00:00,sell,900,770,Flatbed,Asset,True,True,3.21,1.42,8.96,1.44,1.69,2,28,7,63
2026-01-06T16:51:32+00:00,sell,900,770,Flatbed,Asset,False,True,2.75,0.95,8.52,0.98,1.23,1.62,28,7,63
2026-01-06T16:51:33+00:00,buy,900,770,Reefer,Broker,True,True,2.63,2.32,2.85,2.51,2.62,2.77,20,7,28
2026-01-06T16:51:35+00:00,buy,900,770,Reefer,Broker,False,True,2.18,1.88,2.41,2.04,2.18,2.32,20,7,28
2026-01-06T16:51:35+00:00,sell,900,770,Reefer,Asset,True,True,2.45,2.04,2.66,2.41,2.45,2.51,30,7,182
2026-01-06T16:51:36+00:00,sell,900,770,Reefer,Asset,False,True,1.98,1.52,2.21,1.97,1.98,2.03,30,7,182
2026-01-06T16:51:54+00:00,buy,770,900,Van,Broker,True,True,1.23,1.03,1.36,1.16,1.23,1.35,10,6,28
2026-01-06T16:52:32+00:00,buy,770,900,Van,Broker,False,True,0.78,0.59,0.92,0.71,0.79,0.89,10,6,28
2026-01-06T16:52:33+00:00,sell,770,900,Van,Asset,True,True,3,1.65,5.04,1.73,2.87,4.27,11,5,63
2026-01-06T16:52:34+00:00,sell,770,900,Van,Asset,False,True,2.32,1.29,3.92,1.33,2.03,3.42,11,5,63
2026-01-06T16:52:36+00:00,buy,770,900,Flatbed,Broker,True,True,2.46,1.31,4.71,1.81,2.27,2.44,13,6,7
2026-01-06T16:52:37+00:00,buy,770,900,Flatbed,Broker,False,True,2.02,0.87,4.27,1.37,1.83,2,13,6,7
2026-01-06T16:52:38+00:00,sell,770,900,Flatbed,Asset,True,True,3.81,2.06,9.66,2.77,3.05,3.14,9,8,182
2026-01-06T16:52:39+00:00,sell,770,900,Flatbed,Asset,False,True,3.4,1.61,9.46,2.39,2.59,2.68,9,8,182
2026-01-06T16:52:40+00:00,buy,770,900,Reefer,Broker,True,True,1.61,1.34,1.83,1.61,1.62,1.63,8,5,7
2026-01-06T16:52:41+00:00,buy,770,900,Reefer,Broker,False,True,1.17,0.9,1.39,1.17,1.18,1.19,8,5,7
2026-01-06T16:52:42+00:00,sell,770,900,Reefer,Asset,True,True,2.05,1.27,2.3,2.11,2.12,2.12,88,6,182
2026-01-06T16:52:44+00:00,sell,770,900,Reefer,Asset,False,True,1.59,0.8,1.84,1.66,1.67,1.67,88,6,182
2026-01-06T16:52:45+00:00,buy,606,750,Van,Broker,True,True,2.66,2.17,4.13,2.5,2.5,2.69,14,7,14
2026-01-06T16:52:46+00:00,buy,606,750,Van,Broker,False,True,2.22,1.73,3.69,2.06,2.06,2.25,14,7,14
2026-01-06T16:52:47+00:00,sell,606,750,Van,Asset,True,True,2.73,2.05,3.24,2.38,2.94,2.95,18,8,14
2026-01-06T16:52:48+00:00,sell,606,750,Van,Asset,False,True,2.29,1.62,2.8,1.96,2.5,2.5,18,8,14
2026-01-06T16:52:50+00:00,buy,606,750,Flatbed,Broker,True,True,2.32,2.12,2.8,2.14,2.27,2.43,10,6,28
2026-01-06T16:52:51+00:00,buy,606,750,Flatbed,Broker,False,True,1.86,1.65,2.36,1.68,1.8,1.97,10,6,28
2026-01-06T16:52:52+00:00,sell,606,750,Flatbed,Asset,True,True,3.06,2.17,5.37,2.46,2.69,2.81,11,6,28
2026-01-06T16:52:54+00:00,sell,606,750,Flatbed,Asset,False,True,2.58,1.73,4.67,2.15,2.27,2.37,11,6,28
2026-01-06T16:52:55+00:00,buy,606,750,Reefer,Broker,True,True,3.01,1.74,5.4,2.84,2.86,3.25,17,8,7
2026-01-06T16:52:56+00:00,buy,606,750,Reefer,Broker,False,True,2.57,1.3,4.96,2.4,2.42,2.81,17,8,7
2026-01-06T16:52:57+00:00,sell,606,750,Reefer,Asset,True,True,2.69,2.31,3.14,2.68,2.69,2.7,48,10,63
2026-01-06T16:52:58+00:00,sell,606,750,Reefer,Asset,False,True,2.27,1.98,2.84,2.27,2.27,2.27,48,10,63
2026-01-06T16:52:59+00:00,buy,750,606,Van,Broker,True,True,1.76,0.72,2.29,1.64,1.73,1.95,31,12,7
2026-01-06T16:53:01+00:00,buy,750,606,Van,Broker,False,True,1.33,0.56,1.85,1.2,1.29,1.51,31,12,7
2026-01-06T16:53:03+00:00,sell,750,606,Van,Asset,True,True,2,1.4,2.14,2.05,2.06,2.07,37,5,28
2026-01-06T16:53:04+00:00,sell,750,606,Van,Asset,False,True,1.54,0.95,1.68,1.6,1.6,1.6,37,5,28
2026-01-06T16:53:05+00:00,buy,750,606,Flatbed,Broker,True,True,2.14,1.97,2.27,2.06,2.16,2.21,9,5,28
2026-01-06T16:53:06+00:00,buy,750,606,Flatbed,Broker,False,True,1.7,1.53,1.83,1.62,1.72,1.77,9,5,28
2026-01-06T16:53:07+00:00,sell,750,606,Flatbed,Asset,True,True,2.59,1.89,4.58,2.2,2.49,2.64,14,7,182
2026-01-06T16:53:08+00:00,sell,750,606,Flatbed,Asset,False,True,2.15,1.43,4.1,1.79,2.05,2.17,14,7,182
2026-01-06T16:53:46+00:00,buy,750,606,Reefer,Broker,True,True,1.83,1.51,2.34,1.73,1.78,1.84,10,5,14
2026-01-06T16:53:47+00:00,buy,750,606,Reefer,Broker,False,True,1.39,1.07,1.9,1.29,1.34,1.4,10,5,14
2026-01-06T16:53:48+00:00,sell,750,606,Reefer,Asset,True,True,1.83,1.68,2.02,1.74,1.82,1.91,10,7,14
2026-01-06T16:53:49+00:00,sell,750,606,Reefer,Asset,False,True,1.44,1.22,1.62,1.27,1.48,1.6,10,7,14
2026-01-06T16:53:50+00:00,buy,606,770,Van,Broker,True,True,2.21,1.92,2.74,1.98,2.2,2.33,11,7,14
2026-01-06T16:53:51+00:00,buy,606,770,Van,Broker,False,True,1.77,1.48,2.3,1.54,1.76,1.89,11,7,14
2026-01-06T16:53:52+00:00,sell,606,770,Van,Asset,True,True,2.21,1.81,2.8,2.05,2.27,2.28,19,7,28
2026-01-06T16:53:53+00:00,sell,606,770,Van,Asset,False,True,1.77,1.34,2.38,1.58,1.84,1.85,19,7,28
2026-01-06T16:53:53+00:00,buy,606,770,Flatbed,Broker,True,True,2.1,1.85,2.5,1.98,2.07,2.2,8,5,14
2026-01-06T16:53:55+00:00,buy,606,770,Flatbed,Broker,False,True,1.66,1.41,2.06,1.54,1.63,1.76,8,5,14
2026-01-06T16:54:13+00:00,sell,606,770,Flatbed,Asset,True,True,2.62,1.46,3.05,2.65,2.79,2.84,27,9,63
2026-01-06T16:54:25+00:00,sell,606,770,Flatbed,Asset,False,True,2.15,0.99,2.55,2.16,2.31,2.37,27,9,63
2026-01-06T16:54:27+00:00,buy,606,770,Reefer,Broker,True,True,2.87,2.53,3.27,2.64,2.86,3.09,10,5,7
2026-01-06T16:54:27+00:00,buy,606,770,Reefer,Broker,False,True,2.43,2.09,2.83,2.2,2.42,2.65,10,5,7
2026-01-06T16:54:29+00:00,sell,606,770,Reefer,Asset,True,True,2.63,2.42,3.25,2.46,2.46,2.54,5,5,63
2026-01-06T16:54:30+00:00,sell,606,770,Reefer,Asset,False,True,2.22,1.99,2.82,2.06,2.1,2.13,5,5,63
2026-01-06T16:54:31+00:00,buy,770,606,Van,Broker,True,True,2.08,1.73,2.86,1.83,1.91,2.2,7,6,7
2026-01-06T16:54:32+00:00,buy,770,606,Van,Broker,False,True,1.64,1.29,2.42,1.39,1.47,1.77,7,6,7
2026-01-06T16:54:33+00:00,sell,770,606,Van,Asset,True,True,2.05,1.95,2.19,1.96,2.03,2.13,6,5,14
2026-01-06T16:54:33+00:00,sell,770,606,Van,Asset,False,True,1.63,1.53,1.79,1.54,1.61,1.7,6,5,14
2026-01-06T16:54:34+00:00,buy,770,606,Flatbed,Broker,True,True,1.9,1.33,2.17,1.82,1.91,2.06,12,5,7
2026-01-06T16:54:35+00:00,buy,770,606,Flatbed,Broker,False,True,1.46,0.89,1.73,1.38,1.47,1.62,12,5,7
2026-01-06T16:54:36+00:00,sell,770,606,Flatbed,Asset,True,True,2.32,1.68,3.33,2.01,2.23,2.64,10,6,63
2026-01-06T16:54:37+00:00,sell,770,606,Flatbed,Asset,False,True,1.9,1.24,2.91,1.55,1.91,2.21,10,6,63
2026-01-06T16:54:55+00:00,buy,770,606,Reefer,Broker,True,True,1.81,1.5,2.35,1.6,1.78,1.95,10,9,63
2026-01-06T16:54:56+00:00,buy,770,606,Reefer,Broker,False,True,1.36,1.03,1.91,1.15,1.31,1.49,10,9,63
2026-01-06T16:54:57+00:00,sell,770,606,Reefer,Asset,True,True,1.89,1.47,2.48,1.72,1.9,1.95,8,6,63
2026-01-06T16:54:58+00:00,sell,770,606,Reefer,Asset,False,True,1.47,1,2.02,1.39,1.43,1.55,8,6,63
2026-01-06T16:54:59+00:00,buy,100,303,Van,Broker,True,True,2.21,1.65,3.49,1.65,2.23,2.37,15,5,7
2026-01-06T16:55:00+00:00,buy,100,303,Van,Broker,False,True,1.77,1.21,3.05,1.21,1.79,1.93,15,5,7
2026-01-06T16:55:00+00:00,sell,100,303,Van,Asset,True,True,2.37,2.09,2.71,2.15,2.34,2.58,6,5,63
2026-01-06T16:55:01+00:00,sell,100,303,Van,Asset,False,True,1.94,1.6,2.27,1.69,1.99,2.16,6,5,63
2026-01-06T16:55:02+00:00,buy,100,303,Flatbed,Broker,True,True,2.47,1.68,5.02,1.99,2.12,2.24,7,5,182
2026-01-06T16:55:03+00:00,buy,100,303,Flatbed,Broker,False,True,2.01,1.22,4.57,1.53,1.66,1.78,7,5,182
2026-01-06T16:55:21+00:00,sell,100,303,Flatbed,Asset,True,True,0,0,0,0,0,0,0,0,0
2026-01-06T16:55:23+00:00,sell,100,303,Flatbed,Asset,False,True,0,0,0,0,0,0,0,0,0
2026-01-06T16:55:38+00:00,buy,100,303,Reefer,Broker,True,True,2.7,1.28,4.14,2.67,2.8,2.8,43,6,182
2026-01-06T16:55:39+00:00,buy,100,303,Reefer,Broker,False,True,2.24,0.82,3.68,2.21,2.34,2.36,43,6,182
2026-01-06T16:55:40+00:00,sell,100,303,Reefer,Asset,True,True,0,0,0,0,0,0,0,0,0
2026-01-06T16:55:41+00:00,sell,100,303,Reefer,Asset,False,True,0,0,0,0,0,0,0,0,0
2026-01-06T16:55:41+00:00,buy,303,100,Van,Broker,True,True,2.58,1.73,3.02,2.46,2.51,2.88,9,5,14
2026-01-06T16:55:42+00:00,buy,303,100,Van,Broker,False,True,2.14,1.29,2.58,2.02,2.05,2.44,9,5,14
2026-01-06T16:55:43+00:00,sell,303,100,Van,Asset,True,True,3.41,2.14,7.34,2.31,2.94,3.52,17,9,182
2026-01-06T16:55:44+00:00,sell,303,100,Van,Asset,False,True,2.94,1.67,6.68,1.85,2.48,3.06,17,9,182
2026-01-06T16:55:45+00:00,buy,303,100,Flatbed,Broker,True,True,3.24,3.02,3.58,3.15,3.21,3.25,6,5,28
2026-01-06T16:55:46+00:00,buy,303,100,Flatbed,Broker,False,True,2.78,2.58,3.11,2.7,2.76,2.79,6,5,28
2026-01-06T16:55:47+00:00,sell,303,100,Flatbed,Asset,True,True,3.97,2.57,4.47,3.5,4.27,4.34,30,10,364
2026-01-06T16:55:47+00:00,sell,303,100,Flatbed,Asset,False,True,3.47,2.01,3.96,3.03,3.75,3.9,30,10,364
2026-01-06T16:55:48+00:00,buy,303,100,Reefer,Broker,True,True,2.64,1.79,3.3,2.48,2.64,2.93,34,6,91
2026-01-06T16:55:49+00:00,buy,303,100,Reefer,Broker,False,True,2.19,1.34,2.83,2.02,2.19,2.48,34,6,91
2026-01-06T16:55:50+00:00,sell,303,100,Reefer,Asset,True,True,0,0,0,0,0,0,0,0,0
2026-01-06T16:55:51+00:00,sell,303,100,Reefer,Asset,False,True,0,0,0,0,0,0,0,0,0
2026-01-06T16:55:52+00:00,buy,303,750,Van,Broker,True,True,1.69,1.44,1.9,1.64,1.67,1.74,18,6,28
2026-01-06T16:55:53+00:00,buy,303,750,Van,Broker,False,True,1.23,0.97,1.43,1.18,1.22,1.3,18,6,28
2026-01-06T16:55:53+00:00,sell,303,750,Van,Asset,True,True,1.9,1.51,2.22,1.81,1.99,2.01,9,5,28
2026-01-06T16:55:54+00:00,sell,303,750,Van,Asset,False,True,1.5,1.08,1.88,1.38,1.61,1.61,9,5,28
2026-01-06T16:55:55+00:00,buy,303,750,Flatbed,Broker,True,True,2.15,1.75,2.82,2.02,2.08,2.22,10,7,14
2026-01-06T16:56:05+00:00,buy,303,750,Flatbed,Broker,False,True,1.71,1.31,2.38,1.58,1.64,1.78,10,7,14
2026-01-06T16:56:06+00:00,sell,303,750,Flatbed,Asset,True,True,2.95,2.05,4.29,2.35,2.93,3.25,6,6,14
2026-01-06T16:56:07+00:00,sell,303,750,Flatbed,Asset,False,True,2.5,1.24,3.8,1.86,2.61,2.98,6,6,14
2026-01-06T16:56:08+00:00,buy,303,750,Reefer,Broker,True,True,2.16,1.66,3.15,1.92,2.1,2.34,35,8,7
2026-01-06T16:56:09+00:00,buy,303,750,Reefer,Broker,False,True,1.72,1.22,2.71,1.48,1.66,1.9,35,8,7
2026-01-06T16:56:10+00:00,sell,303,750,Reefer,Asset,True,True,2.08,1.46,2.47,1.98,2.03,2.4,29,10,14
2026-01-06T16:56:11+00:00,sell,303,750,Reefer,Asset,False,True,1.68,1.02,2.07,1.54,1.62,1.98,29,10,14
2026-01-06T16:56:12+00:00,buy,750,303,Van,Broker,True,True,2.66,2.23,3.78,2.33,2.5,2.76,14,6,14
2026-01-06T16:56:12+00:00,buy,750,303,Van,Broker,False,True,2.22,1.79,3.34,1.89,2.06,2.32,14,6,14
2026-01-06T16:56:13+00:00,sell,750,303,Van,Asset,True,True,2.19,1.67,2.67,1.97,2.05,2.51,22,10,7
2026-01-06T16:56:14+00:00,sell,750,303,Van,Asset,False,True,1.77,1.2,2.33,1.53,1.64,2.07,22,10,7
2026-01-06T16:56:15+00:00,buy,750,303,Flatbed,Broker,True,True,2.06,1.38,2.33,1.9,2.11,2.33,9,5,14
2026-01-06T16:56:16+00:00,buy,750,303,Flatbed,Broker,False,True,1.62,0.94,1.89,1.46,1.67,1.89,9,5,14
2026-01-06T16:56:17+00:00,sell,750,303,Flatbed,Asset,True,True,2.16,1.75,3.08,1.86,2,2.21,44,12,63
2026-01-06T16:56:18+00:00,sell,750,303,Flatbed,Asset,False,True,1.73,1.33,2.58,1.44,1.6,1.82,44,12,63
2026-01-06T16:56:18+00:00,buy,750,303,Reefer,Broker,True,True,3.07,2.39,4.4,2.49,2.82,3.67,14,6,28
2026-01-06T16:56:19+00:00,buy,750,303,Reefer,Broker,False,True,2.61,1.92,3.96,2.02,2.35,3.22,14,6,28
2026-01-06T16:56:20+00:00,sell,750,303,Reefer,Asset,True,True,2.38,1.98,3.24,2.29,2.4,2.43,36,7,14
2026-01-06T16:56:21+00:00,sell,750,303,Reefer,Asset,False,True,1.97,1.52,2.8,1.86,2.03,2.04,36,7,14
2026-01-06T16:56:22+00:00,buy,303,770,Van,Broker,True,True,1.76,1.51,2.01,1.64,1.71,1.9,8,6,28
2026-01-06T16:56:23+00:00,buy,303,770,Van,Broker,False,True,1.31,1.07,1.57,1.2,1.26,1.45,8,6,28
2026-01-06T16:56:24+00:00,sell,303,770,Van,Asset,True,True,1.9,1.68,2.29,1.7,1.83,2,9,6,7
2026-01-06T16:56:25+00:00,sell,303,770,Van,Asset,False,True,1.46,1.24,1.85,1.26,1.39,1.57,9,6,7
2026-01-06T16:56:26+00:00,buy,303,770,Flatbed,Broker,True,True,1.98,1.35,2.7,1.6,2.09,2.25,10,5,7
2026-01-06T16:56:26+00:00,buy,303,770,Flatbed,Broker,False,True,1.54,0.91,2.26,1.16,1.65,1.81,10,5,7
2026-01-06T16:56:27+00:00,sell,303,770,Flatbed,Asset,True,True,2.81,2.01,3.43,2.52,2.78,3.34,16,10,14
2026-01-06T16:56:28+00:00,sell,303,770,Flatbed,Asset,False,True,2.35,1.53,3,2.11,2.3,2.84,16,10,14
2026-01-06T16:56:29+00:00,buy,303,770,Reefer,Broker,True,True,2.04,1.73,2.48,1.91,2.02,2.13,19,9,7
2026-01-06T16:56:31+00:00,buy,303,770,Reefer,Broker,False,True,1.6,1.29,2.04,1.48,1.58,1.69,19,9,7
2026-01-06T16:56:32+00:00,sell,303,770,Reefer,Asset,True,True,1.96,1.3,2.42,1.94,2.03,2.06,6,5,28
2026-01-06T16:56:33+00:00,sell,303,770,Reefer,Asset,False,True,1.48,0.83,1.93,1.48,1.54,1.57,6,5,28
2026-01-06T16:56:51+00:00,buy,770,303,Van,Broker,True,True,2.46,2.1,3.49,2.16,2.32,2.33,9,7,14
2026-01-06T16:56:52+00:00,buy,770,303,Van,Broker,False,True,2.02,1.66,3.05,1.72,1.88,1.89,9,7,14
2026-01-06T16:56:53+00:00,sell,770,303,Van,Asset,True,True,2.2,1.69,2.67,2.15,2.17,2.28,25,8,14
2026-01-06T16:56:53+00:00,sell,770,303,Van,Asset,False,True,1.79,1.23,2.25,1.7,1.8,1.94,25,8,14
2026-01-06T16:56:54+00:00,buy,770,303,Flatbed,Broker,True,True,2.14,1.64,2.6,1.95,2.19,2.33,12,7,7
2026-01-06T16:56:55+00:00,buy,770,303,Flatbed,Broker,False,True,1.7,1.2,2.16,1.51,1.75,1.89,12,7,7
2026-01-06T16:56:56+00:00,sell,770,303,Flatbed,Asset,True,True,2.35,1.74,2.95,2.18,2.33,2.43,14,7,14
2026-01-06T16:56:57+00:00,sell,770,303,Flatbed,Asset,False,True,1.93,1.34,2.52,1.74,1.93,2.02,14,7,14
2026-01-06T16:57:15+00:00,buy,770,303,Reefer,Broker,True,True,3.09,2.51,3.87,2.93,3.03,3.26,12,7,14
2026-01-06T16:57:16+00:00,buy,770,303,Reefer,Broker,False,True,2.65,2.05,3.43,2.49,2.59,2.82,12,7,14
2026-01-06T16:57:34+00:00,sell,770,303,Reefer,Asset,True,True,2.54,2.45,3.41,2.47,2.48,2.49,23,5,63
2026-01-06T16:57:35+00:00,sell,770,303,Reefer,Asset,False,True,2.1,1.93,2.95,2.05,2.05,2.05,23,5,63
2026-01-06T16:57:35+00:00,buy,750,770,Van,Broker,True,True,2.65,1.17,4.67,2.42,2.43,3.16,44,17,7
2026-01-06T16:57:36+00:00,buy,750,770,Van,Broker,False,True,2.21,0.73,4.23,1.98,1.99,2.72,44,17,7
2026-01-06T16:57:37+00:00,sell,750,770,Van,Asset,True,True,3.79,1.9,4.55,2.89,4.55,4.55,58,10,28
2026-01-06T16:57:38+00:00,sell,750,770,Van,Asset,False,True,3.34,1.46,4.11,2.45,4.08,4.09,58,10,28
2026-01-06T16:57:39+00:00,buy,750,770,Flatbed,Broker,True,True,2.42,1.99,3.05,2.33,2.46,2.47,19,8,7
2026-01-06T16:57:40+00:00,buy,750,770,Flatbed,Broker,False,True,1.98,1.55,2.61,1.89,2.02,2.03,19,8,7
2026-01-06T16:57:41+00:00,sell,750,770,Flatbed,Asset,True,True,4.23,2.2,6.36,3.45,4.31,4.95,65,9,7
2026-01-06T16:57:42+00:00,sell,750,770,Flatbed,Asset,False,True,3.85,1.76,5.94,2.92,3.87,4.66,65,9,7
2026-01-06T16:57:42+00:00,buy,750,770,Reefer,Broker,True,True,3.39,2.99,4.61,3.07,3.24,3.41,8,7,7
2026-01-06T16:57:43+00:00,buy,750,770,Reefer,Broker,False,True,2.95,2.55,4.17,2.63,2.8,2.97,8,7,7
2026-01-06T16:57:45+00:00,sell,750,770,Reefer,Asset,True,True,4.29,2.61,4.71,4.13,4.6,4.61,80,5,28
2026-01-06T16:57:46+00:00,sell,750,770,Reefer,Asset,False,True,3.86,2.14,4.25,3.76,4.14,4.14,80,5,28
2026-01-06T16:57:46+00:00,buy,770,750,Van,Broker,True,True,2.74,1.87,5.51,2.3,2.35,3,23,15,7
2026-01-06T16:57:47+00:00,buy,770,750,Van,Broker,False,True,2.3,1.43,5.07,1.86,1.91,2.56,23,15,7
2026-01-06T16:57:48+00:00,sell,770,750,Van,Asset,True,True,2.84,2.3,4.71,2.33,2.41,2.47,5,5,14
2026-01-06T16:57:49+00:00,sell,770,750,Van,Asset,False,True,2.34,1.38,4.28,1.97,2.03,2.05,5,5,14
2026-01-06T16:57:50+00:00,buy,770,750,Flatbed,Broker,True,True,3.43,1.78,4.92,3.29,3.34,3.68,24,10,7
2026-01-06T16:57:51+00:00,buy,770,750,Flatbed,Broker,False,True,2.99,1.34,4.48,2.85,2.9,3.24,24,10,7
2026-01-06T16:57:52+00:00,sell,770,750,Flatbed,Asset,True,True,3.53,2.36,4.93,3.08,3.63,3.8,7,6,14
2026-01-06T16:57:53+00:00,sell,770,750,Flatbed,Asset,False,True,3.08,1.92,4.64,2.72,2.93,3.33,7,6,14
2026-01-06T16:57:54+00:00,buy,770,750,Reefer,Broker,True,True,3.71,2.82,4.05,3.66,3.8,3.86,36,7,7
2026-01-06T16:57:54+00:00,buy,770,750,Reefer,Broker,False,True,3.27,2.38,3.61,3.22,3.36,3.42,36,7,7
2026-01-06T16:57:55+00:00,sell,770,750,Reefer,Asset,True,True,2.99,2.54,3.31,2.97,3,3.05,19,6,14
2026-01-06T16:57:56+00:00,sell,770,750,Reefer,Asset,False,True,2.59,2.19,3.01,2.54,2.6,2.6,19,6,14
2026-01-06T16:57:57+00:00,buy,606,303,Van,Broker,True,True,3.12,2.41,3.91,2.81,3.01,3.45,35,20,7
2026-01-06T16:57:58+00:00,buy,606,303,Van,Broker,False,True,2.68,1.97,3.47,2.37,2.57,3.01,35,20,7
2026-01-06T16:57:59+00:00,sell,606,303,Van,Asset,True,True,2.76,2.34,3.36,2.46,2.65,3.03,10,8,7
2026-01-06T16:58:17+00:00,sell,606,303,Van,Asset,False,True,2.32,1.9,2.92,2.02,2.24,2.59,10,8,7
2026-01-06T16:58:18+00:00,buy,606,303,Flatbed,Broker,True,True,2.53,1.81,2.94,2.42,2.49,2.81,13,6,28
2026-01-06T16:58:19+00:00,buy,606,303,Flatbed,Broker,False,True,2.08,1.37,2.5,1.96,2.03,2.37,13,6,28
2026-01-06T16:58:20+00:00,sell,606,303,Flatbed,Asset,True,True,2.8,2.13,3.75,2.66,2.75,2.91,10,7,28
2026-01-06T16:58:21+00:00,sell,606,303,Flatbed,Asset,False,True,2.35,1.74,3.29,2.25,2.25,2.42,10,7,28
2026-01-06T16:58:22+00:00,buy,606,303,Reefer,Broker,True,True,4.1,3.14,5.12,3.68,4.04,4.46,11,9,7
2026-01-06T16:58:23+00:00,buy,606,303,Reefer,Broker,False,True,3.66,2.7,4.68,3.24,3.6,4.02,11,9,7
2026-01-06T16:58:24+00:00,sell,606,303,Reefer,Asset,True,True,3.45,2.73,4.63,3.07,3.36,3.63,9,6,14
2026-01-06T16:59:02+00:00,sell,606,303,Reefer,Asset,False,True,3.03,2.41,4.19,2.65,2.88,3.19,9,6,14
2026-01-06T16:59:03+00:00,buy,303,606,Van,Broker,True,True,1.57,0.96,2.38,1.34,1.54,1.78,39,23,7
2026-01-06T16:59:05+00:00,buy,303,606,Van,Broker,False,True,1.13,0.52,1.94,0.9,1.1,1.34,39,23,7
2026-01-06T16:59:06+00:00,sell,303,606,Van,Asset,True,True,1.74,1.28,2.03,1.7,1.73,1.87,12,6,7
2026-01-06T16:59:07+00:00,sell,303,606,Van,Asset,False,True,1.31,0.89,1.59,1.29,1.32,1.43,12,6,7
2026-01-06T16:59:08+00:00,buy,303,606,Flatbed,Broker,True,True,2.45,1.6,2.99,2.28,2.48,2.81,15,7,14
2026-01-06T16:59:09+00:00,buy,303,606,Flatbed,Broker,False,True,2.01,1.16,2.55,1.84,2.04,2.37,15,7,14
2026-01-06T16:59:10+00:00,sell,303,606,Flatbed,Asset,True,True,2.67,1.99,3.15,2.66,2.73,2.8,6,5,28
2026-01-06T16:59:11+00:00,sell,303,606,Flatbed,Asset,False,True,2.27,1.55,2.87,2.17,2.28,2.46,6,5,28
2026-01-06T16:59:12+00:00,buy,303,606,Reefer,Broker,True,True,1.95,1.54,2.5,1.83,1.92,2.05,26,10,7
2026-01-06T16:59:13+00:00,buy,303,606,Reefer,Broker,False,True,1.51,1.1,2.06,1.39,1.48,1.61,26,10,7
2026-01-06T16:59:14+00:00,sell,303,606,Reefer,Asset,True,True,1.97,1.38,2.41,1.56,2.07,2.26,9,7,14
2026-01-06T16:59:32+00:00,sell,303,606,Reefer,Asset,False,True,1.42,0.94,1.82,1.12,1.52,1.65,9,7,14
2026-01-06T16:59:33+00:00,buy,100,770,Van,Broker,True,True,1.6,1.16,1.87,1.51,1.63,1.68,9,6,63
2026-01-06T16:59:34+00:00,buy,100,770,Van,Broker,False,True,1.14,0.71,1.4,1.04,1.16,1.24,9,6,63
2026-01-06T16:59:35+00:00,sell,100,770,Van,Asset,True,True,1.71,1.37,2.42,1.49,1.5,1.97,9,5,364
2026-01-06T16:59:36+00:00,sell,100,770,Van,Asset,False,True,1.27,0.94,2,1.04,1.06,1.48,9,5,364
2026-01-06T16:59:37+00:00,buy,100,770,Flatbed,Broker,True,True,1.92,1.21,2.96,1.81,1.86,1.98,25,7,364
2026-01-06T16:59:38+00:00,buy,100,770,Flatbed,Broker,False,True,1.47,0.79,2.52,1.36,1.42,1.52,25,7,364
2026-01-06T16:59:39+00:00,sell,100,770,Flatbed,Asset,True,True,0,0,0,0,0,0,0,0,0
2026-01-06T16:59:40+00:00,sell,100,770,Flatbed,Asset,False,True,0,0,0,0,0,0,0,0,0
2026-01-06T16:59:40+00:00,buy,100,770,Reefer,Broker,True,True,0,0,0,0,0,0,0,0,0
2026-01-06T16:59:58+00:00,buy,100,770,Reefer,Broker,False,True,0,0,0,0,0,0,0,0,0
2026-01-06T17:00:00+00:00,sell,100,770,Reefer,Asset,True,True,0,0,0,0,0,0,0,0,0
2026-01-06T17:00:01+00:00,sell,100,770,Reefer,Asset,False,True,0,0,0,0,0,0,0,0,0
2026-01-06T17:00:02+00:00,buy,770,100,Van,Broker,True,True,2.08,1.37,2.41,1.98,2.09,2.28,15,11,63
2026-01-06T17:00:03+00:00,buy,770,100,Van,Broker,False,True,1.62,0.91,1.94,1.52,1.65,1.84,15,11,63
2026-01-06T17:00:04+00:00,sell,770,100,Van,Asset,True,True,0,0,0,0,0,0,0,0,0
2026-01-06T17:00:05+00:00,sell,770,100,Van,Asset,False,True,0,0,0,0,0,0,0,0,0
2026-01-06T17:00:23+00:00,buy,770,100,Flatbed,Broker,True,True,2.06,1.07,2.63,1.75,2.09,2.53,10,6,63
2026-01-06T17:00:24+00:00,buy,770,100,Flatbed,Broker,False,True,1.61,0.61,2.2,1.3,1.64,2.1,10,6,63
2026-01-06T17:00:25+00:00,sell,770,100,Flatbed,Asset,True,True,0,0,0,0,0,0,0,0,0
2026-01-06T17:00:26+00:00,sell,770,100,Flatbed,Asset,False,True,0,0,0,0,0,0,0,0,0
2026-01-06T17:00:27+00:00,buy,770,100,Reefer,Broker,True,True,2.48,2.21,3.56,2.24,2.3,2.56,17,5,182
2026-01-06T17:00:28+00:00,buy,770,100,Reefer,Broker,False,True,2.02,1.73,3.12,1.79,1.85,2.11,17,5,182
2026-01-06T17:00:28+00:00,sell,770,100,Reefer,Asset,True,True,0,0,0,0,0,0,0,0,0
2026-01-06T17:00:47+00:00,sell,770,100,Reefer,Asset,False,True,0,0,0,0,0,0,0,0,0
2026-01-06T17:00:48+00:00,buy,750,100,Van,Broker,True,True,2.33,1.79,3.17,2.18,2.33,2.46,17,8,28
2026-01-06T17:00:49+00:00,buy,750,100,Van,Broker,False,True,1.88,1.31,2.73,1.72,1.87,2,17,8,28
2026-01-06T17:00:49+00:00,sell,750,100,Van,Asset,True,True,0,0,0,0,0,0,0,0,0
2026-01-06T17:00:50+00:00,sell,750,100,Van,Asset,False,True,0,0,0,0,0,0,0,0,0
2026-01-06T17:00:51+00:00,buy,750,100,Flatbed,Broker,True,True,2.52,1.7,3.26,2.25,2.43,2.72,9,7,182
2026-01-06T17:00:52+00:00,buy,750,100,Flatbed,Broker,False,True,2.06,1.25,2.81,1.8,1.98,2.25,9,7,182
2026-01-06T17:00:53+00:00,sell,750,100,Flatbed,Asset,True,True,0,0,0,0,0,0,0,0,0
2026-01-06T17:00:54+00:00,sell,750,100,Flatbed,Asset,False,True,0,0,0,0,0,0,0,0,0
2026-01-06T17:00:55+00:00,buy,750,100,Reefer,Broker,True,True,2.09,0.67,2.78,2,2.46,2.58,21,10,364
2026-01-06T17:00:56+00:00,buy,750,100,Reefer,Broker,False,True,1.7,0.53,2.36,1.6,2,2.12,21,10,364
2026-01-06T17:00:57+00:00,sell,750,100,Reefer,Asset,True,True,0,0,0,0,0,0,0,0,0
2026-01-06T17:00:57+00:00,sell,750,100,Reefer,Asset,False,True,0,0,0,0,0,0,0,0,0
2026-01-06T17:00:58+00:00,buy,100,750,Van,Broker,True,True,2.62,1.75,6.72,1.87,1.94,3.14,16,10,28
2026-01-06T17:01:00+00:00,buy,100,750,Van,Broker,False,True,2.16,1.29,6.26,1.41,1.49,2.7,16,10,28
2026-01-06T17:01:00+00:00,sell,100,750,Van,Asset,True,True,1.71,1.38,2.07,1.5,1.72,1.84,8,5,182
2026-01-06T17:01:01+00:00,sell,100,750,Van,Asset,False,True,1.23,0.88,1.62,1,1.25,1.36,8,5,182
2026-01-06T17:01:02+00:00,buy,100,750,Flatbed,Broker,True,True,0,0,0,0,0,0,0,0,0
2026-01-06T17:01:03+00:00,buy,100,750,Flatbed,Broker,False,True,0,0,0,0,0,0,0,0,0
2026-01-06T17:01:04+00:00,sell,100,750,Flatbed,Asset,True,True,0,0,0,0,0,0,0,0,0
2026-01-06T17:01:05+00:00,sell,100,750,Flatbed,Asset,False,True,0,0,0,0,0,0,0,0,0
2026-01-06T17:01:06+00:00,buy,100,750,Reefer,Broker,True,True,1.73,1.1,2.19,1.56,1.82,1.92,18,5,63
2026-01-06T17:01:07+00:00,buy,100,750,Reefer,Broker,False,True,1.28,0.65,1.72,1.09,1.39,1.47,18,5,63
2026-01-06T17:01:07+00:00,sell,100,750,Reefer,Asset,True,True,0,0,0,0,0,0,0,0,0
2026-01-06T17:01:08+00:00,sell,100,750,Reefer,Asset,False,True,0,0,0,0,0,0,0,0,0
2026-01-06T17:01:09+00:00,buy,900,981,Van,Broker,True,True,3.05,2.21,4.47,2.75,2.9,3.14,31,14,7
2026-01-06T17:01:10+00:00,buy,900,981,Van,Broker,False,True,2.61,1.77,4.03,2.31,2.46,2.72,31,14,7
2026-01-06T17:01:11+00:00,sell,900,981,Van,Asset,True,True,3.6,3.06,4.06,3.43,3.5,4.03,12,5,28
2026-01-06T17:01:29+00:00,sell,900,981,Van,Asset,False,True,3.18,2.61,3.64,2.97,3.1,3.64,12,5,28
2026-01-06T17:01:30+00:00,buy,900,981,Flatbed,Broker,True,True,2.01,1.17,2.75,1.82,1.91,2.22,16,5,7
2026-01-06T17:01:31+00:00,buy,900,981,Flatbed,Broker,False,True,1.57,0.73,2.31,1.38,1.47,1.78,16,5,7
2026-01-06T17:01:32+00:00,sell,900,981,Flatbed,Asset,True,True,2.76,2.04,5.04,2.59,2.68,2.8,22,6,91
2026-01-06T17:01:50+00:00,sell,900,981,Flatbed,Asset,False,True,2.16,1.54,4.06,1.98,2.02,2.19,22,6,91
2026-01-06T17:01:51+00:00,buy,900,981,Reefer,Broker,True,True,2.7,2.32,3.93,2.45,2.66,2.73,21,7,7
2026-01-06T17:01:52+00:00,buy,900,981,Reefer,Broker,False,True,2.26,1.88,3.49,2.01,2.22,2.29,21,7,7
2026-01-06T17:01:52+00:00,sell,900,981,Reefer,Asset,True,True,2.77,2.26,3.38,2.42,2.83,2.97,15,10,63
2026-01-06T17:01:53+00:00,sell,900,981,Reefer,Asset,False,True,2.32,1.83,2.93,1.95,2.4,2.54,15,10,63
2026-01-06T17:01:54+00:00,buy,981,900,Van,Broker,True,True,1.37,1.05,1.87,1.11,1.29,1.54,18,12,7
2026-01-06T17:01:55+00:00,buy,981,900,Van,Broker,False,True,0.93,0.61,1.43,0.67,0.85,1.1,18,12,7
2026-01-06T17:01:56+00:00,sell,981,900,Van,Asset,True,True,1.63,0.97,2.86,1.33,1.59,1.81,16,6,28
2026-01-06T17:02:15+00:00,sell,981,900,Van,Asset,False,True,1.14,0.53,2.31,0.93,1.17,1.26,16,6,28
2026-01-06T17:02:16+00:00,buy,981,900,Flatbed,Broker,True,True,2.87,1.67,3.91,2.64,3.04,3.39,9,7,28
2026-01-06T17:02:16+00:00,buy,981,900,Flatbed,Broker,False,True,2.42,1.21,3.47,2.18,2.6,2.95,9,7,28
2026-01-06T17:02:17+00:00,sell,981,900,Flatbed,Asset,True,True,4.09,2.42,7.14,3.4,3.4,3.78,24,5,63
2026-01-06T17:02:18+00:00,sell,981,900,Flatbed,Asset,False,True,3.55,2.01,6.94,2.72,2.72,3.23,24,5,63
2026-01-06T17:02:20+00:00,buy,981,900,Reefer,Broker,True,True,2.26,1.42,2.84,2,2.31,2.41,12,6,28
2026-01-06T17:02:21+00:00,buy,981,900,Reefer,Broker,False,True,1.8,0.98,2.37,1.56,1.84,1.96,12,6,28
2026-01-06T17:02:22+00:00,sell,981,900,Reefer,Asset,True,True,1.91,1.03,3.12,1.47,1.95,2.09,6,5,364
2026-01-06T17:02:22+00:00,sell,981,900,Reefer,Asset,False,True,1.48,0.58,2.67,1.03,1.52,1.66,6,5,364
2026-01-06T17:02:23+00:00,buy,606,981,Van,Broker,True,True,2.01,1.47,2.67,1.73,2.04,2.17,15,7,14
2026-01-06T17:02:24+00:00,buy,606,981,Van,Broker,False,True,1.57,1.07,2.23,1.29,1.6,1.73,15,7,14
2026-01-06T17:02:25+00:00,sell,606,981,Van,Asset,True,True,2.27,1.78,3.52,1.94,2.08,2.2,13,6,364
2026-01-06T17:02:26+00:00,sell,606,981,Van,Asset,False,True,1.83,1.38,3.04,1.54,1.63,1.77,13,6,364
2026-01-06T17:02:27+00:00,buy,606,981,Flatbed,Broker,True,True,1.96,1.48,2.18,2,2.01,2.15,5,5,91
2026-01-06T17:02:28+00:00,buy,606,981,Flatbed,Broker,False,True,1.51,1.05,1.7,1.55,1.57,1.7,5,5,91
2026-01-06T17:02:29+00:00,sell,606,981,Flatbed,Asset,True,True,0,0,0,0,0,0,0,0,0
2026-01-06T17:02:30+00:00,sell,606,981,Flatbed,Asset,False,True,0,0,0,0,0,0,0,0,0
2026-01-06T17:02:31+00:00,buy,606,981,Reefer,Broker,True,True,2.22,2,2.56,2.05,2.13,2.37,8,5,7
2026-01-06T17:02:32+00:00,buy,606,981,Reefer,Broker,False,True,1.78,1.56,2.12,1.61,1.69,1.93,8,5,7
2026-01-06T17:02:33+00:00,sell,606,981,Reefer,Asset,True,True,1.89,1.56,2.46,1.74,1.82,1.95,17,5,364
2026-01-06T17:02:34+00:00,sell,606,981,Reefer,Asset,False,True,1.51,1.09,2,1.38,1.47,1.56,17,5,364
2026-01-06T17:02:35+00:00,buy,981,606,Van,Broker,True,True,1.72,1.19,2.17,1.27,1.88,2.08,15,5,14
2026-01-06T17:02:36+00:00,buy,981,606,Van,Broker,False,True,1.28,0.75,1.73,0.83,1.44,1.64,15,5,14
2026-01-06T17:02:37+00:00,sell,981,606,Van,Asset,True,True,1.71,1.19,2.09,1.42,1.76,2.01,15,8,364
2026-01-06T17:02:39+00:00,sell,981,606,Van,Asset,False,True,1.29,0.85,1.66,1,1.34,1.56,15,8,364
2026-01-06T17:02:40+00:00,buy,981,606,Flatbed,Broker,True,True,1.8,0.97,2.46,1.78,1.81,1.85,9,7,182
2026-01-06T17:02:41+00:00,buy,981,606,Flatbed,Broker,False,True,1.35,0.5,2.01,1.31,1.36,1.42,9,7,182
2026-01-06T17:02:42+00:00,sell,981,606,Flatbed,Asset,True,True,0,0,0,0,0,0,0,0,0
2026-01-06T17:02:43+00:00,sell,981,606,Flatbed,Asset,False,True,0,0,0,0,0,0,0,0,0
2026-01-06T17:02:44+00:00,buy,981,606,Reefer,Broker,True,True,2.46,2.18,2.71,2.39,2.46,2.56,14,7,63
2026-01-06T17:02:46+00:00,buy,981,606,Reefer,Broker,False,True,2,1.75,2.25,1.93,1.99,2.1,14,7,63
2026-01-06T17:02:47+00:00,sell,981,606,Reefer,Asset,True,True,2.01,1.61,2.69,1.82,1.94,2.04,6,6,364
2026-01-06T17:02:48+00:00,sell,981,606,Reefer,Asset,False,True,1.57,1.18,2.25,1.37,1.49,1.61,6,6,364
2026-01-06T17:02:49+00:00,buy,100,981,Van,Broker,True,True,0,0,0,0,0,0,0,0,0
2026-01-06T17:02:50+00:00,buy,100,981,Van,Broker,False,True,0,0,0,0,0,0,0,0,0
2026-01-06T17:02:52+00:00,sell,100,981,Van,Asset,True,True,0,0,0,0,0,0,0,0,0
2026-01-06T17:02:53+00:00,sell,100,981,Van,Asset,False,True,0,0,0,0,0,0,0,0,0
2026-01-06T17:02:54+00:00,buy,100,981,Flatbed,Broker,True,True,0,0,0,0,0,0,0,0,0
2026-01-06T17:02:55+00:00,buy,100,981,Flatbed,Broker,False,True,0,0,0,0,0,0,0,0,0
2026-01-06T17:02:56+00:00,sell,100,981,Flatbed,Asset,True,True,0,0,0,0,0,0,0,0,0
2026-01-06T17:02:58+00:00,sell,100,981,Flatbed,Asset,False,True,0,0,0,0,0,0,0,0,0
2026-01-06T17:02:59+00:00,buy,100,981,Reefer,Broker,True,True,0,0,0,0,0,0,0,0,0
2026-01-06T17:03:00+00:00,buy,100,981,Reefer,Broker,False,True,0,0,0,0,0,0,0,0,0
2026-01-06T17:03:01+00:00,sell,100,981,Reefer,Asset,True,True,0,0,0,0,0,0,0,0,0
2026-01-06T17:03:03+00:00,sell,100,981,Reefer,Asset,False,True,0,0,0,0,0,0,0,0,0
2026-01-06T17:03:04+00:00,buy,981,100,Van,Broker,True,True,1.93,1.67,2.26,1.79,1.88,2.07,11,9,364
2026-01-06T17:03:05+00:00,buy,981,100,Van,Broker,False,True,1.49,1.21,1.77,1.36,1.42,1.63,11,9,364
2026-01-06T17:03:06+00:00,sell,981,100,Van,Asset,True,True,0,0,0,0,0,0,0,0,0
2026-01-06T17:03:08+00:00,sell,981,100,Van,Asset,False,True,0,0,0,0,0,0,0,0,0
2026-01-06T17:03:09+00:00,buy,981,100,Flatbed,Broker,True,True,0,0,0,0,0,0,0,0,0
2026-01-06T17:03:10+00:00,buy,981,100,Flatbed,Broker,False,True,0,0,0,0,0,0,0,0,0
2026-01-06T17:03:12+00:00,sell,981,100,Flatbed,Asset,True,True,0,0,0,0,0,0,0,0,0
2026-01-06T17:03:13+00:00,sell,981,100,Flatbed,Asset,False,True,0,0,0,0,0,0,0,0,0
2026-01-06T17:03:14+00:00,buy,981,100,Reefer,Broker,True,True,2.52,2.22,2.8,2.41,2.54,2.59,22,6,364
2026-01-06T17:03:15+00:00,buy,981,100,Reefer,Broker,False,True,2.1,1.78,2.38,2,2.14,2.15,22,6,364
2026-01-06T17:03:17+00:00,sell,981,100,Reefer,Asset,True,True,0,0,0,0,0,0,0,0,0
2026-01-06T17:03:18+00:00,sell,981,100,Reefer,Asset,False,True,0,0,0,0,0,0,0,0,0
2026-01-06T17:03:19+00:00,buy,303,981,Van,Broker,True,True,2.04,1.51,2.38,1.7,1.93,2.37,25,5,14
2026-01-06T17:03:20+00:00,buy,303,981,Van,Broker,False,True,1.61,1.07,1.95,1.26,1.49,1.95,25,5,14
2026-01-06T17:03:21+00:00,sell,303,981,Van,Asset,True,True,2.35,1.69,4.63,2.35,2.36,2.38,213,7,364
2026-01-06T17:03:23+00:00,sell,303,981,Van,Asset,False,True,1.94,1.21,3.73,1.95,1.95,1.95,213,7,364
2026-01-06T17:03:24+00:00,buy,303,981,Flatbed,Broker,True,True,1.68,1.08,2.38,1.21,1.74,2.01,6,5,63
2026-01-06T17:03:26+00:00,buy,303,981,Flatbed,Broker,False,True,1.23,0.62,1.92,0.75,1.29,1.57,6,5,63
2026-01-06T17:03:27+00:00,sell,303,981,Flatbed,Asset,True,True,0,0,0,0,0,0,0,0,0
2026-01-06T17:03:28+00:00,sell,303,981,Flatbed,Asset,False,True,0,0,0,0,0,0,0,0,0
2026-01-06T17:03:30+00:00,buy,303,981,Reefer,Broker,True,True,1.72,1.5,2.09,1.56,1.7,1.82,8,5,14
2026-01-06T17:03:31+00:00,buy,303,981,Reefer,Broker,False,True,1.28,1.06,1.65,1.12,1.26,1.38,8,5,14
2026-01-06T17:03:32+00:00,sell,303,981,Reefer,Asset,True,True,2.22,1.61,2.29,2.23,2.24,2.26,122,6,364
2026-01-06T17:03:33+00:00,sell,303,981,Reefer,Asset,False,True,1.77,1.21,1.81,1.81,1.81,1.81,122,6,364
2026-01-06T17:03:34+00:00,buy,981,303,Van,Broker,True,True,2,1.54,2.48,1.76,2.04,2.21,7,7,14
2026-01-06T17:03:36+00:00,buy,981,303,Van,Broker,False,True,1.56,1.1,2.04,1.32,1.6,1.77,7,7,14
2026-01-06T17:03:37+00:00,sell,981,303,Van,Asset,True,True,1.73,1.22,2.2,1.51,1.82,1.94,10,7,364
2026-01-06T17:03:38+00:00,sell,981,303,Van,Asset,False,True,1.31,0.82,1.76,1.11,1.37,1.49,10,7,364
2026-01-06T17:03:39+00:00,buy,981,303,Flatbed,Broker,True,True,1.94,0.98,2.89,1.88,1.97,2.05,20,5,182
2026-01-06T17:03:41+00:00,buy,981,303,Flatbed,Broker,False,True,1.49,0.54,2.44,1.43,1.52,1.6,20,5,182
2026-01-06T17:03:42+00:00,sell,981,303,Flatbed,Asset,True,True,1.86,1.71,2.28,1.81,1.81,1.85,33,7,364
2026-01-06T17:03:43+00:00,sell,981,303,Flatbed,Asset,False,True,1.44,1.2,1.93,1.36,1.38,1.45,33,7,364
2026-01-06T17:03:45+00:00,buy,981,303,Reefer,Broker,True,True,2.31,0.98,2.94,2.17,2.19,2.56,55,11,63
2026-01-06T17:03:46+00:00,buy,981,303,Reefer,Broker,False,True,1.86,0.54,2.49,1.72,1.74,2.12,55,11,63
2026-01-06T17:03:48+00:00,sell,981,303,Reefer,Asset,True,True,2.23,1.89,2.81,2.04,2.18,2.33,18,9,364
2026-01-06T17:03:49+00:00,sell,981,303,Reefer,Asset,False,True,1.85,1.61,2.4,1.67,1.8,1.98,18,9,364
2026-01-06T17:03:50+00:00,buy,750,981,Van,Broker,True,True,1.84,1.23,2.29,1.73,1.82,2.08,13,7,7
2026-01-06T17:04:09+00:00,buy,750,981,Van,Broker,False,True,1.4,0.79,1.85,1.29,1.38,1.64,13,7,7
2026-01-06T17:04:10+00:00,sell,750,981,Van,Asset,True,True,2.49,1.95,3.05,2.32,2.61,2.64,13,5,63
2026-01-06T17:04:11+00:00,sell,750,981,Van,Asset,False,True,2.11,1.48,2.55,1.94,2.23,2.29,13,5,63
2026-01-06T17:04:13+00:00,buy,750,981,Flatbed,Broker,True,True,2.19,1.79,2.88,2.05,2.23,2.3,25,7,63
2026-01-06T17:04:14+00:00,buy,750,981,Flatbed,Broker,False,True,1.74,1.36,2.44,1.61,1.8,1.84,25,7,63
2026-01-06T17:04:32+00:00,sell,750,981,Flatbed,Asset,True,True,2.68,2.1,3.06,2.32,2.77,3.04,18,6,364
2026-01-06T17:04:34+00:00,sell,750,981,Flatbed,Asset,False,True,2.19,1.59,2.57,1.92,2.27,2.55,18,6,364
2026-01-06T17:04:36+00:00,buy,750,981,Reefer,Broker,True,True,1.99,1.78,2.21,1.91,2.03,2.07,8,6,14
2026-01-06T17:04:37+00:00,buy,750,981,Reefer,Broker,False,True,1.55,1.34,1.77,1.47,1.59,1.63,8,6,14
2026-01-06T17:04:38+00:00,sell,750,981,Reefer,Asset,True,True,2.11,1.43,2.75,1.86,2.09,2.31,45,10,364
2026-01-06T17:04:39+00:00,sell,750,981,Reefer,Asset,False,True,1.64,1.03,2.26,1.44,1.69,1.75,45,10,364
2026-01-06T17:04:52+00:00,buy,981,750,Van,Broker,True,True,2.24,2.02,2.6,2.12,2.19,2.3,8,5,14
2026-01-06T17:04:53+00:00,buy,981,750,Van,Broker,False,True,1.8,1.58,2.16,1.68,1.75,1.86,8,5,14
2026-01-06T17:04:55+00:00,sell,981,750,Van,Asset,True,True,1.78,1.19,2.38,1.55,1.71,2.05,14,7,91
2026-01-06T17:04:56+00:00,sell,981,750,Van,Asset,False,True,1.33,0.73,1.9,1.1,1.26,1.6,14,7,91
2026-01-06T17:04:57+00:00,buy,981,750,Flatbed,Broker,True,True,2.13,1.87,2.89,1.88,1.99,2.18,8,7,63
2026-01-06T17:04:58+00:00,buy,981,750,Flatbed,Broker,False,True,1.68,1.41,2.45,1.44,1.53,1.74,8,7,63
2026-01-06T17:05:00+00:00,sell,981,750,Flatbed,Asset,True,True,1.8,1.65,2.02,1.69,1.79,1.88,8,5,182
2026-01-06T17:05:02+00:00,sell,981,750,Flatbed,Asset,False,True,1.36,1.16,1.58,1.24,1.33,1.46,8,5,182
2026-01-06T17:05:03+00:00,buy,981,750,Reefer,Broker,True,True,2.72,2.17,3.2,2.63,2.66,2.86,11,5,63
2026-01-06T17:05:04+00:00,buy,981,750,Reefer,Broker,False,True,2.26,1.73,2.74,2.17,2.21,2.41,11,5,63
2026-01-06T17:05:06+00:00,sell,981,750,Reefer,Asset,True,True,2.13,1.69,2.52,2.06,2.16,2.17,20,8,364
2026-01-06T17:05:07+00:00,sell,981,750,Reefer,Asset,False,True,1.7,1.44,2.12,1.61,1.73,1.73,20,8,364
2026-01-06T17:05:08+00:00,buy,770,981,Van,Broker,True,True,2.15,1.1,2.78,2.07,2.23,2.32,16,9,14
2026-01-06T17:05:09+00:00,buy,770,981,Van,Broker,False,True,1.74,0.66,2.72,1.63,1.79,1.88,16,9,14
2026-01-06T17:05:11+00:00,sell,770,981,Van,Asset,True,True,2.83,1.68,4.82,2.19,2.19,3.36,11,5,91
2026-01-06T17:05:12+00:00,sell,770,981,Van,Asset,False,True,2.34,1.17,4.35,1.72,1.73,2.79,11,5,91
2026-01-06T17:05:13+00:00,buy,770,981,Flatbed,Broker,True,True,1.99,1.29,2.58,1.86,2.07,2.12,24,14,63
2026-01-06T17:05:15+00:00,buy,770,981,Flatbed,Broker,False,True,1.53,0.83,2.15,1.38,1.6,1.66,24,14,63
2026-01-06T17:05:16+00:00,sell,770,981,Flatbed,Asset,True,True,2.67,1.85,3.57,2.36,2.55,2.95,16,7,364
2026-01-06T17:05:17+00:00,sell,770,981,Flatbed,Asset,False,True,2.19,1.42,3.04,1.84,2.06,2.43,16,7,364
2026-01-06T17:05:18+00:00,buy,770,981,Reefer,Broker,True,True,1.82,1.45,2.03,1.71,1.86,1.94,19,7,182
2026-01-06T17:05:19+00:00,buy,770,981,Reefer,Broker,False,True,1.37,1,1.57,1.26,1.4,1.49,19,7,182
2026-01-06T17:05:20+00:00,sell,770,981,Reefer,Asset,True,True,0,0,0,0,0,0,0,0,0
2026-01-06T17:05:21+00:00,sell,770,981,Reefer,Asset,False,True,0,0,0,0,0,0,0,0,0
2026-01-06T17:05:23+00:00,buy,981,770,Van,Broker,True,True,2.25,1.88,2.99,1.99,2.07,2.31,8,6,14
2026-01-06T17:05:24+00:00,buy,981,770,Van,Broker,False,True,1.81,1.44,2.55,1.55,1.63,1.87,8,6,14
2026-01-06T17:05:25+00:00,sell,981,770,Van,Asset,True,True,2.67,1.26,3.82,1.45,3.76,3.79,23,7,182
2026-01-06T17:05:27+00:00,sell,981,770,Van,Asset,False,True,2.12,0.8,3.15,1.01,3.15,3.15,23,7,182
2026-01-06T17:05:28+00:00,buy,981,770,Flatbed,Broker,True,True,1.92,1.09,2.24,1.91,2.05,2.08,16,7,91
2026-01-06T17:05:29+00:00,buy,981,770,Flatbed,Broker,False,True,1.48,0.63,1.8,1.47,1.61,1.64,16,7,91
2026-01-06T17:05:30+00:00,sell,981,770,Flatbed,Asset,True,True,1.66,1.3,1.88,1.49,1.69,1.81,21,9,182
2026-01-06T17:05:32+00:00,sell,981,770,Flatbed,Asset,False,True,1.22,0.87,1.47,1.04,1.23,1.36,21,9,182
2026-01-06T17:05:33+00:00,buy,981,770,Reefer,Broker,True,True,2.02,0.95,2.99,1.74,1.99,2.5,17,5,364
2026-01-06T17:05:34+00:00,buy,981,770,Reefer,Broker,False,True,1.58,0.51,2.55,1.32,1.54,2.05,17,5,364
2026-01-06T17:05:36+00:00,sell,981,770,Reefer,Asset,True,True,0,0,0,0,0,0,0,0,0
2026-01-06T17:05:37+00:00,sell,981,770,Reefer,Asset,False,True,0,0,0,0,0,0,0,0,0
2026-01-06T17:05:38+00:00,buy,331,100,Van,Broker,True,True,2.01,1.6,2.26,2.01,2.01,2.07,26,5,28
2026-01-06T17:05:40+00:00,buy,331,100,Van,Broker,False,True,1.56,1.16,1.82,1.54,1.57,1.61,26,5,28
2026-01-06T17:05:41+00:00,sell,331,100,Van,Asset,True,True,1.94,1.5,2.51,1.66,1.94,2.25,9,5,364
2026-01-06T17:05:42+00:00,sell,331,100,Van,Asset,False,True,1.53,1.06,2.1,1.18,1.49,1.91,9,5,364
2026-01-06T17:05:43+00:00,buy,331,100,Flatbed,Broker,True,True,1.99,1.41,2.58,1.85,2,2.21,8,8,182
2026-01-06T17:05:44+00:00,buy,331,100,Flatbed,Broker,False,True,1.53,0.96,2.12,1.39,1.53,1.76,8,8,182
2026-01-06T17:05:46+00:00,sell,331,100,Flatbed,Asset,True,True,0,0,0,0,0,0,0,0,0
2026-01-06T17:05:47+00:00,sell,331,100,Flatbed,Asset,False,True,0,0,0,0,0,0,0,0,0
2026-01-06T17:05:49+00:00,buy,331,100,Reefer,Broker,True,True,2.31,1.76,2.96,2.16,2.24,2.48,49,7,14
2026-01-06T17:05:50+00:00,buy,331,100,Reefer,Broker,False,True,1.87,1.32,2.52,1.72,1.8,2.04,49,7,14
2026-01-06T17:06:08+00:00,sell,331,100,Reefer,Asset,True,True,0,0,0,0,0,0,0,0,0
2026-01-06T17:06:09+00:00,sell,331,100,Reefer,Asset,False,True,0,0,0,0,0,0,0,0,0
2026-01-06T17:06:10+00:00,buy,100,331,Van,Broker,True,True,2.86,2.34,4.25,2.59,2.95,2.95,18,9,28
2026-01-06T17:06:11+00:00,buy,100,331,Van,Broker,False,True,2.4,1.88,3.79,2.12,2.48,2.51,18,9,28
2026-01-06T17:06:12+00:00,sell,100,331,Van,Asset,True,True,2.51,1.73,3.65,2.27,2.45,2.71,12,5,364
2026-01-06T17:06:13+00:00,sell,100,331,Van,Asset,False,True,2.07,1.31,3.19,1.82,2.01,2.28,12,5,364
2026-01-06T17:06:14+00:00,buy,100,331,Flatbed,Broker,True,True,2.31,2.04,3.61,2.1,2.28,2.33,16,8,364
2026-01-06T17:06:15+00:00,buy,100,331,Flatbed,Broker,False,True,1.88,1.58,3.2,1.64,1.85,1.89,16,8,364
2026-01-06T17:06:16+00:00,sell,100,331,Flatbed,Asset,True,True,0,0,0,0,0,0,0,0,0
2026-01-06T17:06:17+00:00,sell,100,331,Flatbed,Asset,False,True,0,0,0,0,0,0,0,0,0
2026-01-06T17:06:18+00:00,buy,100,331,Reefer,Broker,True,True,2.86,2.29,3.23,2.52,3,3.18,11,5,91
2026-01-06T17:06:19+00:00,buy,100,331,Reefer,Broker,False,True,2.4,1.85,2.77,2.06,2.54,2.72,11,5,91
2026-01-06T17:06:20+00:00,sell,100,331,Reefer,Asset,True,True,0,0,0,0,0,0,0,0,0
2026-01-06T17:06:21+00:00,sell,100,331,Reefer,Asset,False,True,0,0,0,0,0,0,0,0,0
2026-01-06T17:06:22+00:00,buy,331,606,Van,Broker,True,True,1.41,1.03,3.84,1.12,1.19,1.26,13,5,14
2026-01-06T17:06:23+00:00,buy,331,606,Van,Broker,False,True,0.97,0.59,3.4,0.68,0.75,0.82,13,5,14
2026-01-06T17:06:23+00:00,sell,331,606,Van,Asset,True,True,1.25,0.99,1.48,1.01,1.25,1.48,9,6,91
2026-01-06T17:06:24+00:00,sell,331,606,Van,Asset,False,True,0.8,0.53,1.04,0.56,0.82,1.02,9,6,91
2026-01-06T17:06:25+00:00,buy,331,606,Flatbed,Broker,True,True,1.64,1.17,1.86,1.58,1.67,1.75,12,6,91
2026-01-06T17:06:26+00:00,buy,331,606,Flatbed,Broker,False,True,1.19,0.71,1.42,1.12,1.22,1.28,12,6,91
2026-01-06T17:06:27+00:00,sell,331,606,Flatbed,Asset,True,True,0,0,0,0,0,0,0,0,0
2026-01-06T17:06:28+00:00,sell,331,606,Flatbed,Asset,False,True,0,0,0,0,0,0,0,0,0
2026-01-06T17:06:29+00:00,buy,331,606,Reefer,Broker,True,True,1.37,1.02,2.13,1.22,1.3,1.52,25,5,28
2026-01-06T17:06:30+00:00,buy,331,606,Reefer,Broker,False,True,0.92,0.58,1.69,0.78,0.86,1.06,25,5,28
2026-01-06T17:06:31+00:00,sell,331,606,Reefer,Asset,True,True,1.62,1.05,1.97,1.37,1.77,1.78,26,6,182
2026-01-06T17:06:32+00:00,sell,331,606,Reefer,Asset,False,True,1.12,0.55,1.52,1.12,1.25,1.25,26,6,182
2026-01-06T17:06:33+00:00,buy,606,331,Van,Broker,True,True,2.84,1.49,3.89,2.74,2.85,3.2,9,7,7
2026-01-06T17:06:34+00:00,buy,606,331,Van,Broker,False,True,2.4,1.05,3.45,2.3,2.41,2.76,9,7,7
2026-01-06T17:06:35+00:00,sell,606,331,Van,Asset,True,True,3.01,2.71,3.97,2.73,2.92,3.08,9,7,28
2026-01-06T17:06:35+00:00,sell,606,331,Van,Asset,False,True,2.56,2.25,3.53,2.27,2.46,2.64,9,7,28
2026-01-06T17:06:36+00:00,buy,606,331,Flatbed,Broker,True,True,2.3,1.24,2.89,2.2,2.32,2.54,9,8,63
2026-01-06T17:06:37+00:00,buy,606,331,Flatbed,Broker,False,True,1.84,0.78,2.41,1.74,1.88,2.1,9,8,63
2026-01-06T17:06:38+00:00,sell,606,331,Flatbed,Asset,True,True,2.9,2.15,3.13,2.86,2.95,3.08,11,6,182
2026-01-06T17:06:39+00:00,sell,606,331,Flatbed,Asset,False,True,2.46,1.68,2.68,2.43,2.53,2.63,11,6,182
2026-01-06T17:06:40+00:00,buy,606,331,Reefer,Broker,True,True,3.16,2.9,3.49,2.98,3.11,3.33,10,8,14
2026-01-06T17:06:51+00:00,buy,606,331,Reefer,Broker,False,True,2.72,2.46,3.05,2.54,2.67,2.89,10,8,14
2026-01-06T17:06:52+00:00,sell,606,331,Reefer,Asset,True,True,3.06,2.6,3.42,2.72,3.27,3.28,9,5,182
2026-01-06T17:06:54+00:00,sell,606,331,Reefer,Asset,False,True,2.64,2.2,2.98,2.37,2.83,2.85,9,5,182
2026-01-06T17:06:55+00:00,buy,331,303,Van,Broker,True,True,1.02,0.95,1.1,0.98,0.99,1.07,7,6,7
2026-01-06T17:06:56+00:00,buy,331,303,Van,Broker,False,True,0.58,0.51,0.66,0.54,0.55,0.63,7,6,7
2026-01-06T17:06:57+00:00,sell,331,303,Van,Asset,True,True,1.69,0.96,2.68,1.04,1.52,2.27,12,6,7
2026-01-06T17:06:59+00:00,sell,331,303,Van,Asset,False,True,1.27,0.52,2.34,0.6,1.09,1.84,12,6,7
2026-01-06T17:07:00+00:00,buy,331,303,Flatbed,Broker,True,True,1.51,1.31,1.76,1.5,1.51,1.51,25,6,28
2026-01-06T17:07:01+00:00,buy,331,303,Flatbed,Broker,False,True,1.06,0.85,1.32,1.04,1.06,1.07,25,6,28
2026-01-06T17:07:20+00:00,sell,331,303,Flatbed,Asset,True,True,2.16,1.38,3.17,1.62,2.17,2.44,8,6,63
2026-01-06T17:07:21+00:00,sell,331,303,Flatbed,Asset,False,True,1.72,1.06,2.54,1.15,1.74,2.04,8,6,63
2026-01-06T17:07:22+00:00,buy,331,303,Reefer,Broker,True,True,1.51,1.2,2.01,1.38,1.38,1.69,11,6,14
2026-01-06T17:07:23+00:00,buy,331,303,Reefer,Broker,False,True,1.07,0.76,1.57,0.94,0.94,1.25,11,6,14
2026-01-06T17:07:25+00:00,sell,331,303,Reefer,Asset,True,True,1.76,0.99,2.97,1.62,1.64,1.79,47,5,14
2026-01-06T17:07:26+00:00,sell,331,303,Reefer,Asset,False,True,1.32,0.55,2.55,1.16,1.25,1.3,47,5,14
2026-01-06T17:07:28+00:00,buy,303,331,Van,Broker,True,True,3.12,2.46,3.85,2.68,3.14,3.51,9,5,28
2026-01-06T17:07:29+00:00,buy,303,331,Van,Broker,False,True,2.67,1.99,3.39,2.24,2.7,3.07,9,5,28
2026-01-06T17:07:30+00:00,sell,303,331,Van,Asset,True,True,3.31,2.26,5.21,3.34,3.35,3.35,46,10,7
2026-01-06T17:07:31+00:00,sell,303,331,Van,Asset,False,True,2.9,1.84,4.77,2.93,2.93,2.93,46,10,7
2026-01-06T17:07:32+00:00,buy,303,331,Flatbed,Broker,True,True,3.13,1.19,4.32,2.82,2.97,3.33,33,13,7
2026-01-06T17:07:34+00:00,buy,303,331,Flatbed,Broker,False,True,2.7,1.1,3.88,2.39,2.53,2.89,33,13,7
2026-01-06T17:07:35+00:00,sell,303,331,Flatbed,Asset,True,True,3.44,2.95,4.29,3.22,3.24,3.64,11,7,14
2026-01-06T17:07:36+00:00,sell,303,331,Flatbed,Asset,False,True,2.95,2.51,3.76,2.71,2.88,3.1,11,7,14
2026-01-06T17:07:37+00:00,buy,303,331,Reefer,Broker,True,True,3.12,1.86,4.8,2.89,3.12,3.29,67,18,7
2026-01-06T17:07:38+00:00,buy,303,331,Reefer,Broker,False,True,2.69,1.42,4.36,2.47,2.68,2.85,67,18,7
2026-01-06T17:07:40+00:00,sell,303,331,Reefer,Asset,True,True,3.63,2.78,4.1,3.49,3.63,3.92,72,6,14
2026-01-06T17:07:41+00:00,sell,303,331,Reefer,Asset,False,True,3.08,2.38,3.7,2.77,2.98,3.47,72,6,14
2026-01-06T17:07:42+00:00,buy,331,750,Van,Broker,True,True,1.19,1.07,1.31,1.11,1.2,1.28,6,6,7
2026-01-06T17:07:43+00:00,buy,331,750,Van,Broker,False,True,0.75,0.63,0.87,0.67,0.76,0.84,6,6,7
2026-01-06T17:07:45+00:00,sell,331,750,Van,Asset,True,True,1.11,0.96,1.32,1.03,1.03,1.2,7,6,14
2026-01-06T17:07:46+00:00,sell,331,750,Van,Asset,False,True,0.66,0.52,0.88,0.55,0.58,0.76,7,6,14
2026-01-06T17:07:47+00:00,buy,331,750,Flatbed,Broker,True,True,1.56,0.98,1.92,1.5,1.58,1.65,18,9,63
2026-01-06T17:07:48+00:00,buy,331,750,Flatbed,Broker,False,True,1.11,0.52,1.46,1.05,1.14,1.18,18,9,63
2026-01-06T17:07:49+00:00,sell,331,750,Flatbed,Asset,True,True,2.07,1.41,3.13,1.47,1.99,2.55,8,6,364
2026-01-06T17:07:50+00:00,sell,331,750,Flatbed,Asset,False,True,1.63,1,2.75,1.13,1.53,2.02,8,6,364
2026-01-06T17:07:52+00:00,buy,331,750,Reefer,Broker,True,True,1.51,1.25,2.1,1.37,1.52,1.62,34,5,28
2026-01-06T17:07:53+00:00,buy,331,750,Reefer,Broker,False,True,1.06,0.79,1.63,0.92,1.07,1.18,34,5,28
2026-01-06T17:07:54+00:00,sell,331,750,Reefer,Asset,True,True,1.45,1.14,1.56,1.45,1.53,1.53,36,5,182
2026-01-06T17:07:55+00:00,sell,331,750,Reefer,Asset,False,True,1.04,0.74,1.13,1.04,1.12,1.13,36,5,182
2026-01-06T17:07:56+00:00,buy,750,331,Van,Broker,True,True,2.41,1.56,3.28,2.26,2.37,2.58,13,8,28
2026-01-06T17:07:57+00:00,buy,750,331,Van,Broker,False,True,1.95,1.1,2.81,1.81,1.92,2.12,13,8,28
2026-01-06T17:07:58+00:00,sell,750,331,Van,Asset,True,True,2.48,2.18,2.92,2.42,2.49,2.49,16,6,28
2026-01-06T17:07:59+00:00,sell,750,331,Van,Asset,False,True,2.02,1.71,2.48,1.96,2.03,2.05,16,6,28
2026-01-06T17:08:00+00:00,buy,750,331,Flatbed,Broker,True,True,2.1,1.87,2.53,2.01,2.06,2.11,19,5,28
2026-01-06T17:08:01+00:00,buy,750,331,Flatbed,Broker,False,True,1.65,1.43,2.09,1.55,1.62,1.65,19,5,28
2026-01-06T17:08:02+00:00,sell,750,331,Flatbed,Asset,True,True,2.62,1.95,3.39,2.41,2.69,2.87,10,6,63
2026-01-06T17:08:03+00:00,sell,750,331,Flatbed,Asset,False,True,2.14,1.51,2.71,1.96,2.25,2.39,10,6,63
2026-01-06T17:08:04+00:00,buy,750,331,Reefer,Broker,True,True,2.8,2.31,3.54,2.64,2.78,2.92,38,8,28
2026-01-06T17:08:05+00:00,buy,750,331,Reefer,Broker,False,True,2.34,1.85,3.08,2.18,2.33,2.48,38,8,28
2026-01-06T17:08:06+00:00,sell,750,331,Reefer,Asset,True,True,3.01,2.5,3.59,2.75,2.81,3.41,6,5,63
2026-01-06T17:08:08+00:00,sell,750,331,Reefer,Asset,False,True,2.55,2.02,3.16,2.29,2.35,2.94,6,5,63
2026-01-06T17:08:08+00:00,buy,331,770,Van,Broker,True,True,1.28,1.01,1.7,1.18,1.2,1.24,9,5,28
2026-01-06T17:08:09+00:00,buy,331,770,Van,Broker,False,True,0.83,0.55,1.26,0.73,0.76,0.78,9,5,28
2026-01-06T17:08:10+00:00,sell,331,770,Van,Asset,True,True,1.11,0.96,1.45,1.03,1.1,1.19,17,13,63
2026-01-06T17:08:11+00:00,sell,331,770,Van,Asset,False,True,0.67,0.53,1.02,0.56,0.63,0.73,17,13,63
2026-01-06T17:08:12+00:00,buy,331,770,Flatbed,Broker,True,True,2.07,1.03,3.24,1.85,1.86,1.87,63,8,63
2026-01-06T17:08:13+00:00,buy,331,770,Flatbed,Broker,False,True,1.61,0.57,2.77,1.38,1.42,1.43,63,8,63
2026-01-06T17:08:13+00:00,sell,331,770,Flatbed,Asset,True,True,2.44,1.5,3.58,1.85,2.09,3.24,6,5,182
2026-01-06T17:08:14+00:00,sell,331,770,Flatbed,Asset,False,True,1.99,1.04,3.12,1.37,1.68,2.78,6,5,182
2026-01-06T17:08:15+00:00,buy,331,770,Reefer,Broker,True,True,1.52,1.15,2.35,1.3,1.36,1.72,23,5,28
2026-01-06T17:08:33+00:00,buy,331,770,Reefer,Broker,False,True,1.07,0.69,1.89,0.85,0.9,1.25,23,5,28
2026-01-06T17:08:34+00:00,sell,331,770,Reefer,Asset,True,True,1.5,1.02,2.15,1.24,1.5,1.69,47,13,364
2026-01-06T17:08:35+00:00,sell,331,770,Reefer,Asset,False,True,1.09,0.56,1.73,0.84,1.1,1.3,47,13,364
2026-01-06T17:08:36+00:00,buy,770,331,Van,Broker,True,True,2.66,1.17,3.95,2.41,2.62,2.97,22,8,7
2026-01-06T17:08:37+00:00,buy,770,331,Van,Broker,False,True,2.22,0.73,3.51,1.97,2.18,2.53,22,8,7
2026-01-06T17:08:38+00:00,sell,770,331,Van,Asset,True,True,2.53,1.99,2.96,2.45,2.52,2.65,13,7,91
2026-01-06T17:08:39+00:00,sell,770,331,Van,Asset,False,True,2.08,1.58,2.53,1.98,2.07,2.19,13,7,91
2026-01-06T17:08:39+00:00,buy,770,331,Flatbed,Broker,True,True,2.19,1.19,2.71,2.17,2.27,2.35,20,7,14
2026-01-06T17:08:41+00:00,buy,770,331,Flatbed,Broker,False,True,1.75,0.75,2.27,1.73,1.83,1.91,20,7,14
2026-01-06T17:08:42+00:00,sell,770,331,Flatbed,Asset,True,True,3.04,2.21,4.79,2.5,3.13,3.15,10,5,28
2026-01-06T17:08:43+00:00,sell,770,331,Flatbed,Asset,False,True,2.6,1.68,4.35,2.07,2.69,2.74,10,5,28
2026-01-06T17:08:44+00:00,buy,770,331,Reefer,Broker,True,True,2.76,2.58,3.06,2.69,2.76,2.81,10,7,91
2026-01-06T17:08:45+00:00,buy,770,331,Reefer,Broker,False,True,2.31,2.13,2.62,2.22,2.31,2.36,10,7,91
2026-01-06T17:08:46+00:00,sell,770,331,Reefer,Asset,True,True,2.75,2.34,2.91,2.72,2.82,2.89,6,6,364
2026-01-06T17:08:47+00:00,sell,770,331,Reefer,Asset,False,True,2.35,1.89,2.52,2.31,2.44,2.49,6,6,364
2026-01-06T17:09:08+00:00,buy,191,100,Van,Broker,True,True,7.28,3.69,9.72,6.43,7.63,7.92,19,9,7
2026-01-06T17:09:12+00:00,buy,191,100,Van,Broker,False,True,6.84,3.25,9.28,5.99,7.19,7.5,19,9,7
2026-01-06T17:09:13+00:00,sell,191,100,Van,Asset,True,True,6.6,3.76,9.92,5.41,6.39,7.04,21,9,182
2026-01-06T17:09:14+00:00,sell,191,100,Van,Asset,False,True,6.15,3.34,9.46,4.96,5.94,6.58,21,9,182
2026-01-06T17:09:15+00:00,buy,191,100,Flatbed,Broker,True,True,8.35,7.58,9.84,7.76,8.4,8.55,7,6,7
2026-01-06T17:09:16+00:00,buy,191,100,Flatbed,Broker,False,True,7.91,7.14,9.4,7.32,7.96,8.13,7,6,7
2026-01-06T17:09:17+00:00,sell,191,100,Flatbed,Asset,True,True,9.39,3.93,11.49,8.22,9.63,10.5,2979,7,364
2026-01-06T17:09:19+00:00,sell,191,100,Flatbed,Asset,False,True,8.24,3.46,10,7.11,8.45,9.3,2979,7,364
2026-01-06T17:09:21+00:00,buy,191,100,Reefer,Broker,True,True,7.81,6.77,9.23,7.32,7.64,8.19,7,5,7
2026-01-06T17:09:22+00:00,buy,191,100,Reefer,Broker,False,True,7.37,6.33,8.79,6.88,7.2,7.75,7,5,7
2026-01-06T17:09:25+00:00,sell,191,100,Reefer,Asset,True,True,0,0,0,0,0,0,0,0,0
2026-01-06T17:09:26+00:00,sell,191,100,Reefer,Asset,False,True,0,0,0,0,0,0,0,0,0
2026-01-06T17:09:27+00:00,buy,100,191,Van,Broker,True,True,5.63,3.74,7,5.2,5.8,6,18,5,7
2026-01-06T17:09:28+00:00,buy,100,191,Van,Broker,False,True,5.19,3.3,6.56,4.76,5.36,5.56,18,5,7
2026-01-06T17:09:29+00:00,sell,100,191,Van,Asset,True,True,6.74,4.15,10.31,5.52,6.32,7.72,8,5,364
2026-01-06T17:09:30+00:00,sell,100,191,Van,Asset,False,True,6.29,3.7,9.85,5.07,5.88,7.27,8,5,364
2026-01-06T17:09:31+00:00,buy,100,191,Flatbed,Broker,True,True,6.15,4.35,9.01,5.54,6.57,6.57,34,5,28
2026-01-06T17:09:32+00:00,buy,100,191,Flatbed,Broker,False,True,5.69,3.89,8.57,5.1,6.11,6.11,34,5,28
2026-01-06T17:09:33+00:00,sell,100,191,Flatbed,Asset,True,True,2.98,1.91,7.14,2.46,2.47,2.48,82,5,182
2026-01-06T17:09:34+00:00,sell,100,191,Flatbed,Asset,False,True,2.54,1.44,6.74,2.04,2.04,2.04,82,5,182
2026-01-06T17:09:35+00:00,buy,100,191,Reefer,Broker,True,True,5.46,4.72,8.55,4.72,4.72,6.38,40,6,28
2026-01-06T17:09:36+00:00,buy,100,191,Reefer,Broker,False,True,5.01,4.25,8.09,4.28,4.28,5.94,40,6,28
2026-01-06T17:09:36+00:00,sell,100,191,Reefer,Asset,True,True,0,0,0,0,0,0,0,0,0
2026-01-06T17:09:37+00:00,sell,100,191,Reefer,Asset,False,True,0,0,0,0,0,0,0,0,0
2026-01-06T17:09:38+00:00,buy,191,606,Van,Broker,True,True,1.56,1.23,2.23,1.31,1.43,1.79,27,13,7
2026-01-06T17:09:40+00:00,buy,191,606,Van,Broker,False,True,1.12,0.79,1.79,0.87,0.99,1.35,27,13,7
2026-01-06T17:09:41+00:00,sell,191,606,Van,Asset,True,True,1.72,1.59,1.92,1.64,1.7,1.78,6,5,28
2026-01-06T17:09:41+00:00,sell,191,606,Van,Asset,False,True,1.26,1.13,1.46,1.15,1.25,1.32,6,5,28
2026-01-06T17:09:42+00:00,buy,191,606,Flatbed,Broker,True,True,2.04,1.4,2.76,1.95,2.09,2.1,11,6,63
2026-01-06T17:09:43+00:00,buy,191,606,Flatbed,Broker,False,True,1.59,0.92,2.32,1.51,1.61,1.66,11,6,63
2026-01-06T17:09:44+00:00,sell,191,606,Flatbed,Asset,True,True,2.15,1.54,2.97,2.15,2.17,2.17,50,6,182
2026-01-06T17:09:45+00:00,sell,191,606,Flatbed,Asset,False,True,1.79,1.07,2.47,1.82,1.82,1.82,50,6,182
2026-01-06T17:09:46+00:00,buy,191,606,Reefer,Broker,True,True,2.08,1.23,3.4,1.8,2.1,2.28,17,9,7
2026-01-06T17:09:47+00:00,buy,191,606,Reefer,Broker,False,True,1.64,0.79,2.96,1.36,1.66,1.84,17,9,7
2026-01-06T17:09:47+00:00,sell,191,606,Reefer,Asset,True,True,2.07,1.7,2.57,1.93,1.94,2.2,5,5,14
2026-01-06T17:09:48+00:00,sell,191,606,Reefer,Asset,False,True,1.61,1.24,2.13,1.42,1.5,1.76,5,5,14
2026-01-06T17:09:49+00:00,buy,606,191,Van,Broker,True,True,3.14,2.55,4.27,2.92,3.05,3.24,13,7,7
2026-01-06T17:09:50+00:00,buy,606,191,Van,Broker,False,True,2.7,2.11,3.83,2.48,2.61,2.8,13,7,7
2026-01-06T17:09:51+00:00,sell,606,191,Van,Asset,True,True,3.1,2.49,3.69,2.8,3.16,3.24,9,5,63
2026-01-06T17:09:52+00:00,sell,606,191,Van,Asset,False,True,2.64,2.02,3.25,2.37,2.68,2.81,9,5,63
2026-01-06T17:09:53+00:00,buy,606,191,Flatbed,Broker,True,True,2.99,1.26,3.89,2.95,2.95,3.1,64,11,63
2026-01-06T17:09:53+00:00,buy,606,191,Flatbed,Broker,False,True,2.53,0.79,3.43,2.48,2.5,2.62,64,11,63
2026-01-06T17:09:54+00:00,sell,606,191,Flatbed,Asset,True,True,3.18,2.46,3.32,3.17,3.27,3.28,49,7,63
2026-01-06T17:09:55+00:00,sell,606,191,Flatbed,Asset,False,True,2.76,2.21,2.85,2.72,2.85,2.85,49,7,63
2026-01-06T17:09:56+00:00,buy,606,191,Reefer,Broker,True,True,4.19,3.42,4.73,4.08,4.28,4.37,11,7,14
2026-01-06T17:09:57+00:00,buy,606,191,Reefer,Broker,False,True,3.75,2.98,4.29,3.63,3.84,3.93,11,7,14
2026-01-06T17:09:58+00:00,sell,606,191,Reefer,Asset,True,True,3.39,2.47,5.02,3.49,3.51,3.52,26,6,91
2026-01-06T17:09:59+00:00,sell,606,191,Reefer,Asset,False,True,2.96,2.15,4.58,3.05,3.05,3.05,26,6,91
2026-01-06T17:10:00+00:00,buy,191,303,Van,Broker,True,True,2.59,1.91,4.29,2.2,2.32,2.99,27,17,7
2026-01-06T17:10:18+00:00,buy,191,303,Van,Broker,False,True,2.16,1.47,3.85,1.76,1.88,2.55,27,17,7
2026-01-06T17:10:20+00:00,sell,191,303,Van,Asset,True,True,2.39,1.61,3.3,2.14,2.44,2.66,14,8,14
2026-01-06T17:10:21+00:00,sell,191,303,Van,Asset,False,True,1.97,1.17,2.86,1.7,2.03,2.18,14,8,14
2026-01-06T17:10:21+00:00,buy,191,303,Flatbed,Broker,True,True,1.96,1.3,2.7,1.56,2.12,2.17,8,6,28
2026-01-06T17:10:22+00:00,buy,191,303,Flatbed,Broker,False,True,1.51,0.84,2.26,1.1,1.67,1.72,8,6,28
2026-01-06T17:10:23+00:00,sell,191,303,Flatbed,Asset,True,True,2.22,1.83,2.43,1.99,2.36,2.38,16,8,63
2026-01-06T17:10:24+00:00,sell,191,303,Flatbed,Asset,False,True,1.81,1.4,2,1.61,1.94,1.94,16,8,63
2026-01-06T17:10:25+00:00,buy,191,303,Reefer,Broker,True,True,2.93,2.29,4.43,2.58,2.83,3.17,17,10,7
2026-01-06T17:10:26+00:00,buy,191,303,Reefer,Broker,False,True,2.48,1.81,3.99,2.1,2.39,2.73,17,10,7
2026-01-06T17:10:27+00:00,sell,191,303,Reefer,Asset,True,True,2.6,2,3.25,2.45,2.53,2.69,24,7,14
2026-01-06T17:10:45+00:00,sell,191,303,Reefer,Asset,False,True,2.22,1.56,2.81,2.04,2.15,2.42,24,7,14
2026-01-06T17:10:46+00:00,buy,303,191,Van,Broker,True,True,2.68,1.84,3.68,2.22,2.6,2.97,24,13,7
2026-01-06T17:11:03+00:00,buy,303,191,Van,Broker,False,True,2.23,1.31,3.24,1.78,2.16,2.53,24,13,7
2026-01-06T17:11:06+00:00,sell,303,191,Van,Asset,True,True,2.47,1.84,2.77,2.35,2.65,2.66,13,5,14
2026-01-06T17:11:07+00:00,sell,303,191,Van,Asset,False,True,2.04,1.44,2.33,1.91,2.22,2.22,13,5,14
2026-01-06T17:11:07+00:00,buy,303,191,Flatbed,Broker,True,True,2.77,1.65,3.74,2.25,2.69,3.29,14,6,28
2026-01-06T17:11:09+00:00,buy,303,191,Flatbed,Broker,False,True,2.32,1.21,3.27,1.79,2.24,2.84,14,6,28
2026-01-06T17:11:09+00:00,sell,303,191,Flatbed,Asset,True,True,3.95,3.34,4.43,3.69,3.79,4.22,11,6,28
2026-01-06T17:11:10+00:00,sell,303,191,Flatbed,Asset,False,True,3.52,2.8,4.14,3.22,3.5,3.67,11,6,28
2026-01-06T17:11:11+00:00,buy,303,191,Reefer,Broker,True,True,2.7,1.88,3.49,2.29,2.8,3.06,12,7,7
2026-01-06T17:11:12+00:00,buy,303,191,Reefer,Broker,False,True,2.26,1.44,3.05,1.85,2.36,2.62,12,7,7
2026-01-06T17:11:14+00:00,sell,303,191,Reefer,Asset,True,True,2.69,2.12,3.16,2.48,2.84,2.89,9,7,14
2026-01-06T17:11:14+00:00,sell,303,191,Reefer,Asset,False,True,2.27,1.67,2.72,2.08,2.38,2.45,9,7,14
2026-01-06T17:11:15+00:00,buy,850,900,Van,Broker,True,True,1.4,1.11,1.8,1.22,1.35,1.66,31,7,14
2026-01-06T17:11:16+00:00,buy,850,900,Van,Broker,False,True,0.96,0.67,1.36,0.78,0.91,1.22,31,7,14
2026-01-06T17:11:17+00:00,sell,850,900,Van,Asset,True,True,1.98,1.2,5.63,1.75,1.83,1.91,17,6,7
2026-01-06T17:11:19+00:00,sell,850,900,Van,Asset,False,True,1.52,0.76,5.19,1.29,1.39,1.44,17,6,7
2026-01-06T17:11:20+00:00,buy,850,900,Flatbed,Broker,True,True,1.92,1.23,5.86,1.64,1.79,1.84,20,6,7
2026-01-06T17:11:21+00:00,buy,850,900,Flatbed,Broker,False,True,1.48,0.79,5.42,1.2,1.35,1.4,20,6,7
2026-01-06T17:11:22+00:00,sell,850,900,Flatbed,Asset,True,True,2.22,1.43,3.18,1.92,2.14,2.35,17,5,63
2026-01-06T17:11:23+00:00,sell,850,900,Flatbed,Asset,False,True,1.79,0.99,2.74,1.53,1.69,1.89,17,5,63
2026-01-06T17:11:24+00:00,buy,850,900,Reefer,Broker,True,True,4.94,2.38,7.58,3.32,4.56,7.05,11,8,7
2026-01-06T17:11:24+00:00,buy,850,900,Reefer,Broker,False,True,4.5,1.94,7.14,2.88,4.12,6.61,11,8,7
2026-01-06T17:11:25+00:00,sell,850,900,Reefer,Asset,True,True,2.31,0.96,3.02,2.03,2.45,2.69,8,6,28
2026-01-06T17:11:26+00:00,sell,850,900,Reefer,Asset,False,True,1.88,0.77,2.58,1.53,1.99,2.25,8,6,28
2026-01-06T17:11:27+00:00,buy,900,850,Van,Broker,True,True,3.6,2.15,5.6,3.25,3.44,3.55,12,7,14
2026-01-06T17:11:27+00:00,buy,900,850,Van,Broker,False,True,3.15,1.71,5.16,2.8,3,3.11,12,7,14
2026-01-06T17:11:29+00:00,sell,900,850,Van,Asset,True,True,3.71,2.8,4.68,3.52,3.77,3.97,55,6,7
2026-01-06T17:11:30+00:00,sell,900,850,Van,Asset,False,True,3.25,2.36,4.24,2.97,3.29,3.49,55,6,7
2026-01-06T17:11:31+00:00,buy,900,850,Flatbed,Broker,True,True,3.38,1.96,5.48,3.01,3.19,3.69,39,12,7
2026-01-06T17:11:32+00:00,buy,900,850,Flatbed,Broker,False,True,2.94,1.52,5.04,2.57,2.75,3.25,39,12,7
2026-01-06T17:11:32+00:00,sell,900,850,Flatbed,Asset,True,True,4.11,3.21,4.76,3.41,4.42,4.57,19,5,14
2026-01-06T17:11:33+00:00,sell,900,850,Flatbed,Asset,False,True,3.6,2.77,4.22,2.97,3.9,4.04,19,5,14
2026-01-06T17:11:34+00:00,buy,900,850,Reefer,Broker,True,True,3.42,2.88,4.51,2.88,3.51,3.68,23,6,7
2026-01-06T17:11:35+00:00,buy,900,850,Reefer,Broker,False,True,2.98,2.44,4.07,2.44,3.07,3.24,23,6,7
2026-01-06T17:11:36+00:00,sell,900,850,Reefer,Asset,True,True,2.87,2.03,4.66,2.59,2.6,3.13,59,9,28
2026-01-06T17:11:37+00:00,sell,900,850,Reefer,Asset,False,True,2.39,1.48,4.22,2.13,2.15,2.59,59,9,28
2026-01-06T17:11:38+00:00,buy,850,750,Van,Broker,True,True,2.42,2.04,2.94,2.21,2.34,2.65,18,8,7
2026-01-06T17:11:39+00:00,buy,850,750,Van,Broker,False,True,1.98,1.6,2.5,1.77,1.9,2.21,18,8,7
2026-01-06T17:12:16+00:00,sell,850,750,Van,Asset,True,True,2.25,1.71,2.75,2.12,2.26,2.41,11,8,7
2026-01-06T17:12:18+00:00,sell,850,750,Van,Asset,False,True,1.83,1.27,2.38,1.68,1.84,2,11,8,7
2026-01-06T17:12:37+00:00,buy,850,750,Flatbed,Broker,True,True,1.34,1.18,1.6,1.24,1.33,1.42,12,5,14
2026-01-06T17:12:38+00:00,buy,850,750,Flatbed,Broker,False,True,0.94,0.74,1.16,0.85,0.94,1.02,12,5,14
2026-01-06T17:12:39+00:00,sell,850,750,Flatbed,Asset,True,True,1.81,1.41,2.58,1.46,1.63,2.13,8,7,28
2026-01-06T17:12:40+00:00,sell,850,750,Flatbed,Asset,False,True,1.38,0.98,2.05,1.1,1.21,1.62,8,7,28
2026-01-06T17:12:41+00:00,buy,850,750,Reefer,Broker,True,True,3.05,2.29,3.79,2.8,3.06,3.33,28,7,14
2026-01-06T17:12:43+00:00,buy,850,750,Reefer,Broker,False,True,2.61,1.85,3.35,2.36,2.62,2.89,28,7,14
2026-01-06T17:12:44+00:00,sell,850,750,Reefer,Asset,True,True,2.77,2.53,3.33,2.53,2.81,2.92,9,5,14
2026-01-06T17:12:45+00:00,sell,850,750,Reefer,Asset,False,True,2.26,1.95,2.89,2.1,2.12,2.44,9,5,14
2026-01-06T17:12:46+00:00,buy,750,850,Van,Broker,True,True,1.57,1.28,2.05,1.38,1.59,1.6,15,8,7
2026-01-06T17:12:47+00:00,buy,750,850,Van,Broker,False,True,1.11,0.84,1.61,0.94,1.08,1.15,15,8,7
2026-01-06T17:12:48+00:00,sell,750,850,Van,Asset,True,True,1.56,1.11,2.32,1.29,1.42,1.82,30,10,14
2026-01-06T17:12:50+00:00,sell,750,850,Van,Asset,False,True,1.13,0.67,1.9,0.85,0.98,1.31,30,10,14
2026-01-06T17:12:51+00:00,buy,750,850,Flatbed,Broker,True,True,2.69,1.99,4.42,2.24,2.39,2.54,13,6,14
2026-01-06T17:12:52+00:00,buy,750,850,Flatbed,Broker,False,True,2.25,1.55,3.98,1.8,1.95,2.1,13,6,14
2026-01-06T17:12:53+00:00,sell,750,850,Flatbed,Asset,True,True,3.07,1.26,5.39,2.44,3.35,3.36,16,8,182
2026-01-06T17:12:54+00:00,sell,750,850,Flatbed,Asset,False,True,2.56,0.81,4.95,2,2.7,2.78,16,8,182
2026-01-06T17:12:55+00:00,buy,750,850,Reefer,Broker,True,True,1.78,1.54,2.6,1.64,1.68,1.91,22,8,7
2026-01-06T17:12:57+00:00,buy,750,850,Reefer,Broker,False,True,1.34,1.1,2.16,1.2,1.24,1.47,22,8,7
2026-01-06T17:12:58+00:00,sell,750,850,Reefer,Asset,True,True,2.17,1.72,2.67,1.88,2.18,2.22,17,5,28
2026-01-06T17:12:59+00:00,sell,750,850,Reefer,Asset,False,True,1.71,1.26,2.17,1.39,1.7,1.7,17,5,28
2026-01-06T17:13:00+00:00,buy,850,606,Van,Broker,True,True,1.98,1.62,2.9,1.74,1.84,2.11,14,10,63
2026-01-06T17:13:01+00:00,buy,850,606,Van,Broker,False,True,1.54,1.17,2.43,1.29,1.38,1.68,14,10,63
2026-01-06T17:13:02+00:00,sell,850,606,Van,Asset,True,True,1.85,1.42,2.66,1.66,1.76,2.04,12,9,182
2026-01-06T17:13:04+00:00,sell,850,606,Van,Asset,False,True,1.4,0.9,2.22,1.2,1.35,1.59,12,9,182
2026-01-06T17:13:05+00:00,buy,850,606,Flatbed,Broker,True,True,1.75,1,2.04,1.79,1.87,1.87,16,6,182
2026-01-06T17:13:07+00:00,buy,850,606,Flatbed,Broker,False,True,1.29,0.53,1.6,1.33,1.41,1.41,16,6,182
2026-01-06T17:13:08+00:00,sell,850,606,Flatbed,Asset,True,True,0,0,0,0,0,0,0,0,0
2026-01-06T17:13:09+00:00,sell,850,606,Flatbed,Asset,False,True,0,0,0,0,0,0,0,0,0
2026-01-06T17:13:10+00:00,buy,850,606,Reefer,Broker,True,True,2.57,2.14,3.09,2.44,2.54,2.63,41,5,28
2026-01-06T17:13:11+00:00,buy,850,606,Reefer,Broker,False,True,2.12,1.68,2.65,2,2.1,2.19,41,5,28
2026-01-06T17:13:13+00:00,sell,850,606,Reefer,Asset,True,True,2.69,2.23,3.14,2.46,2.65,2.94,22,9,182
2026-01-06T17:13:14+00:00,sell,850,606,Reefer,Asset,False,True,2.2,1.76,2.69,1.95,2.16,2.48,22,9,182
2026-01-06T17:13:15+00:00,buy,606,850,Van,Broker,True,True,1.96,1.03,2.49,1.73,2,2.27,19,9,7
2026-01-06T17:13:16+00:00,buy,606,850,Van,Broker,False,True,1.52,0.59,2.05,1.29,1.56,1.85,19,9,7
2026-01-06T17:13:17+00:00,sell,606,850,Van,Asset,True,True,1.85,1.53,2.15,1.58,1.98,2.01,8,7,63
2026-01-06T17:13:19+00:00,sell,606,850,Van,Asset,False,True,1.4,1.06,1.71,1.12,1.54,1.57,8,7,63
2026-01-06T17:13:20+00:00,buy,606,850,Flatbed,Broker,True,True,2.38,1.82,2.58,2.33,2.39,2.44,41,6,28
2026-01-06T17:13:21+00:00,buy,606,850,Flatbed,Broker,False,True,1.92,1.35,2.12,1.89,1.95,2,41,6,28
2026-01-06T17:13:22+00:00,sell,606,850,Flatbed,Asset,True,True,2.65,2.19,3.31,2.39,2.63,2.74,5,5,182
2026-01-06T17:13:24+00:00,sell,606,850,Flatbed,Asset,False,True,2.18,1.59,2.88,1.98,2.17,2.26,5,5,182
2026-01-06T17:14:01+00:00,buy,606,850,Reefer,Broker,True,True,1.94,1.7,2.35,1.76,1.89,2.03,8,5,14
2026-01-06T17:14:03+00:00,buy,606,850,Reefer,Broker,False,True,1.5,1.26,1.91,1.32,1.45,1.59,8,5,14
2026-01-06T17:14:04+00:00,sell,606,850,Reefer,Asset,True,True,1.96,1.59,2.32,1.87,1.96,2.09,12,6,63
2026-01-06T17:14:05+00:00,sell,606,850,Reefer,Asset,False,True,1.51,1.14,2,1.39,1.5,1.63,12,6,63
2026-01-06T17:14:06+00:00,buy,850,303,Van,Broker,True,True,2.25,1.92,2.66,2.16,2.26,2.37,21,9,7
2026-01-06T17:14:08+00:00,buy,850,303,Van,Broker,False,True,1.81,1.48,2.22,1.72,1.82,1.93,21,9,7
2026-01-06T17:14:09+00:00,sell,850,303,Van,Asset,True,True,2.25,1.46,2.69,2.11,2.43,2.45,33,11,63
2026-01-06T17:14:10+00:00,sell,850,303,Van,Asset,False,True,1.81,1.01,2.29,1.69,2.02,2.02,33,11,63
2026-01-06T17:14:11+00:00,buy,850,303,Flatbed,Broker,True,True,1.77,0.56,2.5,1.75,1.81,1.9,31,6,91
2026-01-06T17:14:12+00:00,buy,850,303,Flatbed,Broker,False,True,1.35,0.53,2.03,1.31,1.37,1.46,31,6,91
2026-01-06T17:14:32+00:00,sell,850,303,Flatbed,Asset,True,True,1.79,1.47,2.48,1.63,1.67,1.84,8,7,63
2026-01-06T17:14:33+00:00,sell,850,303,Flatbed,Asset,False,True,1.34,1.02,1.97,1.16,1.23,1.4,8,7,63
2026-01-06T17:14:34+00:00,buy,850,303,Reefer,Broker,True,True,2.92,2.45,3.13,2.84,3.01,3.05,11,6,14
2026-01-06T17:14:35+00:00,buy,850,303,Reefer,Broker,False,True,2.48,2.01,2.69,2.4,2.57,2.61,11,6,14
2026-01-06T17:14:36+00:00,sell,850,303,Reefer,Asset,True,True,2.7,2.04,3.04,2.75,2.75,2.75,69,6,14
2026-01-06T17:14:37+00:00,sell,850,303,Reefer,Asset,False,True,2.02,1.6,2.6,2.01,2.01,2.01,69,6,14
2026-01-06T17:14:39+00:00,buy,303,850,Van,Broker,True,True,1.67,1.41,2.32,1.44,1.62,1.67,37,10,7
2026-01-06T17:14:40+00:00,buy,303,850,Van,Broker,False,True,1.24,0.97,1.9,1,1.18,1.23,37,10,7
2026-01-06T17:14:41+00:00,sell,303,850,Van,Asset,True,True,1.85,1.2,2.42,1.83,1.93,1.93,25,9,28
2026-01-06T17:14:42+00:00,sell,303,850,Van,Asset,False,True,1.39,0.7,1.96,1.35,1.45,1.5,25,9,28
2026-01-06T17:14:43+00:00,buy,303,850,Flatbed,Broker,True,True,2.34,1.03,3.34,2.16,2.39,2.49,39,14,63
2026-01-06T17:14:44+00:00,buy,303,850,Flatbed,Broker,False,True,1.88,0.59,2.87,1.72,1.94,2.03,39,14,63
2026-01-06T17:14:46+00:00,sell,303,850,Flatbed,Asset,True,True,2.73,1.82,3.32,2.32,2.85,3.07,35,8,364
2026-01-06T17:14:47+00:00,sell,303,850,Flatbed,Asset,False,True,2.26,1.34,2.87,1.95,2.34,2.57,35,8,364
2026-01-06T17:14:48+00:00,buy,303,850,Reefer,Broker,True,True,1.55,1.41,1.69,1.53,1.53,1.58,20,6,14
2026-01-06T17:14:49+00:00,buy,303,850,Reefer,Broker,False,True,1.11,0.97,1.25,1.09,1.09,1.14,20,6,14
2026-01-06T17:14:50+00:00,sell,303,850,Reefer,Asset,True,True,1.91,1.14,2.78,1.81,1.83,2.19,40,7,182
2026-01-06T17:14:51+00:00,sell,303,850,Reefer,Asset,False,True,1.44,0.71,2.01,1.36,1.36,1.55,40,7,182
2026-01-06T17:14:53+00:00,buy,381,606,Van,Broker,True,True,2.18,1.47,2.81,2.08,2.18,2.23,76,12,7
2026-01-06T17:14:54+00:00,buy,381,606,Van,Broker,False,True,1.74,1.03,2.37,1.64,1.74,1.79,76,12,7
2026-01-06T17:14:55+00:00,sell,381,606,Van,Asset,True,True,2.5,1.71,3.02,2.38,2.39,2.74,15,8,14
2026-01-06T17:14:56+00:00,sell,381,606,Van,Asset,False,True,2.06,1.27,2.57,1.94,1.94,2.29,15,8,14
2026-01-06T17:14:57+00:00,buy,381,606,Flatbed,Broker,True,True,3.05,2.54,3.31,2.9,3.21,3.21,11,5,7
2026-01-06T17:14:59+00:00,buy,381,606,Flatbed,Broker,False,True,2.61,2.1,2.87,2.46,2.77,2.77,11,5,7
2026-01-06T17:15:00+00:00,sell,381,606,Flatbed,Asset,True,True,3.7,2.92,5.41,3.31,3.32,3.7,23,6,14
2026-01-06T17:15:01+00:00,sell,381,606,Flatbed,Asset,False,True,3.21,2.14,4.97,2.86,2.9,2.92,23,6,14
2026-01-06T17:15:03+00:00,buy,381,606,Reefer,Broker,True,True,3.27,2.25,4.39,2.54,3.3,4,16,9,28
2026-01-06T17:15:04+00:00,buy,381,606,Reefer,Broker,False,True,2.84,1.81,3.93,2.07,2.84,3.6,16,9,28
2026-01-06T17:15:05+00:00,sell,381,606,Reefer,Asset,True,True,2.87,2.12,4.12,2.62,2.95,3.05,33,8,63
2026-01-06T17:15:07+00:00,sell,381,606,Reefer,Asset,False,True,2.46,1.69,3.69,2.27,2.51,2.63,33,8,63
2026-01-06T17:15:08+00:00,buy,606,381,Van,Broker,True,True,2.67,2.25,3.75,2.39,2.61,2.85,19,7,28
2026-01-06T17:15:09+00:00,buy,606,381,Van,Broker,False,True,2.21,1.77,3.27,1.93,2.16,2.41,19,7,28
2026-01-06T17:15:10+00:00,sell,606,381,Van,Asset,True,True,2.61,1.73,3.65,2.2,2.59,2.98,10,10,14
2026-01-06T17:15:11+00:00,sell,606,381,Van,Asset,False,True,2.17,1.29,3.21,1.76,2.14,2.54,10,10,14
2026-01-06T17:15:13+00:00,buy,606,381,Flatbed,Broker,True,True,2.06,1.6,3,1.89,1.94,2.16,53,10,63
2026-01-06T17:15:14+00:00,buy,606,381,Flatbed,Broker,False,True,1.6,1.15,2.54,1.43,1.47,1.71,53,10,63
2026-01-06T17:15:15+00:00,sell,606,381,Flatbed,Asset,True,True,2.7,1.88,3.83,2.62,2.64,2.66,41,9,28
2026-01-06T17:15:16+00:00,sell,606,381,Flatbed,Asset,False,True,2.27,1.42,3.39,2.2,2.2,2.21,41,9,28
2026-01-06T17:15:17+00:00,buy,606,381,Reefer,Broker,True,True,3.65,3.11,4.46,3.67,3.67,3.69,43,5,14
2026-01-06T17:15:18+00:00,buy,606,381,Reefer,Broker,False,True,3.38,2.65,4.34,3.25,3.5,3.5,43,5,14
2026-01-06T17:15:20+00:00,sell,606,381,Reefer,Asset,True,True,3,2.47,5.03,2.57,2.69,3.13,11,5,91
2026-01-06T17:15:21+00:00,sell,606,381,Reefer,Asset,False,True,2.64,2.15,4.57,2.25,2.36,2.79,11,5,91
2026-01-06T17:15:22+00:00,buy,381,303,Van,Broker,True,True,3.24,2.15,4.52,2.75,3.28,3.54,44,20,7
2026-01-06T17:15:40+00:00,buy,381,303,Van,Broker,False,True,2.81,1.71,4.08,2.4,2.84,3.1,44,20,7
2026-01-06T17:15:42+00:00,sell,381,303,Van,Asset,True,True,3.17,2.44,3.89,2.81,3.11,3.51,31,10,7
2026-01-06T17:15:43+00:00,sell,381,303,Van,Asset,False,True,2.75,2,3.52,2.38,2.68,3.08,31,10,7
2026-01-06T17:15:44+00:00,buy,381,303,Flatbed,Broker,True,True,3.16,2.68,3.96,2.8,3.08,3.44,14,7,14
2026-01-06T17:15:45+00:00,buy,381,303,Flatbed,Broker,False,True,2.72,2.24,3.52,2.36,2.64,3,14,7,14
2026-01-06T17:15:46+00:00,sell,381,303,Flatbed,Asset,True,True,3.54,2.87,4.32,3.27,3.56,3.75,16,9,7
2026-01-06T17:15:48+00:00,sell,381,303,Flatbed,Asset,False,True,3.12,2.41,3.88,2.9,3.11,3.34,16,9,7
2026-01-06T17:15:49+00:00,buy,381,303,Reefer,Broker,True,True,4.2,3.12,4.9,4.08,4.14,4.42,22,7,7
2026-01-06T17:15:50+00:00,buy,381,303,Reefer,Broker,False,True,3.83,2.68,4.46,3.68,3.87,3.98,22,7,7
2026-01-06T17:15:52+00:00,sell,381,303,Reefer,Asset,True,True,3.97,2.73,5.5,3.63,3.78,4.06,11,5,7
2026-01-06T17:15:53+00:00,sell,381,303,Reefer,Asset,False,True,3.57,2.41,5.15,3.19,3.33,3.59,11,5,7
2026-01-06T17:15:54+00:00,buy,303,381,Van,Broker,True,True,1.99,1.43,2.39,1.73,2.13,2.25,9,6,7
2026-01-06T17:15:55+00:00,buy,303,381,Van,Broker,False,True,1.55,0.99,1.95,1.29,1.69,1.81,9,6,7
2026-01-06T17:15:56+00:00,sell,303,381,Van,Asset,True,True,2.18,2.02,2.6,2.09,2.11,2.13,6,5,14
2026-01-06T17:15:57+00:00,sell,303,381,Van,Asset,False,True,1.74,1.58,1.85,1.66,1.77,1.84,6,5,14
2026-01-06T17:16:16+00:00,buy,303,381,Flatbed,Broker,True,True,2.65,2.13,3.34,2.26,2.73,2.8,5,5,7
2026-01-06T17:16:17+00:00,buy,303,381,Flatbed,Broker,False,True,2.21,1.69,2.9,1.82,2.29,2.36,5,5,7
2026-01-06T17:16:18+00:00,sell,303,381,Flatbed,Asset,True,True,3.01,2.52,4,2.75,2.88,3.22,38,9,14
2026-01-06T17:16:24+00:00,sell,303,381,Flatbed,Asset,False,True,2.55,2.08,3.5,2.31,2.44,2.71,38,9,14
2026-01-06T17:16:26+00:00,buy,303,381,Reefer,Broker,True,True,2.91,1.87,4.57,2.34,2.81,3.35,15,13,7
2026-01-06T17:16:28+00:00,buy,303,381,Reefer,Broker,False,True,2.48,1.43,4.24,1.9,2.37,2.91,15,13,7
2026-01-06T17:16:29+00:00,sell,303,381,Reefer,Asset,True,True,3.87,2.3,4.74,3.48,3.96,4.1,19,5,14
2026-01-06T17:16:30+00:00,sell,303,381,Reefer,Asset,False,True,3.4,2,4.14,2.92,3.6,3.72,19,5,14
2026-01-06T17:16:31+00:00,buy,941,900,Van,Broker,True,True,1.78,1.31,3.95,1.57,1.76,1.99,132,22,7
2026-01-06T17:16:32+00:00,buy,941,900,Van,Broker,False,True,1.34,0.87,3.51,1.13,1.32,1.55,132,22,7
2026-01-06T17:16:33+00:00,sell,941,900,Van,Asset,True,True,2.5,1.55,8.21,1.9,1.96,2.13,12,9,14
2026-01-06T17:16:35+00:00,sell,941,900,Van,Asset,False,True,2.06,1.09,7.71,1.46,1.55,1.7,12,9,14
2026-01-06T17:16:36+00:00,buy,941,900,Flatbed,Broker,True,True,3.13,2.5,4.24,2.87,2.99,3.14,12,6,7
2026-01-06T17:16:37+00:00,buy,941,900,Flatbed,Broker,False,True,2.7,2.06,3.8,2.45,2.55,2.73,12,6,7
2026-01-06T17:16:38+00:00,sell,941,900,Flatbed,Asset,True,True,4.89,2.07,9.68,2.87,3.44,6.66,7,5,182
2026-01-06T17:16:39+00:00,sell,941,900,Flatbed,Asset,False,True,4.4,1.62,9.16,2.46,2.78,6.18,7,5,182
2026-01-06T17:16:40+00:00,buy,941,900,Reefer,Broker,True,True,2.74,1.86,3.49,2.7,2.74,2.81,11,6,7
2026-01-06T17:16:42+00:00,buy,941,900,Reefer,Broker,False,True,2.3,1.42,3.05,2.26,2.3,2.37,11,6,7
2026-01-06T17:16:43+00:00,sell,941,900,Reefer,Asset,True,True,2.3,0.62,3.05,1.75,2.54,2.75,17,8,63
2026-01-06T17:16:44+00:00,sell,941,900,Reefer,Asset,False,True,1.86,0.51,2.58,1.3,2.08,2.29,17,8,63
2026-01-06T17:16:45+00:00,buy,900,941,Van,Broker,True,True,3.47,1.92,5.42,3.04,3.39,3.88,98,22,7
2026-01-06T17:16:47+00:00,buy,900,941,Van,Broker,False,True,3.03,1.48,4.98,2.6,2.95,3.44,98,22,7
2026-01-06T17:16:48+00:00,sell,900,941,Van,Asset,True,True,4.39,3.58,9.69,3.81,4.06,4.57,19,5,7
2026-01-06T17:16:49+00:00,sell,900,941,Van,Asset,False,True,3.86,3.06,9.5,3.36,3.64,3.81,19,5,7
2026-01-06T17:16:50+00:00,buy,900,941,Flatbed,Broker,True,True,3.76,1.31,8.21,2.27,3.15,4.42,14,12,7
2026-01-06T17:16:51+00:00,buy,900,941,Flatbed,Broker,False,True,3.32,0.87,7.77,1.83,2.71,3.98,14,12,7
2026-01-06T17:16:52+00:00,sell,900,941,Flatbed,Asset,True,True,5.12,2.1,9.73,3.97,4.42,4.76,32,5,91
2026-01-06T17:16:53+00:00,sell,900,941,Flatbed,Asset,False,True,4.54,1.73,9.5,3.48,3.58,3.94,32,5,91
2026-01-06T17:16:54+00:00,buy,900,941,Reefer,Broker,True,True,3.87,2.55,5.67,3.12,3.8,4.74,19,9,7
2026-01-06T17:16:55+00:00,buy,900,941,Reefer,Broker,False,True,3.43,2.11,5.23,2.68,3.36,4.3,19,9,7
2026-01-06T17:16:56+00:00,sell,900,941,Reefer,Asset,True,True,3.89,2.9,4.76,3.89,4.04,4.04,10,5,14
2026-01-06T17:16:57+00:00,sell,900,941,Reefer,Asset,False,True,3.47,2.39,4.32,3.46,3.64,3.64,10,5,14
2026-01-06T17:16:57+00:00,buy,941,606,Van,Broker,True,True,2.08,1.22,2.99,1.54,2.17,2.46,5,5,7
2026-01-06T17:16:58+00:00,buy,941,606,Van,Broker,False,True,1.64,0.78,2.55,1.1,1.73,2.02,5,5,7
2026-01-06T17:16:59+00:00,sell,941,606,Van,Asset,True,True,3.53,1.69,5.48,1.91,2.03,5.43,13,5,364
2026-01-06T17:17:00+00:00,sell,941,606,Van,Asset,False,True,2.8,1.25,4.4,1.48,1.58,4.34,13,5,364
2026-01-06T17:17:01+00:00,buy,941,606,Flatbed,Broker,True,True,1.83,1.42,2.04,1.78,1.83,1.97,9,6,364
2026-01-06T17:17:02+00:00,buy,941,606,Flatbed,Broker,False,True,1.42,0.97,1.62,1.38,1.4,1.57,9,6,364
2026-01-06T17:17:03+00:00,sell,941,606,Flatbed,Asset,True,True,0,0,0,0,0,0,0,0,0
2026-01-06T17:17:04+00:00,sell,941,606,Flatbed,Asset,False,True,0,0,0,0,0,0,0,0,0
2026-01-06T17:17:05+00:00,buy,941,606,Reefer,Broker,True,True,2.1,1.81,2.5,1.99,2.04,2.2,42,7,63
2026-01-06T17:17:06+00:00,buy,941,606,Reefer,Broker,False,True,1.64,1.35,2.03,1.53,1.59,1.74,42,7,63
2026-01-06T17:17:07+00:00,sell,941,606,Reefer,Asset,True,True,2.57,1.96,2.68,2.54,2.57,2.63,190,6,364
2026-01-06T17:17:08+00:00,sell,941,606,Reefer,Asset,False,True,2.04,1.43,2.13,2.03,2.03,2.05,190,6,364
2026-01-06T17:17:09+00:00,buy,606,941,Van,Broker,True,True,1.74,1.35,2.6,1.4,1.48,1.98,7,5,7
2026-01-06T17:17:10+00:00,buy,606,941,Van,Broker,False,True,1.3,0.91,2.16,0.96,1.04,1.54,7,5,7
2026-01-06T17:17:11+00:00,sell,606,941,Van,Asset,True,True,2.01,1.34,2.45,2.02,2.12,2.12,35,5,364
2026-01-06T17:17:11+00:00,sell,606,941,Van,Asset,False,True,1.57,0.94,2.03,1.56,1.66,1.67,35,5,364
2026-01-06T17:17:29+00:00,buy,606,941,Flatbed,Broker,True,True,2.1,1.03,4.26,1.71,1.98,2.25,14,8,182
2026-01-06T17:17:30+00:00,buy,606,941,Flatbed,Broker,False,True,1.64,0.55,3.82,1.26,1.51,1.79,14,8,182
2026-01-06T17:17:31+00:00,sell,606,941,Flatbed,Asset,True,True,0,0,0,0,0,0,0,0,0
2026-01-06T17:17:32+00:00,sell,606,941,Flatbed,Asset,False,True,0,0,0,0,0,0,0,0,0
2026-01-06T17:17:33+00:00,buy,606,941,Reefer,Broker,True,True,1.58,1.41,1.97,1.46,1.55,1.63,39,5,63
2026-01-06T17:17:34+00:00,buy,606,941,Reefer,Broker,False,True,1.13,0.93,1.53,1.01,1.07,1.18,39,5,63
2026-01-06T17:17:35+00:00,sell,606,941,Reefer,Asset,True,True,0,0,0,0,0,0,0,0,0
2026-01-06T17:17:35+00:00,sell,606,941,Reefer,Asset,False,True,0,0,0,0,0,0,0,0,0
2026-01-06T17:17:36+00:00,buy,482,606,Van,Broker,True,True,2.55,1.68,3.55,2.11,2.55,2.9,29,17,7
2026-01-06T17:17:37+00:00,buy,482,606,Van,Broker,False,True,2.11,1.24,3.11,1.67,2.11,2.46,29,17,7
2026-01-06T17:17:38+00:00,sell,482,606,Van,Asset,True,True,2.15,1.73,2.79,2.11,2.23,2.25,55,5,14
2026-01-06T17:17:39+00:00,sell,482,606,Van,Asset,False,True,1.71,1.31,2.37,1.69,1.81,1.81,55,5,14
2026-01-06T17:17:41+00:00,buy,482,606,Flatbed,Broker,True,True,3.3,2.19,4.75,3.14,3.41,3.5,17,7,14
2026-01-06T17:17:42+00:00,buy,482,606,Flatbed,Broker,False,True,2.86,1.75,4.31,2.7,2.97,3.06,17,7,14
2026-01-06T17:17:42+00:00,sell,482,606,Flatbed,Asset,True,True,4.84,2.7,6.36,3.99,5.09,6.02,18,5,28
2026-01-06T17:17:43+00:00,sell,482,606,Flatbed,Asset,False,True,3.83,2.12,4.86,3.47,3.98,4.64,18,5,28
2026-01-06T17:17:44+00:00,buy,482,606,Reefer,Broker,True,True,3.28,1.88,5.93,2.5,3.38,3.38,9,5,28
2026-01-06T17:17:45+00:00,buy,482,606,Reefer,Broker,False,True,2.83,1.44,5.47,2.06,2.92,2.94,9,5,28
2026-01-06T17:17:46+00:00,sell,482,606,Reefer,Asset,True,True,2.53,1.94,3.43,2.06,2.45,2.85,12,6,63
2026-01-06T17:18:04+00:00,sell,482,606,Reefer,Asset,False,True,2.1,1.29,2.97,1.65,2,2.54,12,6,63
2026-01-06T17:18:05+00:00,buy,606,482,Van,Broker,True,True,3.8,2.1,6.38,3.13,3.6,4.4,93,24,7
2026-01-06T17:18:06+00:00,buy,606,482,Van,Broker,False,True,3.37,1.66,5.94,2.69,3.16,3.96,93,24,7
2026-01-06T17:18:07+00:00,sell,606,482,Van,Asset,True,True,3.75,2.64,5.58,3.02,3.21,4.54,10,5,7
2026-01-06T17:18:08+00:00,sell,606,482,Van,Asset,False,True,3.35,2.43,5.14,2.59,2.77,4.1,10,5,7
2026-01-06T17:18:08+00:00,buy,606,482,Flatbed,Broker,True,True,3.08,2.32,5.18,2.53,2.56,3.13,6,6,14
2026-01-06T17:18:09+00:00,buy,606,482,Flatbed,Broker,False,True,2.64,1.88,4.74,2.09,2.12,2.69,6,6,14
2026-01-06T17:18:10+00:00,sell,606,482,Flatbed,Asset,True,True,3.62,2.92,4.63,3.13,3.46,4.13,12,6,14
2026-01-06T17:18:11+00:00,sell,606,482,Flatbed,Asset,False,True,3.21,2.48,4.19,2.75,3.02,3.7,12,6,14
2026-01-06T17:18:12+00:00,buy,606,482,Reefer,Broker,True,True,5.14,2.16,7.01,4.69,5.16,6.12,16,10,7
2026-01-06T17:18:13+00:00,buy,606,482,Reefer,Broker,False,True,4.7,1.72,6.57,4.25,4.72,5.68,16,10,7
2026-01-06T17:18:31+00:00,sell,606,482,Reefer,Asset,True,True,5.28,2.45,7.09,5.34,5.84,5.85,30,5,63
2026-01-06T17:18:32+00:00,sell,606,482,Reefer,Asset,False,True,4.81,2.14,6.65,4.84,5.32,5.32,30,5,63
2026-01-06T17:18:34+00:00,buy,021,100,Van,Broker,True,True,4.35,2.85,6.19,3.74,4.34,5.2,25,9,7
2026-01-06T17:18:35+00:00,buy,021,100,Van,Broker,False,True,3.91,2.41,5.75,3.3,3.9,4.76,25,9,7
2026-01-06T17:18:36+00:00,sell,021,100,Van,Asset,True,True,4.36,1.38,6.36,3.85,4.18,5,13,7,182
2026-01-06T17:18:49+00:00,sell,021,100,Van,Asset,False,True,3.9,0.93,5.91,3.35,3.72,4.54,13,7,182
2026-01-06T17:18:50+00:00,buy,021,100,Flatbed,Broker,True,True,4.93,2.74,7.07,3.88,4.28,6.2,16,5,28
2026-01-06T17:18:51+00:00,buy,021,100,Flatbed,Broker,False,True,4.49,2.3,6.63,3.44,3.83,5.76,16,5,28
2026-01-06T17:18:52+00:00,sell,021,100,Flatbed,Asset,True,True,5.58,3.4,9.9,5.08,5.56,6.13,239,6,364
2026-01-06T17:18:53+00:00,sell,021,100,Flatbed,Asset,False,True,5.19,3,9.45,4.68,5.14,5.74,239,6,364
2026-01-06T17:18:54+00:00,buy,021,100,Reefer,Broker,True,True,4.57,3.18,5.66,4.13,4.49,5.3,6,5,14
2026-01-06T17:19:13+00:00,buy,021,100,Reefer,Broker,False,True,4.13,2.74,5.22,3.69,4.05,4.86,6,5,14
2026-01-06T17:19:14+00:00,sell,021,100,Reefer,Asset,True,True,0,0,0,0,0,0,0,0,0
2026-01-06T17:19:15+00:00,sell,021,100,Reefer,Asset,False,True,0,0,0,0,0,0,0,0,0
2026-01-06T17:19:17+00:00,buy,100,021,Van,Broker,True,True,4.98,3.88,5.92,4.22,5.02,5.88,11,6,7
2026-01-06T17:19:18+00:00,buy,100,021,Van,Broker,False,True,4.54,3.44,5.48,3.78,4.58,5.44,11,6,7
2026-01-06T17:19:19+00:00,sell,100,021,Van,Asset,True,True,5.52,4.15,6.49,5.18,5.71,5.91,9,5,182
2026-01-06T17:19:21+00:00,sell,100,021,Van,Asset,False,True,5.06,3.69,6.02,4.72,5.24,5.45,9,5,182
2026-01-06T17:19:22+00:00,buy,100,021,Flatbed,Broker,True,True,5.62,3.93,7.14,5.14,5.49,6.16,19,5,28
2026-01-06T17:19:23+00:00,buy,100,021,Flatbed,Broker,False,True,5.17,3.47,6.7,4.69,5.05,5.71,19,5,28
2026-01-06T17:19:24+00:00,sell,100,021,Flatbed,Asset,True,True,0,0,0,0,0,0,0,0,0
2026-01-06T17:19:25+00:00,sell,100,021,Flatbed,Asset,False,True,0,0,0,0,0,0,0,0,0
2026-01-06T17:19:44+00:00,buy,100,021,Reefer,Broker,True,True,5.27,3.43,6.34,5.15,5.43,5.48,12,6,182
2026-01-06T17:20:03+00:00,buy,100,021,Reefer,Broker,False,True,4.81,2.96,5.89,4.68,4.97,5.04,12,6,182
2026-01-06T17:20:04+00:00,sell,100,021,Reefer,Asset,True,True,0,0,0,0,0,0,0,0,0
2026-01-06T17:20:05+00:00,sell,100,021,Reefer,Asset,False,True,0,0,0,0,0,0,0,0,0
2026-01-06T17:20:07+00:00,buy,802,750,Van,Broker,True,True,1.22,1.02,1.43,1.06,1.23,1.36,6,6,14
2026-01-06T17:20:08+00:00,buy,802,750,Van,Broker,False,True,0.78,0.58,0.99,0.62,0.79,0.92,6,6,14
2026-01-06T17:20:09+00:00,sell,802,750,Van,Asset,True,True,1.35,0.99,1.67,1.19,1.35,1.55,5,5,14
2026-01-06T17:20:10+00:00,sell,802,750,Van,Asset,False,True,0.9,0.55,1.14,0.75,0.96,1.11,5,5,14
2026-01-06T17:20:12+00:00,buy,802,750,Flatbed,Broker,True,True,1.44,1.02,1.79,1.26,1.5,1.65,26,12,28
2026-01-06T17:20:13+00:00,buy,802,750,Flatbed,Broker,False,True,0.98,0.56,1.35,0.8,1.04,1.19,26,12,28
2026-01-06T17:20:14+00:00,sell,802,750,Flatbed,Asset,True,True,1.53,1.1,3.45,1.42,1.43,1.44,37,8,91
2026-01-06T17:20:15+00:00,sell,802,750,Flatbed,Asset,False,True,1.16,0.69,2.93,1.08,1.08,1.08,37,8,91
2026-01-06T17:20:16+00:00,buy,802,750,Reefer,Broker,True,True,2.09,1.61,2.68,1.79,2.07,2.45,18,5,14
2026-01-06T17:20:17+00:00,buy,802,750,Reefer,Broker,False,True,1.65,1.15,2.24,1.35,1.63,2.01,18,5,14
2026-01-06T17:20:19+00:00,sell,802,750,Reefer,Asset,True,True,2.14,1.53,2.5,2.01,2.3,2.33,28,5,91
2026-01-06T17:20:20+00:00,sell,802,750,Reefer,Asset,False,True,1.63,1,2,1.55,1.79,1.79,28,5,91
2026-01-06T17:20:21+00:00,buy,750,802,Van,Broker,True,True,3,2.32,5.34,2.46,2.94,3.1,14,8,7
2026-01-06T17:20:23+00:00,buy,750,802,Van,Broker,False,True,2.56,1.88,4.9,2.02,2.5,2.66,14,8,7
2026-01-06T17:20:24+00:00,sell,750,802,Van,Asset,True,True,2.89,1.95,3.52,2.7,2.89,3.17,56,9,7
2026-01-06T17:20:25+00:00,sell,750,802,Van,Asset,False,True,2.49,1.74,3.13,2.3,2.52,2.73,56,9,7
2026-01-06T17:20:26+00:00,buy,750,802,Flatbed,Broker,True,True,3.14,2.08,3.66,2.95,3.27,3.53,7,7,7
2026-01-06T17:20:28+00:00,buy,750,802,Flatbed,Broker,False,True,2.7,1.64,3.22,2.51,2.83,3.09,7,7,7
2026-01-06T17:20:29+00:00,sell,750,802,Flatbed,Asset,True,True,3.98,2.12,5.98,3.65,4.14,4.15,10,5,28
2026-01-06T17:20:30+00:00,sell,750,802,Flatbed,Asset,False,True,3.36,1.65,5.6,2.93,3.46,3.47,10,5,28
2026-01-06T17:20:31+00:00,buy,750,802,Reefer,Broker,True,True,2.26,1.64,5.05,1.64,2.27,2.49,36,6,28
2026-01-06T17:20:32+00:00,buy,750,802,Reefer,Broker,False,True,1.8,1.17,4.61,1.2,1.8,2.04,36,6,28
2026-01-06T17:20:33+00:00,sell,750,802,Reefer,Asset,True,True,2.5,1.96,2.9,2.44,2.55,2.63,33,8,14
2026-01-06T17:20:34+00:00,sell,750,802,Reefer,Asset,False,True,2.07,1.45,2.46,1.95,2.13,2.21,33,8,14
2026-01-06T17:20:36+00:00,buy,802,606,Van,Broker,True,True,1.14,1,2.2,1,1,1.2,117,5,28
2026-01-06T17:20:37+00:00,buy,802,606,Van,Broker,False,True,0.69,0.52,1.74,0.54,0.56,0.74,117,5,28
2026-01-06T17:20:38+00:00,sell,802,606,Van,Asset,True,True,1.22,1,1.61,1,1.19,1.37,10,6,63
2026-01-06T17:21:16+00:00,sell,802,606,Van,Asset,False,True,0.77,0.54,1.16,0.54,0.75,0.92,10,6,63
2026-01-06T17:21:17+00:00,buy,802,606,Flatbed,Broker,True,True,1.75,1.05,3.13,1.49,1.56,1.89,9,5,28
2026-01-06T17:21:18+00:00,buy,802,606,Flatbed,Broker,False,True,1.3,0.61,2.67,1.05,1.12,1.42,9,5,28
2026-01-06T17:21:20+00:00,sell,802,606,Flatbed,Asset,True,True,1.59,1.22,1.88,1.4,1.51,1.88,7,5,182
2026-01-06T17:21:21+00:00,sell,802,606,Flatbed,Asset,False,True,1.15,0.79,1.47,0.94,1.05,1.44,7,5,182
2026-01-06T17:21:22+00:00,buy,802,606,Reefer,Broker,True,True,2.09,1.54,3.28,1.94,2.04,2.06,13,5,28
2026-01-06T17:21:24+00:00,buy,802,606,Reefer,Broker,False,True,1.63,1.07,2.82,1.51,1.58,1.62,13,5,28
2026-01-06T17:21:25+00:00,sell,802,606,Reefer,Asset,True,True,2.08,1.44,2.79,1.79,2.24,2.26,26,9,182
2026-01-06T17:21:26+00:00,sell,802,606,Reefer,Asset,False,True,1.61,0.99,2.25,1.37,1.75,1.75,26,9,182
2026-01-06T17:21:28+00:00,buy,606,802,Van,Broker,True,True,3.21,1.41,4.51,3.02,3.21,3.57,23,11,7
2026-01-06T17:21:29+00:00,buy,606,802,Van,Broker,False,True,2.77,0.97,4.07,2.58,2.77,3.13,23,11,7
2026-01-06T17:21:31+00:00,sell,606,802,Van,Asset,True,True,2.89,2.3,3.66,2.58,2.82,3.21,16,8,63
2026-01-06T17:21:32+00:00,sell,606,802,Van,Asset,False,True,2.44,2,3.33,2.18,2.37,2.67,16,8,63
2026-01-06T17:21:33+00:00,buy,606,802,Flatbed,Broker,True,True,3.23,2.9,3.72,3.1,3.21,3.28,7,5,14
2026-01-06T17:21:34+00:00,buy,606,802,Flatbed,Broker,False,True,2.79,2.46,3.28,2.66,2.77,2.84,7,5,14
2026-01-06T17:21:35+00:00,sell,606,802,Flatbed,Asset,True,True,3.54,2.72,3.73,3.43,3.66,3.66,16,5,182
2026-01-06T17:21:36+00:00,sell,606,802,Flatbed,Asset,False,True,3.15,2.34,3.3,3.06,3.3,3.3,16,5,182
2026-01-06T17:21:38+00:00,buy,606,802,Reefer,Broker,True,True,2.71,2.38,3.58,2.42,2.6,2.79,7,5,7
2026-01-06T17:21:40+00:00,buy,606,802,Reefer,Broker,False,True,2.27,1.94,3.14,1.98,2.16,2.35,7,5,7
2026-01-06T17:21:41+00:00,sell,606,802,Reefer,Asset,True,True,3,2.28,3.27,2.63,3.23,3.25,53,5,91
2026-01-06T17:21:42+00:00,sell,606,802,Reefer,Asset,False,True,2.58,1.75,2.79,2.31,2.79,2.79,53,5,91
2026-01-06T17:21:43+00:00,buy,554,606,Van,Broker,True,True,2.59,1.65,3.8,2.22,2.56,2.88,39,18,7
2026-01-06T17:21:45+00:00,buy,554,606,Van,Broker,False,True,2.15,1.21,3.36,1.78,2.12,2.44,39,18,7
2026-01-06T17:21:46+00:00,sell,554,606,Van,Asset,True,True,2.81,1.94,3.3,2.8,2.95,2.95,15,5,14
2026-01-06T17:21:47+00:00,sell,554,606,Van,Asset,False,True,2.37,1.5,2.86,2.36,2.5,2.5,15,5,14
2026-01-06T17:21:49+00:00,buy,554,606,Flatbed,Broker,True,True,1.74,1.03,2.12,1.6,1.72,1.99,13,6,7
2026-01-06T17:21:50+00:00,buy,554,606,Flatbed,Broker,False,True,1.3,0.59,1.68,1.16,1.28,1.55,13,6,7
2026-01-06T17:21:52+00:00,sell,554,606,Flatbed,Asset,True,True,1.99,1.41,3.1,1.82,1.91,2.02,33,7,63
2026-01-06T17:21:53+00:00,sell,554,606,Flatbed,Asset,False,True,1.53,0.94,2.62,1.37,1.47,1.55,33,7,63
2026-01-06T17:21:54+00:00,buy,554,606,Reefer,Broker,True,True,3.94,3.02,4.41,3.82,4.03,4.25,7,6,7
2026-01-06T17:21:55+00:00,buy,554,606,Reefer,Broker,False,True,3.5,2.58,3.97,3.38,3.59,3.81,7,6,7
2026-01-06T17:21:57+00:00,sell,554,606,Reefer,Asset,True,True,3.42,2.89,4.79,3.05,3.15,3.57,11,5,14
2026-01-06T17:21:58+00:00,sell,554,606,Reefer,Asset,False,True,3.1,2.52,4.35,2.76,2.9,3.22,11,5,14
2026-01-06T17:21:59+00:00,buy,606,554,Van,Broker,True,True,3.24,2.3,3.9,2.77,3.45,3.77,8,6,28
2026-01-06T17:22:00+00:00,buy,606,554,Van,Broker,False,True,2.79,1.84,3.44,2.3,3.01,3.32,8,6,28
2026-01-06T17:22:01+00:00,sell,606,554,Van,Asset,True,True,2.88,2.03,3.92,2.37,2.82,3.47,23,11,7
2026-01-06T17:22:03+00:00,sell,606,554,Van,Asset,False,True,2.47,1.59,3.48,2.06,2.44,3.04,23,11,7
2026-01-06T17:22:05+00:00,buy,606,554,Flatbed,Broker,True,True,3.12,2.74,3.68,2.84,3.06,3.3,5,5,28
2026-01-06T17:22:06+00:00,buy,606,554,Flatbed,Broker,False,True,2.66,2.27,3.21,2.37,2.62,2.83,5,5,28
2026-01-06T17:22:07+00:00,sell,606,554,Flatbed,Asset,True,True,4.49,2.21,5.23,4,5.2,5.2,24,9,63
2026-01-06T17:22:08+00:00,sell,606,554,Flatbed,Asset,False,True,3.99,1.73,4.65,3.59,4.65,4.65,24,9,63
2026-01-06T17:22:09+00:00,buy,606,554,Reefer,Broker,True,True,2.98,2.25,4.1,2.79,2.97,3.11,24,9,7
2026-01-06T17:22:11+00:00,buy,606,554,Reefer,Broker,False,True,2.54,1.81,3.66,2.35,2.53,2.67,24,9,7
2026-01-06T17:22:12+00:00,sell,606,554,Reefer,Asset,True,True,3.39,2.2,4.86,2.42,3.05,4.52,16,7,14
2026-01-06T17:22:13+00:00,sell,606,554,Reefer,Asset,False,True,2.66,1.7,4.41,2.01,2.6,3.21,16,7,14
2026-01-06T17:22:14+00:00,buy,462,606,Van,Broker,True,True,3.65,2.34,5.65,3.08,3.53,3.95,15,7,28
2026-01-06T17:22:15+00:00,buy,462,606,Van,Broker,False,True,3.18,1.88,5.19,2.62,3.06,3.48,15,7,28
2026-01-06T17:22:17+00:00,sell,462,606,Van,Asset,True,True,3.53,1.78,5,2.9,3.3,4.09,15,9,7
2026-01-06T17:22:18+00:00,sell,462,606,Van,Asset,False,True,3.05,1.29,4.47,2.46,2.87,3.67,15,9,7
2026-01-06T17:22:19+00:00,buy,462,606,Flatbed,Broker,True,True,5.68,2.43,8.43,3.56,4.94,8.43,7,5,7
2026-01-06T17:22:20+00:00,buy,462,606,Flatbed,Broker,False,True,5.24,1.99,7.99,3.12,4.5,7.99,7,5,7
2026-01-06T17:22:21+00:00,sell,462,606,Flatbed,Asset,True,True,3.85,2.66,7.48,2.84,3.05,4.92,78,6,28
2026-01-06T17:22:22+00:00,sell,462,606,Flatbed,Asset,False,True,3.17,2.27,5.99,2.43,2.63,3.9,78,6,28
2026-01-06T17:22:23+00:00,buy,462,606,Reefer,Broker,True,True,4.77,3.16,6.56,3.99,4.71,5.42,18,7,14
2026-01-06T17:22:25+00:00,buy,462,606,Reefer,Broker,False,True,4.33,2.72,6.12,3.55,4.27,4.98,18,7,14
2026-01-06T17:22:43+00:00,sell,462,606,Reefer,Asset,True,True,5.09,3.1,7.32,3.99,5.01,6.1,7,6,63
2026-01-06T17:22:44+00:00,sell,462,606,Reefer,Asset,False,True,4.65,2.67,6.89,3.55,4.6,5.65,7,6,63
2026-01-06T17:22:45+00:00,buy,606,462,Van,Broker,True,True,4.58,2.23,6.51,4.28,4.52,5.36,52,27,7
2026-01-06T17:22:46+00:00,buy,606,462,Van,Broker,False,True,4.14,1.79,6.07,3.84,4.08,4.92,52,27,7
2026-01-06T17:22:48+00:00,sell,606,462,Van,Asset,True,True,3.58,2.63,5.05,2.63,3.6,4.3,9,5,7
2026-01-06T17:22:49+00:00,sell,606,462,Van,Asset,False,True,3.12,2.19,4.61,2.19,3.08,3.86,9,5,7
2026-01-06T17:22:50+00:00,buy,606,462,Flatbed,Broker,True,True,3.77,2.69,4.39,3.13,4.29,4.34,5,5,7
2026-01-06T17:22:51+00:00,buy,606,462,Flatbed,Broker,False,True,3.33,2.25,3.95,2.69,3.85,3.9,5,5,7
2026-01-06T17:23:10+00:00,sell,606,462,Flatbed,Asset,True,True,4.48,2.76,6.67,4.31,4.68,4.83,24,8,63
2026-01-06T17:23:11+00:00,sell,606,462,Flatbed,Asset,False,True,3.93,2.21,5.3,3.53,4.26,4.37,24,8,63
2026-01-06T17:23:13+00:00,buy,606,462,Reefer,Broker,True,True,5.69,4.44,8.08,4.67,5.48,6.5,18,7,7
2026-01-06T17:23:14+00:00,buy,606,462,Reefer,Broker,False,True,5.25,4,7.64,4.23,5.04,6.06,18,7,7
2026-01-06T17:23:15+00:00,sell,606,462,Reefer,Asset,True,True,5.94,4.62,7.93,5.32,5.67,6.51,8,5,28
2026-01-06T17:23:17+00:00,sell,606,462,Reefer,Asset,False,True,5.48,4.15,7.49,4.82,5.22,6.07,8,5,28
2026-01-06T17:23:18+00:00,buy,282,303,Van,Broker,True,True,3.4,2.41,4.37,3.21,3.27,3.75,5,5,14
2026-01-06T17:23:19+00:00,buy,282,303,Van,Broker,False,True,2.96,1.97,3.93,2.77,2.83,3.31,5,5,14
2026-01-06T17:23:26+00:00,sell,282,303,Van,Asset,True,True,3.45,1.76,7.45,2.87,3.21,3.65,65,19,7
2026-01-06T17:23:27+00:00,sell,282,303,Van,Asset,False,True,2.95,1.32,6.29,2.37,2.77,3.05,65,19,7
2026-01-06T17:23:29+00:00,buy,282,303,Flatbed,Broker,True,True,3.19,1.93,5.44,2.43,3.15,3.5,23,10,7
2026-01-06T17:23:30+00:00,buy,282,303,Flatbed,Broker,False,True,2.75,1.49,5,1.99,2.71,3.06,23,10,7
2026-01-06T17:23:31+00:00,sell,282,303,Flatbed,Asset,True,True,4.28,2.47,5.82,3.21,4.29,5.54,26,11,7
2026-01-06T17:23:32+00:00,sell,282,303,Flatbed,Asset,False,True,3.72,2.07,5.15,2.77,3.76,4.9,26,11,7
2026-01-06T17:23:34+00:00,buy,282,303,Reefer,Broker,True,True,3.84,2.54,6.76,3.08,3.73,4.5,59,11,7
2026-01-06T17:23:35+00:00,buy,282,303,Reefer,Broker,False,True,3.4,2.1,6.32,2.64,3.29,4.06,59,11,7
2026-01-06T17:23:36+00:00,sell,282,303,Reefer,Asset,True,True,4.85,2.48,6.94,4.38,4.66,5.5,52,7,7
2026-01-06T17:23:37+00:00,sell,282,303,Reefer,Asset,False,True,4.3,2.04,6.51,3.73,4.03,5.06,52,7,7
2026-01-06T17:23:38+00:00,buy,303,282,Van,Broker,True,True,3.11,2.81,4.1,2.92,2.97,3.18,16,5,14
2026-01-06T17:23:39+00:00,buy,303,282,Van,Broker,False,True,2.67,2.37,3.66,2.48,2.53,2.74,16,5,14
2026-01-06T17:23:40+00:00,sell,303,282,Van,Asset,True,True,3.22,2.01,5.65,2.58,2.88,3.4,53,17,7
2026-01-06T17:23:41+00:00,sell,303,282,Van,Asset,False,True,2.78,1.57,5.21,2.14,2.44,3.01,53,17,7
2026-01-06T17:23:42+00:00,buy,303,282,Flatbed,Broker,True,True,3.57,2.28,6.5,2.46,3.44,4.43,25,14,7
2026-01-06T17:23:44+00:00,buy,303,282,Flatbed,Broker,False,True,3.14,1.84,6.06,2.02,3,4.01,25,14,7
2026-01-06T17:23:45+00:00,sell,303,282,Flatbed,Asset,True,True,4.2,2.81,5.54,3.6,4.22,4.41,17,9,7
2026-01-06T17:23:47+00:00,sell,303,282,Flatbed,Asset,False,True,3.73,2.37,5.1,3.1,3.69,4.02,17,9,7
2026-01-06T17:24:05+00:00,buy,303,282,Reefer,Broker,True,True,4.46,3.32,5.9,3.84,4.38,4.86,33,13,7
2026-01-06T17:24:06+00:00,buy,303,282,Reefer,Broker,False,True,4.02,2.88,5.46,3.4,3.94,4.42,33,13,7
2026-01-06T17:24:07+00:00,sell,303,282,Reefer,Asset,True,True,4.58,2.75,7.45,3.77,4.19,5.77,26,8,7
2026-01-06T17:24:08+00:00,sell,303,282,Reefer,Asset,False,True,4.07,2.34,6.86,3.34,3.68,5.2,26,8,7
2026-01-06T17:24:10+00:00,buy,641,750,Van,Broker,True,True,2.18,0.63,3.09,2.08,2.28,2.53,9,7,28
2026-01-06T17:24:11+00:00,buy,641,750,Van,Broker,False,True,1.76,0.53,2.63,1.61,1.84,2.09,9,7,28
2026-01-06T17:24:12+00:00,sell,641,750,Van,Asset,True,True,2.46,1.64,4.05,2.02,2.49,2.68,34,12,7
2026-01-06T17:24:13+00:00,sell,641,750,Van,Asset,False,True,2.02,1.19,3.61,1.67,2.03,2.22,34,12,7
2026-01-06T17:24:15+00:00,buy,641,750,Flatbed,Broker,True,True,2.71,2.18,3.07,2.4,2.89,2.89,20,5,14
2026-01-06T17:24:16+00:00,buy,641,750,Flatbed,Broker,False,True,2.27,1.74,2.63,1.96,2.45,2.45,20,5,14
2026-01-06T17:24:17+00:00,sell,641,750,Flatbed,Asset,True,True,2.81,2,4.03,2.58,2.89,2.89,34,9,28
2026-01-06T17:24:18+00:00,sell,641,750,Flatbed,Asset,False,True,2.35,1.61,3.36,2.16,2.43,2.45,34,9,28
2026-01-06T17:24:19+00:00,buy,641,750,Reefer,Broker,True,True,4.32,2.9,5.91,3.66,4.44,4.84,9,5,7
2026-01-06T17:24:20+00:00,buy,641,750,Reefer,Broker,False,True,3.88,2.46,5.47,3.22,4,4.4,9,5,7
2026-01-06T17:24:22+00:00,sell,641,750,Reefer,Asset,True,True,3.26,2.27,3.77,3.08,3.28,3.62,22,8,28
2026-01-06T17:24:23+00:00,sell,641,750,Reefer,Asset,False,True,2.84,2.11,3.45,2.68,2.88,3.08,22,8,28
2026-01-06T17:24:24+00:00,buy,750,641,Van,Broker,True,True,2.01,1.9,2.1,1.95,2.02,2.1,6,5,7
2026-01-06T17:24:26+00:00,buy,750,641,Van,Broker,False,True,1.57,1.46,1.66,1.51,1.58,1.66,6,5,7
2026-01-06T17:24:27+00:00,sell,750,641,Van,Asset,True,True,2.14,1.77,2.69,1.93,2.09,2.33,55,11,7
2026-01-06T17:24:29+00:00,sell,750,641,Van,Asset,False,True,1.73,1.21,2.25,1.51,1.62,1.96,55,11,7
2026-01-06T17:24:30+00:00,buy,750,641,Flatbed,Broker,True,True,2.97,1.86,7.25,2.41,2.61,2.83,44,11,14
2026-01-06T17:24:31+00:00,buy,750,641,Flatbed,Broker,False,True,2.53,1.42,6.81,1.97,2.17,2.39,44,11,14
2026-01-06T17:24:32+00:00,sell,750,641,Flatbed,Asset,True,True,2.82,2.17,3.62,2.55,2.89,3.12,10,6,28
2026-01-06T17:24:33+00:00,sell,750,641,Flatbed,Asset,False,True,2.43,1.72,3.29,2.07,2.57,2.75,10,6,28
2026-01-06T17:24:35+00:00,buy,750,641,Reefer,Broker,True,True,2.42,1.68,3.4,2,2.36,2.89,16,5,7
2026-01-06T17:24:36+00:00,buy,750,641,Reefer,Broker,False,True,1.97,1.24,2.96,1.56,1.92,2.45,16,5,7
2026-01-06T17:24:37+00:00,sell,750,641,Reefer,Asset,True,True,1.94,1.65,2.25,1.81,1.92,2.1,10,7,7
2026-01-06T17:24:49+00:00,sell,750,641,Reefer,Asset,False,True,1.51,1.26,1.79,1.33,1.51,1.66,10,7,7
2026-01-06T17:24:50+00:00,buy,432,303,Van,Broker,True,True,3.3,1.65,4.51,3.11,3.37,3.39,67,19,7
2026-01-06T17:24:52+00:00,buy,432,303,Van,Broker,False,True,2.86,1.21,4.07,2.67,2.93,2.95,67,19,7
2026-01-06T17:24:53+00:00,sell,432,303,Van,Asset,True,True,2.67,2.06,3.65,2.4,2.64,2.71,26,11,7
2026-01-06T17:24:54+00:00,sell,432,303,Van,Asset,False,True,2.26,1.62,3.21,2.06,2.22,2.26,26,11,7
2026-01-06T17:24:55+00:00,buy,432,303,Flatbed,Broker,True,True,2.75,2.23,3.55,2.48,2.64,2.96,7,6,7
2026-01-06T17:24:56+00:00,buy,432,303,Flatbed,Broker,False,True,2.31,1.79,3.11,2.04,2.2,2.52,7,6,7
2026-01-06T17:24:57+00:00,sell,432,303,Flatbed,Asset,True,True,3.04,2.43,3.44,2.73,3.23,3.36,7,5,14
2026-01-06T17:24:59+00:00,sell,432,303,Flatbed,Asset,False,True,2.54,1.91,2.88,2.27,2.72,2.86,7,5,14
2026-01-06T17:25:00+00:00,buy,432,303,Reefer,Broker,True,True,4.31,3.28,5.62,4.03,4.29,4.69,11,5,14
2026-01-06T17:25:01+00:00,buy,432,303,Reefer,Broker,False,True,3.87,2.84,5.18,3.59,3.85,4.25,11,5,14
2026-01-06T17:25:02+00:00,sell,432,303,Reefer,Asset,True,True,3.37,2.66,3.73,3.38,3.4,3.52,7,5,7
2026-01-06T17:25:03+00:00,sell,432,303,Reefer,Asset,False,True,2.88,2.12,3.3,2.9,2.9,3.04,7,5,7
2026-01-06T17:25:04+00:00,buy,303,432,Van,Broker,True,True,1.96,1.42,2.73,1.69,1.98,2.27,42,17,7
2026-01-06T17:25:06+00:00,buy,303,432,Van,Broker,False,True,1.52,0.98,2.29,1.25,1.54,1.83,42,17,7
2026-01-06T17:25:07+00:00,sell,303,432,Van,Asset,True,True,2.3,1.44,3.46,1.74,2.01,2.89,29,10,7
2026-01-06T17:25:08+00:00,sell,303,432,Van,Asset,False,True,1.88,1,3.02,1.27,1.67,2.49,29,10,7
2026-01-06T17:25:09+00:00,buy,303,432,Flatbed,Broker,True,True,2.6,1.94,3.14,2.37,2.53,2.94,7,6,14
2026-01-06T17:25:11+00:00,buy,303,432,Flatbed,Broker,False,True,2.16,1.5,2.7,1.93,2.09,2.5,7,6,14
2026-01-06T17:25:12+00:00,sell,303,432,Flatbed,Asset,True,True,2.85,2.15,3.36,2.58,2.86,3.17,13,8,28
2026-01-06T17:25:13+00:00,sell,303,432,Flatbed,Asset,False,True,2.44,1.85,3.1,2.23,2.4,2.7,13,8,28
2026-01-06T17:25:15+00:00,buy,303,432,Reefer,Broker,True,True,2.72,1.93,3.51,2.3,2.62,3.27,30,10,7
2026-01-06T17:25:16+00:00,buy,303,432,Reefer,Broker,False,True,2.3,1.49,3.18,1.86,2.23,2.87,30,10,7
2026-01-06T17:25:17+00:00,sell,303,432,Reefer,Asset,True,True,2.48,2.03,4.02,2.13,2.36,2.62,22,9,7
2026-01-06T17:25:18+00:00,sell,303,432,Reefer,Asset,False,True,2.06,1.61,3.61,1.75,1.92,2.18,22,9,7
2026-01-06T17:25:19+00:00,buy,212,100,Van,Broker,True,True,5.52,2.95,7.8,5.37,5.58,5.64,29,6,7
2026-01-06T17:25:20+00:00,buy,212,100,Van,Broker,False,True,5.08,2.51,7.36,4.93,5.14,5.2,29,6,7
2026-01-06T17:25:22+00:00,sell,212,100,Van,Asset,True,True,5.39,3.52,8.25,4.82,5.5,5.92,32,6,182
2026-01-06T17:25:23+00:00,sell,212,100,Van,Asset,False,True,5.02,3.07,7.79,4.52,5.19,5.47,32,6,182
2026-01-06T17:25:25+00:00,buy,212,100,Flatbed,Broker,True,True,5.72,5.18,7.01,5.18,5.41,6.27,10,5,14
2026-01-06T17:25:26+00:00,buy,212,100,Flatbed,Broker,False,True,5.28,4.74,6.57,4.74,4.97,5.83,10,5,14
2026-01-06T17:25:27+00:00,sell,212,100,Flatbed,Asset,True,True,6.42,3.65,9.09,5.92,5.93,6.65,27,5,91
2026-01-06T17:25:28+00:00,sell,212,100,Flatbed,Asset,False,True,5.83,3.45,8.07,5.45,5.49,5.88,27,5,91
2026-01-06T17:26:29+00:00,buy,212,100,Reefer,Broker,True,True,6.4,4.53,8.28,5.69,5.69,7.61,15,6,28
2026-01-06T17:26:30+00:00,buy,212,100,Reefer,Broker,False,True,5.94,4.06,7.84,5.23,5.25,7.14,15,6,28
2026-01-06T17:26:31+00:00,sell,212,100,Reefer,Asset,True,True,0,0,0,0,0,0,0,0,0
2026-01-06T17:26:33+00:00,sell,212,100,Reefer,Asset,False,True,0,0,0,0,0,0,0,0,0
2026-01-06T17:26:34+00:00,buy,100,212,Van,Broker,True,True,5.23,3.98,7.84,4.22,4.65,6.27,10,6,14
2026-01-06T17:26:35+00:00,buy,100,212,Van,Broker,False,True,4.79,3.54,7.4,3.78,4.2,5.83,10,6,14
2026-01-06T17:26:37+00:00,sell,100,212,Van,Asset,True,True,4.05,2.81,5.4,3.74,3.97,4.34,20,9,364
2026-01-06T17:26:38+00:00,sell,100,212,Van,Asset,False,True,3.62,2.39,4.95,3.32,3.56,3.91,20,9,364
2026-01-06T17:26:39+00:00,buy,100,212,Flatbed,Broker,True,True,3.98,1.84,5.08,3.47,4.46,4.76,7,6,63
2026-01-06T17:26:40+00:00,buy,100,212,Flatbed,Broker,False,True,3.51,1.37,4.62,2.99,3.98,4.31,7,6,63
2026-01-06T17:26:41+00:00,sell,100,212,Flatbed,Asset,True,True,5.08,2.08,9.66,5.12,5.12,5.12,33,6,182
2026-01-06T17:26:43+00:00,sell,100,212,Flatbed,Asset,False,True,4.64,1.6,9.22,4.65,4.66,4.68,33,6,182
2026-01-06T17:26:44+00:00,buy,100,212,Reefer,Broker,True,True,5.39,4.57,8.7,4.98,4.98,5.59,23,6,63
2026-01-06T17:26:46+00:00,buy,100,212,Reefer,Broker,False,True,4.93,4.11,8.24,4.51,4.54,5.14,23,6,63
2026-01-06T17:26:47+00:00,sell,100,212,Reefer,Asset,True,True,0,0,0,0,0,0,0,0,0
2026-01-06T17:26:48+00:00,sell,100,212,Reefer,Asset,False,True,0,0,0,0,0,0,0,0,0
2026-01-06T17:26:49+00:00,buy,972,981,Van,Broker,True,True,3.35,2.05,6.38,3.2,3.2,3.37,37,9,7
2026-01-06T17:26:50+00:00,buy,972,981,Van,Broker,False,True,2.91,1.61,5.94,2.76,2.76,2.93,37,9,7
2026-01-06T17:26:51+00:00,sell,972,981,Van,Asset,True,True,3.99,2.25,7.17,3.11,3.75,4.47,113,5,14
2026-01-06T17:26:53+00:00,sell,972,981,Van,Asset,False,True,3.46,1.81,6.36,2.73,3.11,3.7,113,5,14
2026-01-06T17:26:54+00:00,buy,972,981,Flatbed,Broker,True,True,4.3,2.54,5.44,3.4,4.82,5.14,11,5,7
2026-01-06T17:26:55+00:00,buy,972,981,Flatbed,Broker,False,True,3.86,2.1,5.02,2.96,4.41,4.72,11,5,7
2026-01-06T17:26:56+00:00,sell,972,981,Flatbed,Asset,True,True,2.83,2.4,7.98,2.42,2.44,2.45,164,5,364
2026-01-06T17:26:58+00:00,sell,972,981,Flatbed,Asset,False,True,2.38,2.02,6.97,2.02,2.02,2.02,164,5,364
2026-01-06T17:26:59+00:00,buy,972,981,Reefer,Broker,True,True,5.02,3.94,6.21,4.5,5.22,5.38,7,5,7
2026-01-06T17:27:00+00:00,buy,972,981,Reefer,Broker,False,True,4.58,3.5,5.77,4.06,4.78,4.94,7,5,7
2026-01-06T17:27:02+00:00,sell,972,981,Reefer,Asset,True,True,5.76,2.97,6.8,4.83,6.17,6.46,53,7,182
2026-01-06T17:27:03+00:00,sell,972,981,Reefer,Asset,False,True,5.26,2.51,6.34,4.36,5.64,6.03,53,7,182
2026-01-06T17:27:05+00:00,buy,981,972,Van,Broker,True,True,4.31,2.58,6.71,3.65,4,5,99,19,7
2026-01-06T17:27:06+00:00,buy,981,972,Van,Broker,False,True,3.87,2.14,6.27,3.21,3.56,4.56,99,19,7
2026-01-06T17:27:07+00:00,sell,981,972,Van,Asset,True,True,4.62,2.61,7.88,3.73,4.71,5.22,152,5,14
2026-01-06T17:27:25+00:00,sell,981,972,Van,Asset,False,True,3.98,2.17,6.91,3.19,3.76,4.87,152,5,14
2026-01-06T17:27:26+00:00,buy,981,972,Flatbed,Broker,True,True,4.68,3.06,6.1,4.05,4.14,5.87,11,5,7
2026-01-06T17:27:27+00:00,buy,981,972,Flatbed,Broker,False,True,4.24,2.62,5.66,3.61,3.7,5.43,11,5,7
2026-01-06T17:27:28+00:00,sell,981,972,Flatbed,Asset,True,True,2.75,2.12,6.34,2.45,2.45,2.46,107,6,182
2026-01-06T17:27:29+00:00,sell,981,972,Flatbed,Asset,False,True,2.3,1.63,5.21,2.02,2.02,2.02,107,6,182
2026-01-06T17:27:47+00:00,buy,981,972,Reefer,Broker,True,True,4.29,3.29,6.67,3.85,4.07,4.5,10,5,14
2026-01-06T17:27:49+00:00,buy,981,972,Reefer,Broker,False,True,3.85,2.85,6.23,3.41,3.63,4.06,10,5,14
2026-01-06T17:27:50+00:00,sell,981,972,Reefer,Asset,True,True,4.36,2.73,7.36,3.46,3.73,4.65,8,6,182
2026-01-06T17:27:52+00:00,sell,981,972,Reefer,Asset,False,True,3.85,2.19,6.88,2.9,3.2,4.19,8,6,182
2026-01-06T17:27:53+00:00,buy,372,303,Van,Broker,True,True,3.82,2.67,6.1,3.29,3.77,4.21,42,17,7
2026-01-06T17:27:54+00:00,buy,372,303,Van,Broker,False,True,3.38,2.23,5.66,2.85,3.33,3.77,42,17,7
2026-01-06T17:27:55+00:00,sell,372,303,Van,Asset,True,True,3.68,2.2,5.56,3.21,3.63,4.01,29,9,7
2026-01-06T17:27:56+00:00,sell,372,303,Van,Asset,False,True,3.3,1.76,5.33,2.95,3.25,3.58,29,9,7
2026-01-06T17:27:58+00:00,buy,372,303,Flatbed,Broker,True,True,3.52,2.69,4.93,3.14,3.26,3.52,10,7,7
2026-01-06T17:27:59+00:00,buy,372,303,Flatbed,Broker,False,True,3.08,2.25,4.49,2.7,2.82,3.08,10,7,7
2026-01-06T17:28:00+00:00,sell,372,303,Flatbed,Asset,True,True,3.42,2.94,4.39,3.08,3.38,3.51,12,9,7
2026-01-06T17:28:01+00:00,sell,372,303,Flatbed,Asset,False,True,3.07,2.7,3.95,2.73,2.99,3.17,12,9,7
2026-01-06T17:28:03+00:00,buy,372,303,Reefer,Broker,True,True,4.58,3.26,7.6,4.13,4.2,4.52,21,9,7
2026-01-06T17:28:04+00:00,buy,372,303,Reefer,Broker,False,True,4.14,2.82,7.16,3.69,3.8,4.08,21,9,7
2026-01-06T17:28:05+00:00,sell,372,303,Reefer,Asset,True,True,4.37,3.51,5.47,4.13,4.24,4.75,20,6,28
2026-01-06T17:28:06+00:00,sell,372,303,Reefer,Asset,False,True,3.91,2.98,4.57,3.73,3.79,4.3,20,6,28
2026-01-06T17:28:07+00:00,buy,303,372,Van,Broker,True,True,3.2,2.14,4.53,2.8,3.3,3.48,44,19,7
2026-01-06T17:28:09+00:00,buy,303,372,Van,Broker,False,True,2.76,1.7,4.09,2.36,2.86,3.04,44,19,7
2026-01-06T17:28:10+00:00,sell,303,372,Van,Asset,True,True,2.87,1.94,4.56,2.48,2.62,3.16,44,16,7
2026-01-06T17:28:11+00:00,sell,303,372,Van,Asset,False,True,2.5,1.5,4.12,2.22,2.36,2.69,44,16,7
2026-01-06T17:28:12+00:00,buy,303,372,Flatbed,Broker,True,True,3.6,2.31,4.69,3.65,3.85,3.85,45,9,7
2026-01-06T17:28:13+00:00,buy,303,372,Flatbed,Broker,False,True,3.18,1.87,4.25,3.21,3.41,3.41,45,9,7
2026-01-06T17:28:14+00:00,sell,303,372,Flatbed,Asset,True,True,3.63,2.75,5.04,3.15,3.56,3.84,14,9,7
2026-01-06T17:28:16+00:00,sell,303,372,Flatbed,Asset,False,True,3.13,2.31,4.6,2.67,3.07,3.31,14,9,7
2026-01-06T17:28:17+00:00,buy,303,372,Reefer,Broker,True,True,3.63,2.25,5.6,3.07,3.52,3.79,21,12,7
2026-01-06T17:28:19+00:00,buy,303,372,Reefer,Broker,False,True,3.19,1.81,5.16,2.63,3.06,3.35,21,12,7
2026-01-06T17:28:20+00:00,sell,303,372,Reefer,Asset,True,True,3.81,3.05,4.74,3.4,3.88,4.21,24,8,28
2026-01-06T17:28:21+00:00,sell,303,372,Reefer,Asset,False,True,3.33,2.62,4.34,2.92,3.45,3.68,24,8,28
2026-01-06T17:28:22+00:00,buy,441,606,Van,Broker,True,True,2.59,0.86,6.49,2.25,2.36,2.79,48,21,7
2026-01-06T17:28:24+00:00,buy,441,606,Van,Broker,False,True,2.15,0.67,6.05,1.81,1.92,2.35,48,21,7
2026-01-06T17:28:25+00:00,sell,441,606,Van,Asset,True,True,4.49,1.85,5.23,4.2,5.23,5.23,27,7,7
2026-01-06T17:28:26+00:00,sell,441,606,Van,Asset,False,True,3.79,1.41,4.43,3.59,4.43,4.43,27,7,7
2026-01-06T17:28:44+00:00,buy,441,606,Flatbed,Broker,True,True,3.01,2.42,3.97,2.79,3.01,3.17,15,10,7
2026-01-06T17:28:46+00:00,buy,441,606,Flatbed,Broker,False,True,2.57,1.98,3.53,2.35,2.57,2.74,15,10,7
2026-01-06T17:28:47+00:00,sell,441,606,Flatbed,Asset,True,True,3.16,2.66,4.07,2.79,2.99,3.42,10,6,7
2026-01-06T17:28:48+00:00,sell,441,606,Flatbed,Asset,False,True,2.69,2.2,3.65,2.28,2.56,2.95,10,6,7
2026-01-06T17:28:50+00:00,buy,441,606,Reefer,Broker,True,True,2.11,1.84,3.37,1.91,1.97,2,47,7,28
2026-01-06T17:28:51+00:00,buy,441,606,Reefer,Broker,False,True,1.66,1.37,2.91,1.47,1.53,1.56,47,7,28
2026-01-06T17:28:52+00:00,sell,441,606,Reefer,Asset,True,True,2.16,1.55,2.66,2.06,2.13,2.34,10,7,91
2026-01-06T17:28:53+00:00,sell,441,606,Reefer,Asset,False,True,1.75,1.09,2.19,1.66,1.73,1.96,10,7,91
2026-01-06T17:28:55+00:00,buy,606,441,Van,Broker,True,True,3.96,3.18,4.53,3.58,4.02,4.44,6,5,14
2026-01-06T17:28:56+00:00,buy,606,441,Van,Broker,False,True,3.52,2.74,4.09,3.14,3.58,4,6,5,14
2026-01-06T17:28:57+00:00,sell,606,441,Van,Asset,True,True,3.22,2.49,4.87,2.99,3.16,3.17,29,6,14
2026-01-06T17:28:59+00:00,sell,606,441,Van,Asset,False,True,2.81,2.05,4.43,2.55,2.78,2.78,29,6,14
2026-01-06T17:29:00+00:00,buy,606,441,Flatbed,Broker,True,True,3.44,2.18,4.69,2.98,3.3,3.83,14,10,14
2026-01-06T17:29:01+00:00,buy,606,441,Flatbed,Broker,False,True,3,1.74,4.25,2.54,2.86,3.39,14,10,14
2026-01-06T17:29:20+00:00,sell,606,441,Flatbed,Asset,True,True,3.7,2.61,4.87,2.72,3.63,4.69,6,5,7
2026-01-06T17:29:21+00:00,sell,606,441,Flatbed,Asset,False,True,3.04,2.17,3.95,2.33,3.05,3.7,6,5,7
2026-01-06T17:29:22+00:00,buy,606,441,Reefer,Broker,True,True,4.63,3.57,6.2,3.84,4.27,5.45,10,7,7
2026-01-06T17:29:24+00:00,buy,606,441,Reefer,Broker,False,True,4.19,3.13,5.76,3.4,3.83,5.01,10,7,7
2026-01-06T17:29:25+00:00,sell,606,441,Reefer,Asset,True,True,3.64,2.57,5.39,3.27,3.54,4.02,11,6,63
2026-01-06T17:29:27+00:00,sell,606,441,Reefer,Asset,False,True,3.2,2.27,4.92,2.81,3.08,3.48,11,6,63
2026-01-06T17:29:28+00:00,buy,336,331,Van,Broker,True,True,2.84,2.16,3.53,2.42,2.75,3.25,14,5,7
2026-01-06T17:29:29+00:00,buy,336,331,Van,Broker,False,True,2.4,1.72,3.09,1.98,2.31,2.81,14,5,7
2026-01-06T17:29:31+00:00,sell,336,331,Van,Asset,True,True,3.75,2.45,5.25,2.88,3.12,5.25,173,8,7
2026-01-06T17:29:32+00:00,sell,336,331,Van,Asset,False,True,3.32,2.01,4.81,2.44,2.68,4.81,173,8,7
2026-01-06T17:29:34+00:00,buy,336,331,Flatbed,Broker,True,True,4.06,2.02,6.94,3.23,3.89,4.87,209,25,7
2026-01-06T17:29:35+00:00,buy,336,331,Flatbed,Broker,False,True,3.59,1.58,6.5,2.79,3.43,4.39,209,25,7
2026-01-06T17:29:36+00:00,sell,336,331,Flatbed,Asset,True,True,4.65,2.49,7.23,4.43,4.64,4.82,55,7,7
2026-01-06T17:29:38+00:00,sell,336,331,Flatbed,Asset,False,True,4.22,2.05,6.7,3.99,4.2,4.42,55,7,7
2026-01-06T17:29:39+00:00,buy,336,331,Reefer,Broker,True,True,3.73,2.86,4.98,3.31,3.61,4.11,45,11,7
2026-01-06T17:29:40+00:00,buy,336,331,Reefer,Broker,False,True,3.29,2.42,4.54,2.87,3.17,3.67,45,11,7
2026-01-06T17:29:41+00:00,sell,336,331,Reefer,Asset,True,True,4.38,3,6.34,4.27,4.28,4.65,133,5,14
2026-01-06T17:29:42+00:00,sell,336,331,Reefer,Asset,False,True,3.95,2.62,5.9,3.88,3.88,4.19,133,5,14
2026-01-06T17:29:44+00:00,buy,331,336,Van,Broker,True,True,2,1.62,2.6,1.82,2.08,2.12,26,6,7
2026-01-06T17:29:45+00:00,buy,331,336,Van,Broker,False,True,1.56,1.18,2.16,1.38,1.64,1.68,26,6,7
2026-01-06T17:29:46+00:00,sell,331,336,Van,Asset,True,True,2.97,1.52,4.01,2.39,3.28,3.51,56,8,7
2026-01-06T17:29:47+00:00,sell,331,336,Van,Asset,False,True,2.55,1.08,3.57,1.95,2.84,3.11,56,8,7
2026-01-06T17:29:48+00:00,buy,331,336,Flatbed,Broker,True,True,2.85,1.7,5.81,2.14,2.27,3.08,86,20,7
2026-01-06T17:29:50+00:00,buy,331,336,Flatbed,Broker,False,True,2.41,1.26,5.37,1.7,1.83,2.64,86,20,7
2026-01-06T17:29:51+00:00,sell,331,336,Flatbed,Asset,True,True,3.01,2.34,3.68,2.69,3.11,3.33,12,5,91
2026-01-06T17:29:52+00:00,sell,331,336,Flatbed,Asset,False,True,2.52,1.83,3.22,2.21,2.66,2.79,12,5,91
2026-01-06T17:29:53+00:00,buy,331,336,Reefer,Broker,True,True,3.99,2.22,5.95,3.35,3.96,4.86,40,13,7
2026-01-06T17:29:55+00:00,buy,331,336,Reefer,Broker,False,True,3.55,1.78,5.51,2.91,3.52,4.42,40,13,7
2026-01-06T17:29:56+00:00,sell,331,336,Reefer,Asset,True,True,4.06,2.88,6.76,3.14,3.84,4.65,92,5,14
2026-01-06T17:29:57+00:00,sell,331,336,Reefer,Asset,False,True,3.6,2.47,6.14,2.72,3.44,4.27,92,5,14
